term,term_desc,class,crn,title,building_code,building,official_map_name,room,schedule_days,start_time,end_time,enrolled_students,latitude,longitude,location_scope,coordinate_validation_status,coordinate_notes
202620,Spring 2026,DSGN 390 0,22749,Marketing for Designers,AA,Art Annex,Art Annex,254,MonWed,09:00,10:20,24,48.73589000151795,-122.48516378700403,main_campus,matched,
202620,Spring 2026,DSGN 372 0,22393,Digital Design 2,AA,Art Annex,Art Annex,254,MonWed,11:00,13:50,21,48.73589000151795,-122.48516378700403,main_campus,matched,
202620,Spring 2026,DSGN 372 0,22394,Digital Design 2,AA,Art Annex,Art Annex,254,MonWed,14:00,16:50,16,48.73589000151795,-122.48516378700403,main_campus,matched,
202620,Spring 2026,ART 230 0,22081,Form and Space,AA,Art Annex,Art Annex,152,TueThu,09:00,11:40,18,48.73589000151795,-122.48516378700403,main_campus,matched,
202620,Spring 2026,ART 341 0,23962,Ceramics II,AA,Art Annex,Art Annex,052,TueThu,09:00,11:40,18,48.73589000151795,-122.48516378700403,main_campus,matched,
202620,Spring 2026,DSGN 486 0,22868,Portfolio,AA,Art Annex,Art Annex,251,TueThu,11:00,13:50,19,48.73589000151795,-122.48516378700403,main_campus,matched,
202620,Spring 2026,ART 331 0,22114,Sculpture-Wood,AA,Art Annex,Art Annex,152,TueThu,12:10,14:50,18,48.73589000151795,-122.48516378700403,main_campus,matched,
202620,Spring 2026,ART 342 01,21301,Ceramics III,AA,Art Annex,Art Annex,052,TueThu,12:10,14:50,16,48.73589000151795,-122.48516378700403,main_campus,matched,
202620,Spring 2026,DSGN 486 0,22869,Portfolio,AA,Art Annex,Art Annex,251,TueThu,14:00,16:50,18,48.73589000151795,-122.48516378700403,main_campus,matched,
202620,Spring 2026,DSGN 483 0,22750,Realities of Brand,AA,Art Annex,Art Annex,251,TueThu,17:00,19:50,18,48.73589000151795,-122.48516378700403,main_campus,matched,
202620,Spring 2026,DSGN 483 0,22751,Environmental Graphic Design,AA,Art Annex,Art Annex,254,TueThu,17:00,19:50,18,48.73589000151795,-122.48516378700403,main_campus,matched,
202620,Spring 2026,ANTH 215 06,22815,Introductory Biological Anthropology,AH,Arntzen Hall,Arntzen Hall,314,Fri,08:00,09:50,25,48.73373087308233,-122.4856611877701,main_campus,matched,
202620,Spring 2026,ENVS 203 1,21160,Physical Geography,AH,Arntzen Hall,Arntzen Hall,016,Fri,08:00,09:50,29,48.73373087308233,-122.4856611877701,main_campus,matched,
202620,Spring 2026,ANTH 215 03,22812,Introductory Biological Anthropology,AH,Arntzen Hall,Arntzen Hall,314,Fri,12:00,13:50,26,48.73373087308233,-122.4856611877701,main_campus,matched,
202620,Spring 2026,ESCI 340 01,20628,Biostatistical Analysis,AH,Arntzen Hall,Arntzen Hall,005,Fri,13:00,14:20,29,48.73373087308233,-122.4856611877701,main_campus,matched,
202620,Spring 2026,ENVS 305 3,22754,Introduction to Environmental Studies II: History and Policy,AH,Arntzen Hall,Arntzen Hall,018,Fri,14:00,14:50,19,48.73373087308233,-122.4856611877701,main_campus,matched,
202620,Spring 2026,ENVS 305 2,22753,Introduction to Environmental Studies II: History and Policy,AH,Arntzen Hall,Arntzen Hall,018,Fri,15:00,15:50,9,48.73373087308233,-122.4856611877701,main_campus,matched,
202620,Spring 2026,ENVS 201 3,23412,Understanding Environmental Information,AH,Arntzen Hall,Arntzen Hall,005,Fri,16:00,17:50,24,48.73373087308233,-122.4856611877701,main_campus,matched,
202620,Spring 2026,ENVS 203 4,21163,Physical Geography,AH,Arntzen Hall,Arntzen Hall,016,Fri,16:00,17:50,30,48.73373087308233,-122.4856611877701,main_campus,matched,
202620,Spring 2026,ANTH 215 04,22813,Introductory Biological Anthropology,AH,Arntzen Hall,Arntzen Hall,314,Mon,08:00,09:50,27,48.73373087308233,-122.4856611877701,main_campus,matched,
202620,Spring 2026,UEPP 464 0,23813,Topics in Planning,AH,Arntzen Hall,Arntzen Hall,225,Mon,11:00,13:50,21,48.73373087308233,-122.4856611877701,main_campus,matched,
202620,Spring 2026,ANTH 215 01,22810,Introductory Biological Anthropology,AH,Arntzen Hall,Arntzen Hall,314,Mon,12:00,13:50,27,48.73373087308233,-122.4856611877701,main_campus,matched,
202620,Spring 2026,MATH 204 0,20026,Elementary Linear Algebra,AH,Arntzen Hall,Arntzen Hall,018,MonTueThuFri,11:00,11:50,36,48.73373087308233,-122.4856611877701,main_campus,matched,
202620,Spring 2026,MATH 204 003,20365,Elementary Linear Algebra,AH,Arntzen Hall,Arntzen Hall,018,MonTueThuFri,12:00,12:50,34,48.73373087308233,-122.4856611877701,main_campus,matched,
202620,Spring 2026,ANTH 308 0,22818,Hunter-Gatherer Societies in World Prehistory,AH,Arntzen Hall,Arntzen Hall,018,MonTueWedThu,10:00,10:50,23,48.73373087308233,-122.4856611877701,main_campus,matched,
202620,Spring 2026,ENVS 485 1,20634,Natural History Education for Eco-Social Justice,AH,Arntzen Hall,Arntzen Hall,219,MonTueWedThuFri,10:00,10:50,22,48.73373087308233,-122.4856611877701,main_campus,matched,
202620,Spring 2026,ENVS 486 1,20637,Field Methods in Education for Eco-Social Justice,AH,Arntzen Hall,Arntzen Hall,219,MonTueWedThuFri,11:00,11:50,22,48.73373087308233,-122.4856611877701,main_campus,matched,
202620,Spring 2026,ENVS 488 1,20636,Outdoor Education,AH,Arntzen Hall,Arntzen Hall,219,MonTueWedThuFri,12:00,12:50,22,48.73373087308233,-122.4856611877701,main_campus,matched,
202620,Spring 2026,ENVS 489 1,20633,Leadership for a Sustainable Future,AH,Arntzen Hall,Arntzen Hall,219,MonTueWedThuFri,13:00,13:50,22,48.73373087308233,-122.4856611877701,main_campus,matched,
202620,Spring 2026,ENVS 426 1,23431,Water Resources,AH,Arntzen Hall,Arntzen Hall,219,MonWed,08:00,09:50,19,48.73373087308233,-122.4856611877701,main_campus,matched,
202620,Spring 2026,UEPP 202 01,21916,Introduction to Sustainability and Society,AH,Arntzen Hall,Arntzen Hall,004,MonWed,08:30,09:50,67,48.73373087308233,-122.4856611877701,main_campus,matched,
202620,Spring 2026,PLSC 433 22,23211,Senior Seminar in Comparative Politics,AH,Arntzen Hall,Arntzen Hall,412,MonWed,09:30,11:20,10,48.73373087308233,-122.4856611877701,main_campus,matched,
202620,Spring 2026,ACCT 245 S12,20232,Managerial Accounting,AH,Arntzen Hall,Arntzen Hall,004,MonWed,10:00,11:50,57,48.73373087308233,-122.4856611877701,main_campus,matched,
202620,Spring 2026,MIS 320 0,20103,Principles of Management Information Systems,AH,Arntzen Hall,Arntzen Hall,004,MonWed,12:00,13:20,9,48.73373087308233,-122.4856611877701,main_campus,matched,
202620,Spring 2026,MIS 320 0,20124,Principles of Management Information Systems,AH,Arntzen Hall,Arntzen Hall,004,MonWed,12:00,13:20,22,48.73373087308233,-122.4856611877701,main_campus,matched,
202620,Spring 2026,ACCT 461 S35,20438,Auditing Theory and Practice,AH,Arntzen Hall,Arntzen Hall,018,MonWed,14:00,15:50,27,48.73373087308233,-122.4856611877701,main_campus,matched,
202620,Spring 2026,ENVS 305 1,22752,Introduction to Environmental Studies II: History and Policy,AH,Arntzen Hall,Arntzen Hall,004,MonWed,14:00,15:50,25,48.73373087308233,-122.4856611877701,main_campus,matched,
202620,Spring 2026,ENVS 305 2,22753,Introduction to Environmental Studies II: History and Policy,AH,Arntzen Hall,Arntzen Hall,004,MonWed,14:00,15:50,9,48.73373087308233,-122.4856611877701,main_campus,matched,
202620,Spring 2026,ENVS 305 3,22754,Introduction to Environmental Studies II: History and Policy,AH,Arntzen Hall,Arntzen Hall,004,MonWed,14:00,15:50,19,48.73373087308233,-122.4856611877701,main_campus,matched,
202620,Spring 2026,JOUR 307 0,20592,Reporting,AH,Arntzen Hall,Arntzen Hall,012,MonWed,14:00,15:50,17,48.73373087308233,-122.4856611877701,main_campus,matched,
202620,Spring 2026,MPAC 564 0,21797,Professional Accounting Research,AH,Arntzen Hall,Arntzen Hall,015,MonWed,14:00,15:20,3,48.73373087308233,-122.4856611877701,main_campus,matched,
202620,Spring 2026,UEPP 322 001,22132,Quantitative Methods for Planning and Policy,AH,Arntzen Hall,Arntzen Hall,016,MonWed,14:00,15:20,28,48.73373087308233,-122.4856611877701,main_campus,matched,
202620,Spring 2026,UEPP 451 0,23480,Natural Resource Policy,AH,Arntzen Hall,Arntzen Hall,225,MonWed,14:00,15:50,14,48.73373087308233,-122.4856611877701,main_campus,matched,
202620,Spring 2026,UEPP 551 0,23483,Natural Resource Policy,AH,Arntzen Hall,Arntzen Hall,225,MonWed,14:00,15:50,2,48.73373087308233,-122.4856611877701,main_campus,matched,
202620,Spring 2026,SOC 304 01,20705,Statistics for Sociology,AH,Arntzen Hall,Arntzen Hall,014,MonWed,14:30,16:20,18,48.73373087308233,-122.4856611877701,main_campus,matched,
202620,Spring 2026,SOC 460 0,23946,Advanced Topics in Family,AH,Arntzen Hall,Arntzen Hall,518,MonWed,14:30,16:50,13,48.73373087308233,-122.4856611877701,main_campus,matched,
202620,Spring 2026,UEPP 493 001,22178,Environment Impact Assessment,AH,Arntzen Hall,Arntzen Hall,225,MonWed,16:00,18:20,21,48.73373087308233,-122.4856611877701,main_campus,matched,
202620,Spring 2026,UEPP 593 0,23485,Environmental Impact Assessment Practicum,AH,Arntzen Hall,Arntzen Hall,225,MonWed,16:00,18:20,2,48.73373087308233,-122.4856611877701,main_campus,matched,
202620,Spring 2026,ANTH 423 0,23542,Human Evolution,AH,Arntzen Hall,Arntzen Hall,314,MonWedFri,10:00,11:20,20,48.73373087308233,-122.4856611877701,main_campus,matched,
202620,Spring 2026,ANTH 481 0,23545,Childhood and Culture,AH,Arntzen Hall,Arntzen Hall,015,MonWedFri,10:00,11:20,17,48.73373087308233,-122.4856611877701,main_campus,matched,
202620,Spring 2026,ANTH 525 0,23543,Primate Evolution,AH,Arntzen Hall,Arntzen Hall,314,MonWedFri,10:00,11:20,3,48.73373087308233,-122.4856611877701,main_campus,matched,
202620,Spring 2026,ENG 443 0,20532,Teaching English Language Arts in the Secondary Schools I,AH,Arntzen Hall,Arntzen Hall,012,MonWedFri,10:00,11:20,20,48.73373087308233,-122.4856611877701,main_campus,matched,
202620,Spring 2026,ENVS 418 02,23684,GIS II: Cartography and Geovisualization,AH,Arntzen Hall,Arntzen Hall,016,MonWedFri,10:00,11:20,6,48.73373087308233,-122.4856611877701,main_campus,matched,
202620,Spring 2026,ENVS 418 1,22762,GIS II: Cartography and Geovisualization,AH,Arntzen Hall,Arntzen Hall,016,MonWedFri,10:00,11:20,18,48.73373087308233,-122.4856611877701,main_campus,matched,
202620,Spring 2026,ENVS 518 2,22763,GIS II,AH,Arntzen Hall,Arntzen Hall,016,MonWedFri,10:00,11:20,2,48.73373087308233,-122.4856611877701,main_campus,matched,
202620,Spring 2026,JAPN 103 0,22565,First-Year Japanese,AH,Arntzen Hall,Arntzen Hall,017,MonWedFri,10:00,11:20,13,48.73373087308233,-122.4856611877701,main_campus,matched,
202620,Spring 2026,PLSC 250 2,22699,The American Political System,AH,Arntzen Hall,Arntzen Hall,014,MonWedFri,10:00,11:20,55,48.73373087308233,-122.4856611877701,main_campus,matched,
202620,Spring 2026,PLSC 431 21,22723,Senior Seminar in American Politics and Public Policy,AH,Arntzen Hall,Arntzen Hall,421,MonWedFri,10:00,11:20,9,48.73373087308233,-122.4856611877701,main_campus,matched,
202620,Spring 2026,PSY 101 0,20280,Introduction to Psychology,AH,Arntzen Hall,Arntzen Hall,100,MonWedFri,10:00,11:20,151,48.73373087308233,-122.4856611877701,main_campus,matched,
202620,Spring 2026,PSY 342 0,23478,Social Cognition,AH,Arntzen Hall,Arntzen Hall,030,MonWedFri,10:00,11:20,29,48.73373087308233,-122.4856611877701,main_campus,matched,
202620,Spring 2026,SOC 469 01,20704,Advanced Topics in Race and Ethnicity,AH,Arntzen Hall,Arntzen Hall,501,MonWedFri,10:00,11:20,15,48.73373087308233,-122.4856611877701,main_campus,matched,
202620,Spring 2026,JAPN 397C 0,24002,Religion and Spirituality in Japanese Literature,AH,Arntzen Hall,Arntzen Hall,012,MonWedFri,11:30,12:50,14,48.73373087308233,-122.4856611877701,main_campus,matched,
202620,Spring 2026,PLSC 250 3,22700,The American Political System,AH,Arntzen Hall,Arntzen Hall,014,MonWedFri,11:30,12:50,49,48.73373087308233,-122.4856611877701,main_campus,matched,
202620,Spring 2026,PLSC 366 12,23206,Quantitative Methods in Political Science,AH,Arntzen Hall,Arntzen Hall,005,MonWedFri,11:30,12:50,20,48.73373087308233,-122.4856611877701,main_campus,matched,
202620,Spring 2026,SOC 302 01,20707,Classical Sociological Theory,AH,Arntzen Hall,Arntzen Hall,017,MonWedFri,11:30,12:50,24,48.73373087308233,-122.4856611877701,main_campus,matched,
202620,Spring 2026,ANTH 462 0,22835,Critical Issues in Indigenous Northwest Studies,AH,Arntzen Hall,Arntzen Hall,319,MonWedFri,13:00,14:20,5,48.73373087308233,-122.4856611877701,main_campus,matched,
202620,Spring 2026,PSY 116 0,23468,Human Sexuality,AH,Arntzen Hall,Arntzen Hall,100,MonWedFri,13:00,14:20,225,48.73373087308233,-122.4856611877701,main_campus,matched,
202620,Spring 2026,SOC 356 01,22141,Law Enforcement and Society,AH,Arntzen Hall,Arntzen Hall,030,MonWedFri,13:00,14:20,27,48.73373087308233,-122.4856611877701,main_campus,matched,
202620,Spring 2026,PLSC 414 19,23209,Constitutional Law: Separation of Powers and Federalism,AH,Arntzen Hall,Arntzen Hall,412,MonWedFri,14:30,15:50,18,48.73373087308233,-122.4856611877701,main_campus,matched,
202620,Spring 2026,PLSC 436 0,23221,Managing Environmental Commons,AH,Arntzen Hall,Arntzen Hall,030,MonWedFri,14:30,15:50,29,48.73373087308233,-122.4856611877701,main_campus,matched,
202620,Spring 2026,SOC 426 01,22363,Advanced Topics in Demography,AH,Arntzen Hall,Arntzen Hall,005,MonWedFri,14:30,15:50,20,48.73373087308233,-122.4856611877701,main_campus,matched,
202620,Spring 2026,ANTH 420 0,22824,Human Osteology and Forensic Anthropology,AH,Arntzen Hall,Arntzen Hall,314,MonWedFri,16:00,17:20,18,48.73373087308233,-122.4856611877701,main_campus,matched,
202620,Spring 2026,ANTH 422 0,22825,Nutritional Anthropology,AH,Arntzen Hall,Arntzen Hall,017,MonWedFri,16:00,17:20,11,48.73373087308233,-122.4856611877701,main_campus,matched,
202620,Spring 2026,ANTH 520 0,22830,Human Osteology,AH,Arntzen Hall,Arntzen Hall,314,MonWedFri,16:00,17:20,0,48.73373087308233,-122.4856611877701,main_campus,matched,
202620,Spring 2026,ANTH 522 0,22831,Nutritional Anthropology,AH,Arntzen Hall,Arntzen Hall,017,MonWedFri,16:00,17:20,0,48.73373087308233,-122.4856611877701,main_campus,matched,
202620,Spring 2026,LDST 101 04,21404,Introduction to Leadership Studies,AH,Arntzen Hall,Arntzen Hall,012,Thu,12:00,13:20,6,48.73373087308233,-122.4856611877701,main_campus,matched,
202620,Spring 2026,UEPP 503 0,23482,Professional Communication and Engagement,AH,Arntzen Hall,Arntzen Hall,225,Thu,16:00,16:50,5,48.73373087308233,-122.4856611877701,main_campus,matched,
202620,Spring 2026,ANTH 586 0,22845,Research Mentorship,AH,Arntzen Hall,Arntzen Hall,319,Tue,12:00,12:50,6,48.73373087308233,-122.4856611877701,main_campus,matched,
202620,Spring 2026,ENVS 503 1,20936,Communicating Research Results,AH,Arntzen Hall,Arntzen Hall,225,Tue,16:00,17:50,4,48.73373087308233,-122.4856611877701,main_campus,matched,
202620,Spring 2026,ANTH 424 0,22826,Medical Anthropology,AH,Arntzen Hall,Arntzen Hall,012,TueThu,08:00,09:50,16,48.73373087308233,-122.4856611877701,main_campus,matched,
202620,Spring 2026,ANTH 490 02,22843,Senior Seminar in Anthropology,AH,Arntzen Hall,Arntzen Hall,018,TueThu,08:00,09:50,25,48.73373087308233,-122.4856611877701,main_campus,matched,
202620,Spring 2026,ENRG 350 0,23891,Energy Policy and Politics,AH,Arntzen Hall,Arntzen Hall,030,TueThu,08:00,09:40,20,48.73373087308233,-122.4856611877701,main_campus,matched,
202620,Spring 2026,ENVS 465 1,22794,Disaster Risk Reduction,AH,Arntzen Hall,Arntzen Hall,219,TueThu,08:00,09:50,20,48.73373087308233,-122.4856611877701,main_campus,matched,
202620,Spring 2026,ENVS 565 2,22795,Disaster Risk Reduction,AH,Arntzen Hall,Arntzen Hall,219,TueThu,08:00,09:50,2,48.73373087308233,-122.4856611877701,main_campus,matched,
202620,Spring 2026,UEPP 350 0,23892,Energy Policy and Politics,AH,Arntzen Hall,Arntzen Hall,030,TueThu,08:00,09:40,10,48.73373087308233,-122.4856611877701,main_campus,matched,
202620,Spring 2026,BIOL 101 0,21035,Introduction to Biology w/lab,AH,Arntzen Hall,Arntzen Hall,100,TueThu,08:30,09:50,23,48.73373087308233,-122.4856611877701,main_campus,matched,
202620,Spring 2026,BIOL 101 0,21036,Introduction to Biology w/lab,AH,Arntzen Hall,Arntzen Hall,100,TueThu,08:30,09:50,22,48.73373087308233,-122.4856611877701,main_campus,matched,
202620,Spring 2026,BIOL 101 0,21037,Introduction to Biology w/lab,AH,Arntzen Hall,Arntzen Hall,100,TueThu,08:30,09:50,24,48.73373087308233,-122.4856611877701,main_campus,matched,
202620,Spring 2026,BIOL 101 0,21038,Introduction to Biology w/lab,AH,Arntzen Hall,Arntzen Hall,100,TueThu,08:30,09:50,24,48.73373087308233,-122.4856611877701,main_campus,matched,
202620,Spring 2026,BIOL 101 0,21039,Introduction to Biology w/lab,AH,Arntzen Hall,Arntzen Hall,100,TueThu,08:30,09:50,22,48.73373087308233,-122.4856611877701,main_campus,matched,
202620,Spring 2026,BIOL 101 0,21040,Introduction to Biology w/lab,AH,Arntzen Hall,Arntzen Hall,100,TueThu,08:30,09:50,21,48.73373087308233,-122.4856611877701,main_campus,matched,
202620,Spring 2026,ESCI 442 0,23893,Introduction to Remote Sensing,AH,Arntzen Hall,Arntzen Hall,016,TueThu,09:30,11:50,25,48.73373087308233,-122.4856611877701,main_campus,matched,
202620,Spring 2026,ESCI 542 0,23894,Remote Sensing,AH,Arntzen Hall,Arntzen Hall,016,TueThu,09:30,11:50,2,48.73373087308233,-122.4856611877701,main_campus,matched,
202620,Spring 2026,ACCT 343 S32,20437,Intermediate Accounting Theory and Practice III,AH,Arntzen Hall,Arntzen Hall,004,TueThu,10:00,11:50,49,48.73373087308233,-122.4856611877701,main_campus,matched,
202620,Spring 2026,ANTH 320 0,23544,Skeletons and the Occult,AH,Arntzen Hall,Arntzen Hall,314,TueThu,10:00,11:50,22,48.73373087308233,-122.4856611877701,main_campus,matched,
202620,Spring 2026,BNS 401 0,22263,Advanced Topics in Behavioral Neuroscience,AH,Arntzen Hall,Arntzen Hall,012,TueThu,10:00,11:50,10,48.73373087308233,-122.4856611877701,main_campus,matched,
202620,Spring 2026,ESCI 101 01,20428,Environmental Studies: A Scientific Approach,AH,Arntzen Hall,Arntzen Hall,100,TueThu,10:00,11:20,225,48.73373087308233,-122.4856611877701,main_campus,matched,
202620,Spring 2026,PLSC 353 11,22712,State and Local Politics,AH,Arntzen Hall,Arntzen Hall,014,TueThu,10:00,11:50,35,48.73373087308233,-122.4856611877701,main_campus,matched,
202620,Spring 2026,PLSC 469 23,22729,Feminist Political Theory,AH,Arntzen Hall,Arntzen Hall,421,TueThu,10:00,11:50,20,48.73373087308233,-122.4856611877701,main_campus,matched,
202620,Spring 2026,PSY 305 0,21988,Scientific Thinking and Writing,AH,Arntzen Hall,Arntzen Hall,015,TueThu,10:00,11:50,15,48.73373087308233,-122.4856611877701,main_campus,matched,
202620,Spring 2026,SOC 302 02,20910,Classical Sociological Theory,AH,Arntzen Hall,Arntzen Hall,017,TueThu,10:00,11:50,17,48.73373087308233,-122.4856611877701,main_campus,matched,
202620,Spring 2026,SOC 306 01,20708,Sociological Research Methods,AH,Arntzen Hall,Arntzen Hall,030,TueThu,10:00,11:50,20,48.73373087308233,-122.4856611877701,main_campus,matched,
202620,Spring 2026,UEPP 457 01,21918,Environmental Dispute Resolution,AH,Arntzen Hall,Arntzen Hall,225,TueThu,10:00,11:50,23,48.73373087308233,-122.4856611877701,main_campus,matched,
202620,Spring 2026,BIOL 101 0,21041,Introduction to Biology w/lab,AH,Arntzen Hall,Arntzen Hall,100,TueThu,11:30,12:50,24,48.73373087308233,-122.4856611877701,main_campus,matched,
202620,Spring 2026,BIOL 101 0,21042,Introduction to Biology w/lab,AH,Arntzen Hall,Arntzen Hall,100,TueThu,11:30,12:50,23,48.73373087308233,-122.4856611877701,main_campus,matched,
202620,Spring 2026,BIOL 101 0,21043,Introduction to Biology w/lab,AH,Arntzen Hall,Arntzen Hall,100,TueThu,11:30,12:50,23,48.73373087308233,-122.4856611877701,main_campus,matched,
202620,Spring 2026,BIOL 101 0,21044,Introduction to Biology w/lab,AH,Arntzen Hall,Arntzen Hall,100,TueThu,11:30,12:50,24,48.73373087308233,-122.4856611877701,main_campus,matched,
202620,Spring 2026,BIOL 101 0,21045,Introduction to Biology w/lab,AH,Arntzen Hall,Arntzen Hall,100,TueThu,11:30,12:50,23,48.73373087308233,-122.4856611877701,main_campus,matched,
202620,Spring 2026,BIOL 101 0,21046,Introduction to Biology w/lab,AH,Arntzen Hall,Arntzen Hall,100,TueThu,11:30,12:50,22,48.73373087308233,-122.4856611877701,main_campus,matched,
202620,Spring 2026,ACCT 331 S15,20191,Cost Management,AH,Arntzen Hall,Arntzen Hall,030,TueThu,12:00,13:50,29,48.73373087308233,-122.4856611877701,main_campus,matched,
202620,Spring 2026,ENVS 320 1,22755,GIS I: Introduction to Geographic Information Science,AH,Arntzen Hall,Arntzen Hall,016,TueThu,12:00,12:50,23,48.73373087308233,-122.4856611877701,main_campus,matched,
202620,Spring 2026,PSY 451 0,20968,Seminar in Mental Health Topics and Interventions,AH,Arntzen Hall,Arntzen Hall,015,TueThu,12:00,13:50,16,48.73373087308233,-122.4856611877701,main_campus,matched,
202620,Spring 2026,SOC 371 01,22151,Directed Internship,AH,Arntzen Hall,Arntzen Hall,518,TueThu,12:00,13:50,11,48.73373087308233,-122.4856611877701,main_campus,matched,
202620,Spring 2026,UEPP 461 01,22086,Land Use Law,AH,Arntzen Hall,Arntzen Hall,225,TueThu,12:00,13:50,22,48.73373087308233,-122.4856611877701,main_campus,matched,
202620,Spring 2026,ENVS 201 1,23410,Understanding Environmental Information,AH,Arntzen Hall,Arntzen Hall,004,TueThu,12:30,13:50,28,48.73373087308233,-122.4856611877701,main_campus,matched,
202620,Spring 2026,ENVS 201 2,23411,Understanding Environmental Information,AH,Arntzen Hall,Arntzen Hall,004,TueThu,12:30,13:50,26,48.73373087308233,-122.4856611877701,main_campus,matched,
202620,Spring 2026,ENVS 201 3,23412,Understanding Environmental Information,AH,Arntzen Hall,Arntzen Hall,004,TueThu,12:30,13:50,24,48.73373087308233,-122.4856611877701,main_campus,matched,
202620,Spring 2026,ANTH 501 0,22844,History of Anthropology,AH,Arntzen Hall,Arntzen Hall,319,TueThu,13:00,14:50,4,48.73373087308233,-122.4856611877701,main_campus,matched,
202620,Spring 2026,ENVS 320 2,22756,GIS I: Introduction to Geographic Information Science,AH,Arntzen Hall,Arntzen Hall,016,TueThu,13:00,13:50,24,48.73373087308233,-122.4856611877701,main_campus,matched,
202620,Spring 2026,ANTH 215 04,22813,Introductory Biological Anthropology,AH,Arntzen Hall,Arntzen Hall,004,TueThu,14:00,15:50,27,48.73373087308233,-122.4856611877701,main_campus,matched,
202620,Spring 2026,ANTH 215 05,22814,Introductory Biological Anthropology,AH,Arntzen Hall,Arntzen Hall,004,TueThu,14:00,15:50,27,48.73373087308233,-122.4856611877701,main_campus,matched,
202620,Spring 2026,ANTH 215 06,22815,Introductory Biological Anthropology,AH,Arntzen Hall,Arntzen Hall,004,TueThu,14:00,15:50,25,48.73373087308233,-122.4856611877701,main_campus,matched,
202620,Spring 2026,BIOL 101 0,21047,Introduction to Biology w/lab,AH,Arntzen Hall,Arntzen Hall,100,TueThu,14:00,15:20,22,48.73373087308233,-122.4856611877701,main_campus,matched,
202620,Spring 2026,BIOL 101 0,21594,Introduction to Biology w/lab,AH,Arntzen Hall,Arntzen Hall,100,TueThu,14:00,15:20,22,48.73373087308233,-122.4856611877701,main_campus,matched,
202620,Spring 2026,BIOL 101 0,22003,Introduction to Biology w/lab,AH,Arntzen Hall,Arntzen Hall,100,TueThu,14:00,15:20,24,48.73373087308233,-122.4856611877701,main_campus,matched,
202620,Spring 2026,BIOL 101 0,22175,Introduction to Biology w/lab,AH,Arntzen Hall,Arntzen Hall,100,TueThu,14:00,15:20,22,48.73373087308233,-122.4856611877701,main_campus,matched,
202620,Spring 2026,BIOL 101 0,22176,Introduction to Biology w/lab,AH,Arntzen Hall,Arntzen Hall,100,TueThu,14:00,15:20,23,48.73373087308233,-122.4856611877701,main_campus,matched,
202620,Spring 2026,BIOL 101 0,22177,Introduction to Biology w/lab,AH,Arntzen Hall,Arntzen Hall,100,TueThu,14:00,15:20,24,48.73373087308233,-122.4856611877701,main_campus,matched,
202620,Spring 2026,COMM 416 0,22414,Topics in Communication,AH,Arntzen Hall,Arntzen Hall,012,TueThu,14:00,15:50,17,48.73373087308233,-122.4856611877701,main_campus,matched,
202620,Spring 2026,ECON 306 0,23338,Intermediate Microeconomics,AH,Arntzen Hall,Arntzen Hall,030,TueThu,14:00,15:50,34,48.73373087308233,-122.4856611877701,main_campus,matched,
202620,Spring 2026,ENVS 320 3,22757,GIS I: Introduction to Geographic Information Science,AH,Arntzen Hall,Arntzen Hall,016,TueThu,14:00,14:50,24,48.73373087308233,-122.4856611877701,main_campus,matched,
202620,Spring 2026,ENVS 417 1,22761,"Science, Management and Outreach of Contaminated Sites",AH,Arntzen Hall,Arntzen Hall,018,TueThu,14:00,15:50,10,48.73373087308233,-122.4856611877701,main_campus,matched,
202620,Spring 2026,ENVS 499Z 1,23443,Seminar: Regional US Geography,AH,Arntzen Hall,Arntzen Hall,225,TueThu,14:00,15:50,8,48.73373087308233,-122.4856611877701,main_campus,matched,
202620,Spring 2026,ESCI 454 1,20934,"Science, Management and Outreach of Contaminated Sites",AH,Arntzen Hall,Arntzen Hall,018,TueThu,14:00,15:50,16,48.73373087308233,-122.4856611877701,main_campus,matched,
202620,Spring 2026,OPS 461 0,21568,Project Management,AH,Arntzen Hall,Arntzen Hall,015,TueThu,14:00,15:50,19,48.73373087308233,-122.4856611877701,main_campus,matched,
202620,Spring 2026,PLSC 101 1,23200,Government and Politics in the Modern World,AH,Arntzen Hall,Arntzen Hall,014,TueThu,14:00,15:50,49,48.73373087308233,-122.4856611877701,main_campus,matched,
202620,Spring 2026,PLSC 397V 0,23966,Political Parties in the US,AH,Arntzen Hall,Arntzen Hall,414,TueThu,14:00,15:50,19,48.73373087308233,-122.4856611877701,main_campus,matched,
202620,Spring 2026,PLSC 473 24,23212,Politics and Culture,AH,Arntzen Hall,Arntzen Hall,421,TueThu,14:00,16:20,24,48.73373087308233,-122.4856611877701,main_campus,matched,
202620,Spring 2026,SOC 306 02,20709,Sociological Research Methods,AH,Arntzen Hall,Arntzen Hall,017,TueThu,14:00,15:50,13,48.73373087308233,-122.4856611877701,main_campus,matched,
202620,Spring 2026,SOC 497F 01,23571,Social Movements and Social Change: Capstone,AH,Arntzen Hall,Arntzen Hall,501,TueThu,14:00,15:50,15,48.73373087308233,-122.4856611877701,main_campus,matched,
202620,Spring 2026,UEPP 454 01,22085,Environmental Policy Analysis,AH,Arntzen Hall,Arntzen Hall,219,TueThu,14:00,15:50,22,48.73373087308233,-122.4856611877701,main_campus,matched,
202620,Spring 2026,ENVS 421 02,23685,GIS IV: Geospatial Data Creation and Management,AH,Arntzen Hall,Arntzen Hall,016,TueThu,15:00,17:20,9,48.73373087308233,-122.4856611877701,main_campus,matched,
202620,Spring 2026,ENVS 421 1,22764,GIS IV: Geospatial Data Creation and Management,AH,Arntzen Hall,Arntzen Hall,016,TueThu,15:00,17:20,11,48.73373087308233,-122.4856611877701,main_campus,matched,
202620,Spring 2026,ENVS 521 2,22765,GIS IV: Geospatial Data Creation and Management,AH,Arntzen Hall,Arntzen Hall,016,TueThu,15:00,17:20,4,48.73373087308233,-122.4856611877701,main_campus,matched,
202620,Spring 2026,UEPP 343 01,21923,Urban: Processes Patterns,AH,Arntzen Hall,Arntzen Hall,219,TueThu,16:00,17:50,32,48.73373087308233,-122.4856611877701,main_campus,matched,
202620,Spring 2026,UEPP 374 01,21917,Land Use Regulation &amp; Technical Writing,AH,Arntzen Hall,Arntzen Hall,014,TueThu,16:00,17:20,25,48.73373087308233,-122.4856611877701,main_campus,matched,
202620,Spring 2026,ANTH 215 05,22814,Introductory Biological Anthropology,AH,Arntzen Hall,Arntzen Hall,314,Wed,08:00,09:50,27,48.73373087308233,-122.4856611877701,main_campus,matched,
202620,Spring 2026,ENVS 203 3,21162,Physical Geography,AH,Arntzen Hall,Arntzen Hall,016,Wed,08:00,09:50,29,48.73373087308233,-122.4856611877701,main_campus,matched,
202620,Spring 2026,ANTH 215 02,22811,Introductory Biological Anthropology,AH,Arntzen Hall,Arntzen Hall,314,Wed,12:00,13:50,27,48.73373087308233,-122.4856611877701,main_campus,matched,
202620,Spring 2026,UEPP 497D 0,23814,"Nonprofit, Policy, and Planning for Social Change",AH,Arntzen Hall,Arntzen Hall,225,Wed,13:00,13:50,20,48.73373087308233,-122.4856611877701,main_campus,matched,
202620,Spring 2026,ENVS 203 2,21161,Physical Geography,AH,Arntzen Hall,Arntzen Hall,016,Wed,16:00,17:50,29,48.73373087308233,-122.4856611877701,main_campus,matched,
202620,Spring 2026,UEPP 499 0,22027,LEAD Service Learning Seminar,AH,Arntzen Hall,Arntzen Hall,030,Wed,16:00,17:50,18,48.73373087308233,-122.4856611877701,main_campus,matched,
202620,Spring 2026,UEPP 355 0,23479,Environmental Law and Policy,AH,Arntzen Hall,Arntzen Hall,225,WedFri,10:00,11:50,27,48.73373087308233,-122.4856611877701,main_campus,matched,
202620,Spring 2026,SLHS 558 R01,23289,Graduate Clinical Practice in Speech-Language Pathology,AI,Academic Instructnl Cntr East,Academic Instructional Center - East,362,Mon,10:00,10:50,20,48.73205143069974,-122.48548277606648,main_campus,matched,
202620,Spring 2026,PSY 570 126,20131,Practicum,AI,Academic Instructnl Cntr East,Academic Instructional Center - East,479,MonWed,08:00,10:10,3,48.73205143069974,-122.48548277606648,main_campus,matched,
202620,Spring 2026,PSY 570 R01,20130,Practicum,AI,Academic Instructnl Cntr East,Academic Instructional Center - East,479,MonWed,08:00,10:10,3,48.73205143069974,-122.48548277606648,main_campus,matched,
202620,Spring 2026,PSY 570 R04,20132,Practicum,AI,Academic Instructnl Cntr East,Academic Instructional Center - East,479,MonWed,08:00,10:10,3,48.73205143069974,-122.48548277606648,main_campus,matched,
202620,Spring 2026,PSY 570 R05,20145,Practicum,AI,Academic Instructnl Cntr East,Academic Instructional Center - East,479,MonWed,08:00,10:10,3,48.73205143069974,-122.48548277606648,main_campus,matched,
202620,Spring 2026,PSY 411 0,20230,Seminar in Cognition,AI,Academic Instructnl Cntr East,Academic Instructional Center - East,194,MonWedFri,10:00,11:20,13,48.73205143069974,-122.48548277606648,main_campus,matched,
202620,Spring 2026,PSY 442 0,21158,Seminar in Social Psychology,AI,Academic Instructnl Cntr East,Academic Instructional Center - East,194,MonWedFri,11:30,12:50,14,48.73205143069974,-122.48548277606648,main_campus,matched,
202620,Spring 2026,SLHS 578 0,23296,Seminar: Electrophysiological Testing,AI,Academic Instructnl Cntr East,Academic Instructional Center - East,362,Thu,10:30,12:20,10,48.73205143069974,-122.48548277606648,main_campus,matched,
202620,Spring 2026,BNS 328 0,22857,Techniques in Behavioral Neuroscience,AI,Academic Instructnl Cntr East,Academic Instructional Center - East,537,Thu,13:00,16:50,10,48.73205143069974,-122.48548277606648,main_campus,matched,
202620,Spring 2026,SLHS 578 0,23296,Seminar: Electrophysiological Testing,AI,Academic Instructnl Cntr East,Academic Instructional Center - East,362,Thu,13:30,15:20,10,48.73205143069974,-122.48548277606648,main_campus,matched,
202620,Spring 2026,PSY 670 R01,20093,Internship,AI,Academic Instructnl Cntr East,Academic Instructional Center - East,450,Tue,08:00,09:50,6,48.73205143069974,-122.48548277606648,main_campus,matched,
202620,Spring 2026,SLHS 568 0,23292,Advanced Clinical Practicum in Audiology,AI,Academic Instructnl Cntr East,Academic Instructional Center - East,360,Tue,11:00,11:50,18,48.73205143069974,-122.48548277606648,main_campus,matched,
202620,Spring 2026,PSY 567 0,22739,Professional Practice of Counseling,AI,Academic Instructnl Cntr East,Academic Instructional Center - East,479,Tue,12:00,13:40,6,48.73205143069974,-122.48548277606648,main_campus,matched,
202620,Spring 2026,PSY 670 R02,20094,Internship,AI,Academic Instructnl Cntr East,Academic Instructional Center - East,450,Tue,14:00,15:50,6,48.73205143069974,-122.48548277606648,main_campus,matched,
202620,Spring 2026,PSY 305 0,23470,Scientific Thinking and Writing,AI,Academic Instructnl Cntr East,Academic Instructional Center - East,194,TueThu,10:00,11:50,13,48.73205143069974,-122.48548277606648,main_campus,matched,
202620,Spring 2026,PSY 558 0,23826,Family and Community Systems,AI,Academic Instructnl Cntr East,Academic Instructional Center - East,479,TueThu,10:00,11:50,12,48.73205143069974,-122.48548277606648,main_campus,matched,
202620,Spring 2026,PSY 565 0,23092,Group Processes in Counseling,AI,Academic Instructnl Cntr East,Academic Instructional Center - East,442,TueThu,12:00,13:50,6,48.73205143069974,-122.48548277606648,main_campus,matched,
202620,Spring 2026,PSY 430 0,22070,Seminar in Developmental Psychology,AI,Academic Instructnl Cntr East,Academic Instructional Center - East,442,TueThu,14:00,15:50,15,48.73205143069974,-122.48548277606648,main_campus,matched,
202620,Spring 2026,PSY 441 0,22365,Seminar in Cross-Cultural Psychology,AI,Academic Instructnl Cntr East,Academic Instructional Center - East,194,TueThu,14:00,15:50,15,48.73205143069974,-122.48548277606648,main_campus,matched,
202620,Spring 2026,PSY 565 0,22738,Group Processes in Counseling,AI,Academic Instructnl Cntr East,Academic Instructional Center - East,479,TueThu,14:00,15:50,6,48.73205143069974,-122.48548277606648,main_campus,matched,
202620,Spring 2026,SLHS 595 0,23747,Tinnitus Assessment and Management,AI,Academic Instructnl Cntr East,Academic Instructional Center - East,OFC,TueWedThu,13:00,15:50,9,48.73205143069974,-122.48548277606648,main_campus,matched,
202620,Spring 2026,SLHS 595 0,23747,Tinnitus Assessment and Management,AI,Academic Instructnl Cntr East,Academic Instructional Center - East,OFC,TueWedThuFri,09:00,11:50,9,48.73205143069974,-122.48548277606648,main_campus,matched,
202620,Spring 2026,SLHS 505 0,23282,Audiology Clinical Levels,AI,Academic Instructnl Cntr East,Academic Instructional Center - East,360,Wed,10:00,10:50,8,48.73205143069974,-122.48548277606648,main_campus,matched,
202620,Spring 2026,SLHS 564 R01,23291,Advanced Clinical Practice in Aural Rehabilitation,AI,Academic Instructnl Cntr East,Academic Instructional Center - East,360,Wed,11:00,11:50,20,48.73205143069974,-122.48548277606648,main_campus,matched,
202620,Spring 2026,SLHS 577 0,23295,Pediatric Audiology,AW,Academic Instructnl Cntr West,Academic Instructional Center (West),303,Fri,09:00,11:50,8,48.73215536193158,-122.48657986247183,main_campus,matched,
202620,Spring 2026,UEPP 410 0,22617,Agroecology and Resilient Communities,AW,Academic Instructnl Cntr West,Academic Instructional Center (West),303,Fri,12:00,17:50,27,48.73215536193158,-122.48657986247183,main_campus,matched,
202620,Spring 2026,DSCI 305 0,22960,Applied Business Statistics and Analytics,AW,Academic Instructnl Cntr West,Academic Instructional Center (West),306,Fri,13:00,14:20,51,48.73215536193158,-122.48657986247183,main_campus,matched,
202620,Spring 2026,DSCI 305 0,20261,Applied Business Statistics and Analytics,AW,Academic Instructnl Cntr West,Academic Instructional Center (West),306,Fri,14:30,15:50,56,48.73215536193158,-122.48657986247183,main_campus,matched,
202620,Spring 2026,BIOL 326 0,23612,Methods in Ecology w/lab,AW,Academic Instructnl Cntr West,Academic Instructional Center (West),305,Mon,12:00,12:50,15,48.73215536193158,-122.48657986247183,main_campus,matched,
202620,Spring 2026,BIOL 326 0,23613,Methods in Ecology w/lab,AW,Academic Instructnl Cntr West,Academic Instructional Center (West),305,Mon,12:00,12:50,16,48.73215536193158,-122.48657986247183,main_campus,matched,
202620,Spring 2026,SLHS 573 0,23294,Seminar: Speech Acoustics,AW,Academic Instructnl Cntr West,Academic Instructional Center (West),408,Mon,13:00,15:50,8,48.73215536193158,-122.48657986247183,main_campus,matched,
202620,Spring 2026,LDST 495 0,21090,Leadership Reflection and Development,AW,Academic Instructnl Cntr West,Academic Instructional Center (West),410,Mon,15:00,16:40,8,48.73215536193158,-122.48657986247183,main_campus,matched,
202620,Spring 2026,FIN 341 0,23708,Principles of Finance,AW,Academic Instructnl Cntr West,Academic Instructional Center (West),306,MonTueFri,08:30,09:50,34,48.73215536193158,-122.48657986247183,main_campus,matched,
202620,Spring 2026,ENRG 320 0,23415,Science of Energy Resources,AW,Academic Instructnl Cntr West,Academic Instructional Center (West),203,MonTueWedFri,09:00,09:50,19,48.73215536193158,-122.48657986247183,main_campus,matched,
202620,Spring 2026,PSY 451 0,21371,Seminar in Mental Health Topics and Interventions,AW,Academic Instructnl Cntr West,Academic Instructional Center (West),410,MonWed,08:00,09:50,6,48.73215536193158,-122.48657986247183,main_campus,matched,
202620,Spring 2026,SLHS 593 0,23452,Balance Disorder Assessment,AW,Academic Instructnl Cntr West,Academic Instructional Center (West),408,MonWed,08:30,10:50,10,48.73215536193158,-122.48657986247183,main_campus,matched,
202620,Spring 2026,ECON 491 0,22919,Issues in Political Economy,AW,Academic Instructnl Cntr West,Academic Instructional Center (West),305,MonWed,10:00,11:50,12,48.73215536193158,-122.48657986247183,main_campus,matched,
202620,Spring 2026,IBUS 372 0,20933,Cross-cultural Management,AW,Academic Instructnl Cntr West,Academic Instructional Center (West),203,MonWed,10:00,11:50,16,48.73215536193158,-122.48657986247183,main_campus,matched,
202620,Spring 2026,JOUR 375 0,23525,"Diversity, Mass Media and Social Change",AW,Academic Instructnl Cntr West,Academic Instructional Center (West),303,MonWed,10:00,11:50,29,48.73215536193158,-122.48657986247183,main_campus,matched,
202620,Spring 2026,JOUR 404 0,20601,Feature Writing,AW,Academic Instructnl Cntr West,Academic Instructional Center (West),302,MonWed,10:00,11:50,17,48.73215536193158,-122.48657986247183,main_campus,matched,
202620,Spring 2026,PSY 305 0,23472,Scientific Thinking and Writing,AW,Academic Instructnl Cntr West,Academic Instructional Center (West),410,MonWed,10:00,11:20,15,48.73215536193158,-122.48657986247183,main_campus,matched,
202620,Spring 2026,ECON 465 0,23343,Development Economics,AW,Academic Instructnl Cntr West,Academic Instructional Center (West),303,MonWed,12:00,13:50,12,48.73215536193158,-122.48657986247183,main_campus,matched,
202620,Spring 2026,IBUS 370 0,20503,Introduction to International Business,AW,Academic Instructnl Cntr West,Academic Instructional Center (West),203,MonWed,12:00,13:50,30,48.73215536193158,-122.48657986247183,main_campus,matched,
202620,Spring 2026,PSY 305 0,21990,Scientific Thinking and Writing,AW,Academic Instructnl Cntr West,Academic Instructional Center (West),402,MonWed,13:00,14:20,15,48.73215536193158,-122.48657986247183,main_campus,matched,
202620,Spring 2026,PSY 451 0,23551,Seminar in Mental Health Topics and Interventions,AW,Academic Instructnl Cntr West,Academic Instructional Center (West),403,MonWed,13:00,14:50,12,48.73215536193158,-122.48657986247183,main_campus,matched,
202620,Spring 2026,SLHS 462 0,23278,Audiometric Testing,AW,Academic Instructnl Cntr West,Academic Instructional Center (West),304,MonWed,13:00,14:20,41,48.73215536193158,-122.48657986247183,main_campus,matched,
202620,Spring 2026,COMM 224 0,20439,Small Group Processes,AW,Academic Instructnl Cntr West,Academic Instructional Center (West),305,MonWed,14:00,15:50,29,48.73215536193158,-122.48657986247183,main_campus,matched,
202620,Spring 2026,COMM 235 0,22867,Introduction to Argumentation and Debate,AW,Academic Instructnl Cntr West,Academic Instructional Center (West),203,MonWed,14:00,15:50,24,48.73215536193158,-122.48657986247183,main_campus,matched,
202620,Spring 2026,JOUR 351 0,20599,Mass Media Ethics,AW,Academic Instructnl Cntr West,Academic Instructional Center (West),302,MonWed,14:00,15:50,10,48.73215536193158,-122.48657986247183,main_campus,matched,
202620,Spring 2026,JOUR 450 0,20603,Advanced Reporting,AW,Academic Instructnl Cntr West,Academic Instructional Center (West),303,MonWed,14:00,15:50,18,48.73215536193158,-122.48657986247183,main_campus,matched,
202620,Spring 2026,ENRG 342 0,23416,Problem Solving in Environmental Science,AW,Academic Instructnl Cntr West,Academic Instructional Center (West),412,MonWed,14:30,16:20,8,48.73215536193158,-122.48657986247183,main_campus,matched,
202620,Spring 2026,ESCI 342 0,23363,Problem Solving in Environmental Science,AW,Academic Instructnl Cntr West,Academic Instructional Center (West),412,MonWed,14:30,16:20,10,48.73215536193158,-122.48657986247183,main_campus,matched,
202620,Spring 2026,ANTH 428 0,22827,Cultural Resource Management,AW,Academic Instructnl Cntr West,Academic Instructional Center (West),406,MonWed,15:00,16:50,22,48.73215536193158,-122.48657986247183,main_campus,matched,
202620,Spring 2026,ANTH 528 0,22833,Applied Cultural Resource Management,AW,Academic Instructnl Cntr West,Academic Instructional Center (West),406,MonWed,15:00,16:50,1,48.73215536193158,-122.48657986247183,main_campus,matched,
202620,Spring 2026,HNRS 350 0,22167,History of Hearing,AW,Academic Instructnl Cntr West,Academic Instructional Center (West),403,MonWed,15:00,16:20,13,48.73215536193158,-122.48657986247183,main_campus,matched,
202620,Spring 2026,BNS 301 0,23919,Statistics for Neuroscience,AW,Academic Instructnl Cntr West,Academic Instructional Center (West),406,MonWedFri,08:30,09:50,22,48.73215536193158,-122.48657986247183,main_campus,matched,
202620,Spring 2026,BNS 305 0,23529,Cellular and Molecular Neuroscience,AW,Academic Instructnl Cntr West,Academic Instructional Center (West),205,MonWedFri,08:30,09:50,17,48.73215536193158,-122.48657986247183,main_campus,matched,
202620,Spring 2026,PSY 203 0,23469,Research Methods,AW,Academic Instructnl Cntr West,Academic Instructional Center (West),204,MonWedFri,08:30,09:50,59,48.73215536193158,-122.48657986247183,main_campus,matched,
202620,Spring 2026,PSY 240 0,20436,Social Psychology,AW,Academic Instructnl Cntr West,Academic Instructional Center (West),210,MonWedFri,08:30,09:50,41,48.73215536193158,-122.48657986247183,main_campus,matched,
202620,Spring 2026,PSY 307 0,21993,Experimental Approaches to Research and Statistics,AW,Academic Instructnl Cntr West,Academic Instructional Center (West),403,MonWedFri,08:30,09:50,30,48.73215536193158,-122.48657986247183,main_campus,matched,
202620,Spring 2026,PSY 322 0,23532,Motivation,AW,Academic Instructnl Cntr West,Academic Instructional Center (West),405,MonWedFri,08:30,09:50,14,48.73215536193158,-122.48657986247183,main_campus,matched,
202620,Spring 2026,PSY 322 0,23533,Motivation,AW,Academic Instructnl Cntr West,Academic Instructional Center (West),405,MonWedFri,08:30,09:50,15,48.73215536193158,-122.48657986247183,main_campus,matched,
202620,Spring 2026,PSY 472 0,22024,Seminar in Health and Well-Being,AW,Academic Instructnl Cntr West,Academic Instructional Center (West),412,MonWedFri,08:30,09:50,17,48.73215536193158,-122.48657986247183,main_campus,matched,
202620,Spring 2026,ECON 307 0,21716,Intermediate Macroeconomics,AW,Academic Instructnl Cntr West,Academic Instructional Center (West),405,MonWedFri,10:00,11:20,35,48.73215536193158,-122.48657986247183,main_campus,matched,
202620,Spring 2026,ETHN 201 0,22689,Introduction to Ethnic Studies,AW,Academic Instructnl Cntr West,Academic Instructional Center (West),205,MonWedFri,10:00,11:20,33,48.73215536193158,-122.48657986247183,main_campus,matched,
202620,Spring 2026,HIST 104 0,21913,Introduction to American Civilization: American History Since 1865,AW,Academic Instructnl Cntr West,Academic Instructional Center (West),304,MonWedFri,10:00,11:20,73,48.73215536193158,-122.48657986247183,main_campus,matched,
202620,Spring 2026,PSY 210 0,21365,Cognition,AW,Academic Instructnl Cntr West,Academic Instructional Center (West),210,MonWedFri,10:00,11:20,73,48.73215536193158,-122.48657986247183,main_campus,matched,
202620,Spring 2026,PSY 306 0,21991,Correlational Approaches to Research and Statistics,AW,Academic Instructnl Cntr West,Academic Instructional Center (West),403,MonWedFri,10:00,11:20,38,48.73215536193158,-122.48657986247183,main_campus,matched,
202620,Spring 2026,PSY 517 0,22075,Advanced Multivariate Modeling,AW,Academic Instructnl Cntr West,Academic Instructional Center (West),412,MonWedFri,10:00,11:20,6,48.73215536193158,-122.48657986247183,main_campus,matched,
202620,Spring 2026,SLHS 361 0,23276,Developmental Language Disorders,AW,Academic Instructnl Cntr West,Academic Instructional Center (West),204,MonWedFri,10:00,11:20,50,48.73215536193158,-122.48657986247183,main_campus,matched,
202620,Spring 2026,ETHN 321 0,23821,"Policing, Incarceration, Abolition",AW,Academic Instructnl Cntr West,Academic Instructional Center (West),410,MonWedFri,11:30,12:50,15,48.73215536193158,-122.48657986247183,main_campus,matched,
202620,Spring 2026,PSY 250 0,21368,Introduction to Behavioral and Mental Health,AW,Academic Instructnl Cntr West,Academic Instructional Center (West),210,MonWedFri,11:30,12:50,84,48.73215536193158,-122.48657986247183,main_campus,matched,
202620,Spring 2026,PSY 343 0,22731,Social Processes,AW,Academic Instructnl Cntr West,Academic Instructional Center (West),405,MonWedFri,11:30,12:50,28,48.73215536193158,-122.48657986247183,main_campus,matched,
202620,Spring 2026,PSY 376 0,23523,Psychology of Romantic Relationships,AW,Academic Instructnl Cntr West,Academic Instructional Center (West),205,MonWedFri,11:30,12:50,30,48.73215536193158,-122.48657986247183,main_campus,matched,
202620,Spring 2026,PSY 420 0,22734,Seminar in Behavioral Neuroscience,AW,Academic Instructnl Cntr West,Academic Instructional Center (West),412,MonWedFri,11:30,12:50,6,48.73215536193158,-122.48657986247183,main_campus,matched,
202620,Spring 2026,PSY 451 0,23581,Seminar in Mental Health Topics and Interventions,AW,Academic Instructnl Cntr West,Academic Instructional Center (West),408,MonWedFri,11:30,12:50,10,48.73215536193158,-122.48657986247183,main_campus,matched,
202620,Spring 2026,SOC 260 01,21698,The Family in Society,AW,Academic Instructnl Cntr West,Academic Instructional Center (West),204,MonWedFri,11:30,12:50,116,48.73215536193158,-122.48657986247183,main_campus,matched,
202620,Spring 2026,ETHN 317 0,22693,Latinx Pop Culture,AW,Academic Instructnl Cntr West,Academic Instructional Center (West),410,MonWedFri,13:00,14:20,20,48.73215536193158,-122.48657986247183,main_campus,matched,
202620,Spring 2026,LING 303 0,23536,Word Formation,AW,Academic Instructnl Cntr West,Academic Instructional Center (West),205,MonWedFri,13:00,14:20,25,48.73215536193158,-122.48657986247183,main_campus,matched,
202620,Spring 2026,PLSC 424 20,23210,The U.S. Congress,AW,Academic Instructnl Cntr West,Academic Instructional Center (West),406,MonWedFri,13:00,14:20,35,48.73215536193158,-122.48657986247183,main_campus,matched,
202620,Spring 2026,PSY 210 0,20229,Cognition,AW,Academic Instructnl Cntr West,Academic Instructional Center (West),210,MonWedFri,13:00,14:20,85,48.73215536193158,-122.48657986247183,main_campus,matched,
202620,Spring 2026,SLHS 554 0,23288,Stuttering,AW,Academic Instructnl Cntr West,Academic Instructional Center (West),405,MonWedFri,13:00,14:20,20,48.73215536193158,-122.48657986247183,main_campus,matched,
202620,Spring 2026,SOC 269 01,22346,Race and Ethnic Relations,AW,Academic Instructnl Cntr West,Academic Instructional Center (West),204,MonWedFri,13:00,14:20,113,48.73215536193158,-122.48657986247183,main_campus,matched,
202620,Spring 2026,PSY 220 0,20225,Behavioral Neuroscience,AW,Academic Instructnl Cntr West,Academic Instructional Center (West),210,MonWedFri,14:30,15:50,84,48.73215536193158,-122.48657986247183,main_campus,matched,
202620,Spring 2026,PSY 310 0,24134,Sensation and Perception,AW,Academic Instructnl Cntr West,Academic Instructional Center (West),405,MonWedFri,14:30,15:50,9,48.73215536193158,-122.48657986247183,main_campus,matched,
202620,Spring 2026,PSY 359 0,22421,Foundations of Counseling,AW,Academic Instructnl Cntr West,Academic Instructional Center (West),205,MonWedFri,14:30,15:50,30,48.73215536193158,-122.48657986247183,main_campus,matched,
202620,Spring 2026,MIS 220 0,20123,Introduction to Business Computer Systems,AW,Academic Instructnl Cntr West,Academic Instructional Center (West),306,Thu,14:00,15:50,57,48.73215536193158,-122.48657986247183,main_campus,matched,
202620,Spring 2026,LDST 240 0,22312,Introduction to Peer Leadership Education,AW,Academic Instructnl Cntr West,Academic Instructional Center (West),405,Thu,15:00,17:50,11,48.73215536193158,-122.48657986247183,main_campus,matched,
202620,Spring 2026,LDST 340 0,22313,Advanced Peer Leadership Education,AW,Academic Instructnl Cntr West,Academic Instructional Center (West),405,Thu,15:00,17:50,2,48.73215536193158,-122.48657986247183,main_campus,matched,
202620,Spring 2026,ENVS 499A 1,21697,CENV Speaker Series,AW,Academic Instructnl Cntr West,Academic Instructional Center (West),204,Thu,16:30,17:20,69,48.73215536193158,-122.48657986247183,main_campus,matched,
202620,Spring 2026,ESCI 499A 0,22068,College of the Environment Speaker Series,AW,Academic Instructnl Cntr West,Academic Instructional Center (West),204,Thu,16:30,17:20,0,48.73215536193158,-122.48657986247183,main_campus,matched,
202620,Spring 2026,UEPP 499 01,22392,CENV Speaker Series,AW,Academic Instructnl Cntr West,Academic Instructional Center (West),204,Thu,16:30,17:20,0,48.73215536193158,-122.48657986247183,main_campus,matched,
202620,Spring 2026,MIS 220 0,20122,Introduction to Business Computer Systems,AW,Academic Instructnl Cntr West,Academic Instructional Center (West),306,Tue,14:00,15:50,57,48.73215536193158,-122.48657986247183,main_campus,matched,
202620,Spring 2026,UEPP 499 0,24009,Seminar,AW,Academic Instructnl Cntr West,Academic Instructional Center (West),405,Tue,15:00,15:50,7,48.73215536193158,-122.48657986247183,main_campus,matched,
202620,Spring 2026,SMNR 192 SN1,23073,Extra-Curricular &amp; Community Relations,AW,Academic Instructnl Cntr West,Academic Instructional Center (West),405,Tue,16:00,16:50,7,48.73215536193158,-122.48657986247183,main_campus,matched,
202620,Spring 2026,SMNR 192 SN2,23074,Extra-Curricular &amp; Community Relations,AW,Academic Instructnl Cntr West,Academic Instructional Center (West),403,Tue,16:00,16:50,8,48.73215536193158,-122.48657986247183,main_campus,matched,
202620,Spring 2026,BNS 401 0,23531,Advanced Topics in Behavioral Neuroscience,AW,Academic Instructnl Cntr West,Academic Instructional Center (West),408,TueThu,08:00,09:50,15,48.73215536193158,-122.48657986247183,main_campus,matched,
202620,Spring 2026,COMM 235 0,20194,Introduction to Argumentation and Debate,AW,Academic Instructnl Cntr West,Academic Instructional Center (West),412,TueThu,08:00,09:50,23,48.73215536193158,-122.48657986247183,main_campus,matched,
202620,Spring 2026,PSY 354 0,22420,Interventions in Child and Adolescent Mental Health,AW,Academic Instructnl Cntr West,Academic Instructional Center (West),205,TueThu,08:00,09:50,29,48.73215536193158,-122.48657986247183,main_campus,matched,
202620,Spring 2026,COMM 228 0,23559,Organizational Communication,AW,Academic Instructnl Cntr West,Academic Instructional Center (West),205,TueThu,10:00,11:50,30,48.73215536193158,-122.48657986247183,main_campus,matched,
202620,Spring 2026,COMM 235 0,20310,Introduction to Argumentation and Debate,AW,Academic Instructnl Cntr West,Academic Instructional Center (West),412,TueThu,10:00,11:50,22,48.73215536193158,-122.48657986247183,main_campus,matched,
202620,Spring 2026,COMM 319 0,23563,Health Communication,AW,Academic Instructnl Cntr West,Academic Instructional Center (West),302,TueThu,10:00,11:50,30,48.73215536193158,-122.48657986247183,main_campus,matched,
202620,Spring 2026,ECON 306 0,20051,Intermediate Microeconomics,AW,Academic Instructnl Cntr West,Academic Instructional Center (West),405,TueThu,10:00,11:50,22,48.73215536193158,-122.48657986247183,main_campus,matched,
202620,Spring 2026,ECON 383 0,23436,Environmental Economics,AW,Academic Instructnl Cntr West,Academic Instructional Center (West),403,TueThu,10:00,11:50,14,48.73215536193158,-122.48657986247183,main_campus,matched,
202620,Spring 2026,FIN 447 S25,21591,Commercial Bank Management,AW,Academic Instructnl Cntr West,Academic Instructional Center (West),303,TueThu,10:00,11:50,37,48.73215536193158,-122.48657986247183,main_campus,matched,
202620,Spring 2026,IBUS 370 0,20504,Introduction to International Business,AW,Academic Instructnl Cntr West,Academic Instructional Center (West),305,TueThu,10:00,11:50,17,48.73215536193158,-122.48657986247183,main_campus,matched,
202620,Spring 2026,OPS 461 0,20373,Project Management,AW,Academic Instructnl Cntr West,Academic Instructional Center (West),203,TueThu,10:00,11:50,28,48.73215536193158,-122.48657986247183,main_campus,matched,
202620,Spring 2026,PSY 230 0,20377,Lifespan Developmental Psychology,AW,Academic Instructnl Cntr West,Academic Instructional Center (West),210,TueThu,10:00,11:50,80,48.73215536193158,-122.48657986247183,main_campus,matched,
202620,Spring 2026,PSY 351 0,23522,Interventions in Adult Mental Health,AW,Academic Instructnl Cntr West,Academic Instructional Center (West),406,TueThu,10:00,11:50,31,48.73215536193158,-122.48657986247183,main_campus,matched,
202620,Spring 2026,PSY 451 02,21543,Seminar in Mental Health Topics and Interventions,AW,Academic Instructnl Cntr West,Academic Instructional Center (West),410,TueThu,10:00,11:50,12,48.73215536193158,-122.48657986247183,main_campus,matched,
202620,Spring 2026,PSY 532 0,22424,Cross-Cultural Counseling,AW,Academic Instructnl Cntr West,Academic Instructional Center (West),408,TueThu,10:00,11:50,12,48.73215536193158,-122.48657986247183,main_campus,matched,
202620,Spring 2026,SLHS 251 0,23269,Introduction to Communication Disorders,AW,Academic Instructnl Cntr West,Academic Instructional Center (West),204,TueThu,10:00,11:20,76,48.73215536193158,-122.48657986247183,main_campus,matched,
202620,Spring 2026,SLHS 490 0,23280,Culturally Responsive Clinical Practices,AW,Academic Instructnl Cntr West,Academic Instructional Center (West),304,TueThu,10:00,11:20,34,48.73215536193158,-122.48657986247183,main_campus,matched,
202620,Spring 2026,MGMT 382 0,20712,Business and Its Environment,AW,Academic Instructnl Cntr West,Academic Instructional Center (West),203,TueThu,12:00,13:50,37,48.73215536193158,-122.48657986247183,main_campus,matched,
202620,Spring 2026,MIS 321 0,22971,Systems Analysis and Design,AW,Academic Instructnl Cntr West,Academic Instructional Center (West),302,TueThu,12:00,13:50,19,48.73215536193158,-122.48657986247183,main_campus,matched,
202620,Spring 2026,MKTG 384 S25,22028,Marketing and Sustainability,AW,Academic Instructnl Cntr West,Academic Instructional Center (West),305,TueThu,12:00,13:50,7,48.73215536193158,-122.48657986247183,main_campus,matched,
202620,Spring 2026,MKTG 474 S25,22029,Marketing Strategies for Sustainability,AW,Academic Instructnl Cntr West,Academic Instructional Center (West),305,TueThu,12:00,13:50,13,48.73215536193158,-122.48657986247183,main_campus,matched,
202620,Spring 2026,MKTG 499 0,23460,People and Money: Psychology and Behavior Perspective,AW,Academic Instructnl Cntr West,Academic Instructional Center (West),403,TueThu,12:00,13:50,14,48.73215536193158,-122.48657986247183,main_campus,matched,
202620,Spring 2026,PSY 203 0,21985,Research Methods,AW,Academic Instructnl Cntr West,Academic Instructional Center (West),210,TueThu,12:00,13:50,71,48.73215536193158,-122.48657986247183,main_campus,matched,
202620,Spring 2026,PSY 230 0,21366,Lifespan Developmental Psychology,AW,Academic Instructnl Cntr West,Academic Instructional Center (West),204,TueThu,12:00,13:50,82,48.73215536193158,-122.48657986247183,main_campus,matched,
202620,Spring 2026,PSY 305 0,21987,Scientific Thinking and Writing,AW,Academic Instructnl Cntr West,Academic Instructional Center (West),412,TueThu,12:00,13:50,13,48.73215536193158,-122.48657986247183,main_campus,matched,
202620,Spring 2026,PSY 306 0,21992,Correlational Approaches to Research and Statistics,AW,Academic Instructnl Cntr West,Academic Instructional Center (West),303,TueThu,12:00,13:50,40,48.73215536193158,-122.48657986247183,main_campus,matched,
202620,Spring 2026,PSY 375 0,22732,Health Psychology,AW,Academic Instructnl Cntr West,Academic Instructional Center (West),304,TueThu,12:00,13:50,23,48.73215536193158,-122.48657986247183,main_campus,matched,
202620,Spring 2026,PSY 435 0,23580,Seminar in Culture and Development,AW,Academic Instructnl Cntr West,Academic Instructional Center (West),205,TueThu,12:00,13:50,12,48.73215536193158,-122.48657986247183,main_campus,matched,
202620,Spring 2026,PSY 455 0,23817,Seminar in Culture and Mental Health,AW,Academic Instructnl Cntr West,Academic Instructional Center (West),410,TueThu,12:00,13:50,15,48.73215536193158,-122.48657986247183,main_campus,matched,
202620,Spring 2026,SLHS 551 0,23287,Developmental Language Disabilities III,AW,Academic Instructnl Cntr West,Academic Instructional Center (West),405,TueThu,13:00,14:50,20,48.73215536193158,-122.48657986247183,main_campus,matched,
202620,Spring 2026,SLHS 572 0,23293,Hearing Aids II,AW,Academic Instructnl Cntr West,Academic Instructional Center (West),408,TueThu,13:00,14:50,8,48.73215536193158,-122.48657986247183,main_campus,matched,
202620,Spring 2026,COMM 235 0,20403,Introduction to Argumentation and Debate,AW,Academic Instructnl Cntr West,Academic Instructional Center (West),203,TueThu,14:00,15:50,24,48.73215536193158,-122.48657986247183,main_campus,matched,
202620,Spring 2026,COMM 303 0,23562,Communication and Conflict,AW,Academic Instructnl Cntr West,Academic Instructional Center (West),303,TueThu,14:00,15:50,24,48.73215536193158,-122.48657986247183,main_campus,matched,
202620,Spring 2026,COMM 427 0,22870,Issues in Interpersonal Communication,AW,Academic Instructnl Cntr West,Academic Instructional Center (West),403,TueThu,14:00,15:50,9,48.73215536193158,-122.48657986247183,main_campus,matched,
202620,Spring 2026,ETHN 319 0,22696,Indigenous Feminisms,AW,Academic Instructnl Cntr West,Academic Instructional Center (West),410,TueThu,14:00,15:50,16,48.73215536193158,-122.48657986247183,main_campus,matched,
202620,Spring 2026,PSY 220 0,20407,Behavioral Neuroscience,AW,Academic Instructnl Cntr West,Academic Instructional Center (West),210,TueThu,14:00,15:50,82,48.73215536193158,-122.48657986247183,main_campus,matched,
202620,Spring 2026,PSY 250 0,20228,Introduction to Behavioral and Mental Health,AW,Academic Instructnl Cntr West,Academic Instructional Center (West),204,TueThu,14:00,15:50,85,48.73215536193158,-122.48657986247183,main_campus,matched,
202620,Spring 2026,PSY 305 0,23471,Scientific Thinking and Writing,AW,Academic Instructnl Cntr West,Academic Instructional Center (West),205,TueThu,14:00,15:50,14,48.73215536193158,-122.48657986247183,main_campus,matched,
202620,Spring 2026,PSY 323 0,20226,Psychopharmacology,AW,Academic Instructnl Cntr West,Academic Instructional Center (West),305,TueThu,14:00,15:50,14,48.73215536193158,-122.48657986247183,main_campus,matched,
202620,Spring 2026,PSY 323 0,22387,Psychopharmacology,AW,Academic Instructnl Cntr West,Academic Instructional Center (West),305,TueThu,14:00,15:50,15,48.73215536193158,-122.48657986247183,main_campus,matched,
202620,Spring 2026,PSY 334 0,23476,Cognitive Development,AW,Academic Instructnl Cntr West,Academic Instructional Center (West),304,TueThu,14:00,15:50,30,48.73215536193158,-122.48657986247183,main_campus,matched,
202620,Spring 2026,PSY 442 0,21710,Seminar in Social Psychology,AW,Academic Instructnl Cntr West,Academic Instructional Center (West),406,TueThu,14:00,15:50,11,48.73215536193158,-122.48657986247183,main_campus,matched,
202620,Spring 2026,UEPP 462 0,23481,Planning Theory,AW,Academic Instructnl Cntr West,Academic Instructional Center (West),302,TueThu,14:00,15:20,32,48.73215536193158,-122.48657986247183,main_campus,matched,
202620,Spring 2026,UEPP 562 0,23484,Advanced Planning Theory,AW,Academic Instructnl Cntr West,Academic Instructional Center (West),302,TueThu,14:00,15:20,0,48.73215536193158,-122.48657986247183,main_campus,matched,
202620,Spring 2026,COMM 428 0,22142,Issues in Organizational Communication,AW,Academic Instructnl Cntr West,Academic Instructional Center (West),303,TueThu,16:00,17:50,3,48.73215536193158,-122.48657986247183,main_campus,matched,
202620,Spring 2026,ESCI 506 00,23583,EnvDataSci: Dashbrd &amp; App Dev,AW,Academic Instructnl Cntr West,Academic Instructional Center (West),302,Wed,08:00,09:50,6,48.73215536193158,-122.48657986247183,main_campus,matched,
202620,Spring 2026,MIS 220 0,22963,Introduction to Business Computer Systems,AW,Academic Instructnl Cntr West,Academic Instructional Center (West),306,Wed,10:00,11:50,56,48.73215536193158,-122.48657986247183,main_campus,matched,
202620,Spring 2026,SLHS 587 0,23446,Cochlear Implants,AW,Academic Instructnl Cntr West,Academic Instructional Center (West),408,Wed,13:00,15:50,0,48.73215536193158,-122.48657986247183,main_campus,matched,
202620,Spring 2026,SMNR 192 SN4,23703,Extra-Curricular &amp; Community Relations,AW,Academic Instructnl Cntr West,Academic Instructional Center (West),405,Wed,16:00,16:50,8,48.73215536193158,-122.48657986247183,main_campus,matched,
202620,Spring 2026,HNRS 204 0,23375,Colloquium in Psychology,AW,Academic Instructnl Cntr West,Academic Instructional Center (West),305,WedFri,12:00,13:50,11,48.73215536193158,-122.48657986247183,main_campus,matched,
202620,Spring 2026,BIOL 523 0,22990,Research Presentation,BH,Bond Hall,Bond Hall,417,Mon,10:00,11:20,19,48.73653187172889,-122.48583401644426,main_campus,matched,
202620,Spring 2026,HIST 507 02,23408,Biography as Historical Method,BH,Bond Hall,Bond Hall,151,Mon,14:00,16:50,7,48.73653187172889,-122.48583401644426,main_campus,matched,
202620,Spring 2026,HIST 499 R6,21713,The Ancient World,BH,Bond Hall,Bond Hall,401,Mon,15:00,17:50,11,48.73653187172889,-122.48583401644426,main_campus,matched,
202620,Spring 2026,ENG 364 0,22400,Introduction to Film Studies,BH,Bond Hall,Bond Hall,105,Mon,16:00,18:50,33,48.73653187172889,-122.48583401644426,main_campus,matched,
202620,Spring 2026,ENG 424 0,22401,MajFilmmakers:Kathryn Bigelow,BH,Bond Hall,Bond Hall,109,Mon,16:00,18:50,20,48.73653187172889,-122.48583401644426,main_campus,matched,
202620,Spring 2026,MATH 491 0,23997,Internship Seminar - Teaching K-8 Mathematics,BH,Bond Hall,Bond Hall,404,Mon,17:00,18:50,17,48.73653187172889,-122.48583401644426,main_campus,matched,
202620,Spring 2026,MATH 419 0,20559,Historical Perspectives of Mathematics,BH,Bond Hall,Bond Hall,114,MonTueThu,11:00,11:50,18,48.73653187172889,-122.48583401644426,main_campus,matched,
202620,Spring 2026,MATH 419 0,20638,Historical Perspectives of Mathematics,BH,Bond Hall,Bond Hall,104,MonTueThu,13:00,13:50,16,48.73653187172889,-122.48583401644426,main_campus,matched,
202620,Spring 2026,MATH 240 0,20289,Introduction to Statistics,BH,Bond Hall,Bond Hall,319,MonTueThuFri,08:00,08:50,38,48.73653187172889,-122.48583401644426,main_campus,matched,
202620,Spring 2026,MATH 402 0,20142,Introduction to Abstract Algebra,BH,Bond Hall,Bond Hall,317,MonTueThuFri,09:00,09:50,14,48.73653187172889,-122.48583401644426,main_campus,matched,
202620,Spring 2026,MATH 432 0,20265,Systems of Differential Equations,BH,Bond Hall,Bond Hall,112,MonTueThuFri,09:00,09:50,25,48.73653187172889,-122.48583401644426,main_campus,matched,
202620,Spring 2026,MATH 502 0,23228,Abstract Algebra,BH,Bond Hall,Bond Hall,317,MonTueThuFri,09:00,09:50,4,48.73653187172889,-122.48583401644426,main_campus,matched,
202620,Spring 2026,MATH 204 0,20025,Elementary Linear Algebra,BH,Bond Hall,Bond Hall,217,MonTueThuFri,10:00,10:50,31,48.73653187172889,-122.48583401644426,main_campus,matched,
202620,Spring 2026,MATH 225 0,20029,Multivariable Calculus and Geometry II,BH,Bond Hall,Bond Hall,105,MonTueThuFri,10:00,10:50,26,48.73653187172889,-122.48583401644426,main_campus,matched,
202620,Spring 2026,MATH 240 0,20451,Introduction to Statistics,BH,Bond Hall,Bond Hall,401,MonTueThuFri,10:00,10:50,40,48.73653187172889,-122.48583401644426,main_campus,matched,
202620,Spring 2026,MATH 304 0,20140,Linear Algebra,BH,Bond Hall,Bond Hall,317,MonTueThuFri,10:00,10:50,22,48.73653187172889,-122.48583401644426,main_campus,matched,
202620,Spring 2026,M/CS 375 0,21082,Numerical Computation,BH,Bond Hall,Bond Hall,109,MonTueThuFri,11:00,11:50,31,48.73653187172889,-122.48583401644426,main_campus,matched,
202620,Spring 2026,M/CS 475 0,20368,Numerical Analysis,BH,Bond Hall,Bond Hall,317,MonTueThuFri,11:00,11:50,18,48.73653187172889,-122.48583401644426,main_campus,matched,
202620,Spring 2026,MATH 107 0,20288,Mathematical Reasoning and Its Applications,BH,Bond Hall,Bond Hall,105,MonTueThuFri,11:00,11:50,57,48.73653187172889,-122.48583401644426,main_campus,matched,
202620,Spring 2026,MATH 575 0,21773,Numerical Analysis,BH,Bond Hall,Bond Hall,317,MonTueThuFri,11:00,11:50,2,48.73653187172889,-122.48583401644426,main_campus,matched,
202620,Spring 2026,MATH 108 0,21618,Math Applications &amp; Reasoning,BH,Bond Hall,Bond Hall,109,MonTueThuFri,12:00,12:50,36,48.73653187172889,-122.48583401644426,main_campus,matched,
202620,Spring 2026,MATH 302 0,20031,Introduction to Proofs Via Number Theory,BH,Bond Hall,Bond Hall,401,MonTueThuFri,12:00,12:50,19,48.73653187172889,-122.48583401644426,main_campus,matched,
202620,Spring 2026,MATH 312 0,20032,Proofs in Elementary Analysis,BH,Bond Hall,Bond Hall,201,MonTueThuFri,12:00,12:50,12,48.73653187172889,-122.48583401644426,main_campus,matched,
202620,Spring 2026,MATH 443 0,23202,Linear Statistical Models,BH,Bond Hall,Bond Hall,104,MonTueThuFri,12:00,12:50,17,48.73653187172889,-122.48583401644426,main_campus,matched,
202620,Spring 2026,MATH 543 0,23223,Linear Statistical Models,BH,Bond Hall,Bond Hall,104,MonTueThuFri,12:00,12:50,4,48.73653187172889,-122.48583401644426,main_campus,matched,
202620,Spring 2026,M/CS 435 0,20961,Nonlinear Optimization,BH,Bond Hall,Bond Hall,227,MonTueThuFri,13:00,13:50,15,48.73653187172889,-122.48583401644426,main_campus,matched,
202620,Spring 2026,MATH 107 0,20318,Mathematical Reasoning and Its Applications,BH,Bond Hall,Bond Hall,105,MonTueThuFri,13:00,13:50,55,48.73653187172889,-122.48583401644426,main_campus,matched,
202620,Spring 2026,MATH 204 0,20953,Elementary Linear Algebra,BH,Bond Hall,Bond Hall,112,MonTueThuFri,13:00,13:50,32,48.73653187172889,-122.48583401644426,main_campus,matched,
202620,Spring 2026,MATH 302 0,20501,Introduction to Proofs Via Number Theory,BH,Bond Hall,Bond Hall,201,MonTueThuFri,13:00,13:50,19,48.73653187172889,-122.48583401644426,main_campus,matched,
202620,Spring 2026,MATH 331 0,20959,Ordinary Differential Equations,BH,Bond Hall,Bond Hall,109,MonTueThuFri,13:00,13:50,27,48.73653187172889,-122.48583401644426,main_campus,matched,
202620,Spring 2026,MATH 342 0,20141,Statistical Methods I,BH,Bond Hall,Bond Hall,319,MonTueThuFri,13:00,13:50,28,48.73653187172889,-122.48583401644426,main_campus,matched,
202620,Spring 2026,MATH 465 0,23224,Enumerative Combinatorics,BH,Bond Hall,Bond Hall,114,MonTueThuFri,13:00,13:50,16,48.73653187172889,-122.48583401644426,main_campus,matched,
202620,Spring 2026,MATH 535 0,21772,Nonlinear Optimization,BH,Bond Hall,Bond Hall,227,MonTueThuFri,13:00,13:50,9,48.73653187172889,-122.48583401644426,main_campus,matched,
202620,Spring 2026,M/CS 335 0,21758,Linear Optimization,BH,Bond Hall,Bond Hall,112,MonTueThuFri,14:00,14:50,35,48.73653187172889,-122.48583401644426,main_campus,matched,
202620,Spring 2026,MATH 108 0,22093,Math Applications &amp; Reasoning,BH,Bond Hall,Bond Hall,105,MonTueThuFri,14:00,14:50,17,48.73653187172889,-122.48583401644426,main_campus,matched,
202620,Spring 2026,MATH 312 0,21620,Proofs in Elementary Analysis,BH,Bond Hall,Bond Hall,201,MonTueThuFri,14:00,14:50,18,48.73653187172889,-122.48583401644426,main_campus,matched,
202620,Spring 2026,MATH 112 0,20321,Functions and Algebraic Methods,BH,Bond Hall,Bond Hall,227,MonTueWedThuFri,08:00,08:50,30,48.73653187172889,-122.48583401644426,main_campus,matched,
202620,Spring 2026,MATH 112 0,20322,Functions and Algebraic Methods,BH,Bond Hall,Bond Hall,217,MonTueWedThuFri,08:00,08:50,31,48.73653187172889,-122.48583401644426,main_campus,matched,
202620,Spring 2026,MATH 125 0,20019,Calculus and Analytic Geometry II,BH,Bond Hall,Bond Hall,106,MonTueWedThuFri,08:00,08:50,8,48.73653187172889,-122.48583401644426,main_campus,matched,
202620,Spring 2026,MATH 099 0,21153,Introductory Algebra,BH,Bond Hall,Bond Hall,225,MonTueWedThuFri,09:00,09:50,40,48.73653187172889,-122.48583401644426,main_campus,matched,
202620,Spring 2026,MATH 112 0,20319,Functions and Algebraic Methods,BH,Bond Hall,Bond Hall,217,MonTueWedThuFri,09:00,09:50,43,48.73653187172889,-122.48583401644426,main_campus,matched,
202620,Spring 2026,MATH 114 0,20008,Precalculus I,BH,Bond Hall,Bond Hall,319,MonTueWedThuFri,09:00,09:50,9,48.73653187172889,-122.48583401644426,main_campus,matched,
202620,Spring 2026,MATH 114 0,20009,Precalculus I,BH,Bond Hall,Bond Hall,227,MonTueWedThuFri,09:00,09:50,32,48.73653187172889,-122.48583401644426,main_campus,matched,
202620,Spring 2026,MATH 125 0,20020,Calculus and Analytic Geometry II,BH,Bond Hall,Bond Hall,106,MonTueWedThuFri,09:00,09:50,25,48.73653187172889,-122.48583401644426,main_campus,matched,
202620,Spring 2026,MATH 099 0,21617,Introductory Algebra,BH,Bond Hall,Bond Hall,225,MonTueWedThuFri,10:00,10:50,42,48.73653187172889,-122.48583401644426,main_campus,matched,
202620,Spring 2026,MATH 114 0,20011,Precalculus I,BH,Bond Hall,Bond Hall,227,MonTueWedThuFri,10:00,10:50,26,48.73653187172889,-122.48583401644426,main_campus,matched,
202620,Spring 2026,MATH 124 0,20016,Calculus and Analytic Geometry I,BH,Bond Hall,Bond Hall,106,MonTueWedThuFri,10:00,10:50,32,48.73653187172889,-122.48583401644426,main_campus,matched,
202620,Spring 2026,MATH 224 0,20027,Multivariable Calculus and Geometry I,BH,Bond Hall,Bond Hall,109,MonTueWedThuFri,10:00,10:50,29,48.73653187172889,-122.48583401644426,main_campus,matched,
202620,Spring 2026,MATH 099 0,21714,Introductory Algebra,BH,Bond Hall,Bond Hall,225,MonTueWedThuFri,11:00,11:50,44,48.73653187172889,-122.48583401644426,main_campus,matched,
202620,Spring 2026,MATH 115 0,20012,Precalculus II,BH,Bond Hall,Bond Hall,217,MonTueWedThuFri,11:00,11:50,36,48.73653187172889,-122.48583401644426,main_campus,matched,
202620,Spring 2026,MATH 124 0,20017,Calculus and Analytic Geometry I,BH,Bond Hall,Bond Hall,401,MonTueWedThuFri,11:00,11:50,36,48.73653187172889,-122.48583401644426,main_campus,matched,
202620,Spring 2026,MATH 125 0,20364,Calculus and Analytic Geometry II,BH,Bond Hall,Bond Hall,106,MonTueWedThuFri,11:00,11:50,10,48.73653187172889,-122.48583401644426,main_campus,matched,
202620,Spring 2026,MATH 224 0,20028,Multivariable Calculus and Geometry I,BH,Bond Hall,Bond Hall,227,MonTueWedThuFri,11:00,11:50,33,48.73653187172889,-122.48583401644426,main_campus,matched,
202620,Spring 2026,MATH 099 0,21995,Introductory Algebra,BH,Bond Hall,Bond Hall,217,MonTueWedThuFri,12:00,12:50,42,48.73653187172889,-122.48583401644426,main_campus,matched,
202620,Spring 2026,MATH 106 0,21154,Quantitative Reasoning,BH,Bond Hall,Bond Hall,105,MonTueWedThuFri,12:00,12:50,0,48.73653187172889,-122.48583401644426,main_campus,matched,
202620,Spring 2026,MATH 112 0,20834,Functions and Algebraic Methods,BH,Bond Hall,Bond Hall,225,MonTueWedThuFri,12:00,12:50,46,48.73653187172889,-122.48583401644426,main_campus,matched,
202620,Spring 2026,MATH 115 0,20556,Precalculus II,BH,Bond Hall,Bond Hall,227,MonTueWedThuFri,12:00,12:50,23,48.73653187172889,-122.48583401644426,main_campus,matched,
202620,Spring 2026,MATH 125 0,20557,Calculus and Analytic Geometry II,BH,Bond Hall,Bond Hall,106,MonTueWedThuFri,12:00,12:50,31,48.73653187172889,-122.48583401644426,main_campus,matched,
202620,Spring 2026,MATH 114 0,20614,Precalculus I,BH,Bond Hall,Bond Hall,217,MonTueWedThuFri,13:00,13:50,32,48.73653187172889,-122.48583401644426,main_campus,matched,
202620,Spring 2026,MATH 115 0,20613,Precalculus II,BH,Bond Hall,Bond Hall,401,MonTueWedThuFri,13:00,13:50,36,48.73653187172889,-122.48583401644426,main_campus,matched,
202620,Spring 2026,MATH 224 0,20558,Multivariable Calculus and Geometry I,BH,Bond Hall,Bond Hall,106,MonTueWedThuFri,13:00,13:50,34,48.73653187172889,-122.48583401644426,main_campus,matched,
202620,Spring 2026,MATH 112 0,22522,Functions and Algebraic Methods,BH,Bond Hall,Bond Hall,217,MonTueWedThuFri,14:00,14:50,35,48.73653187172889,-122.48583401644426,main_campus,matched,
202620,Spring 2026,MATH 114 0,22412,Precalculus I,BH,Bond Hall,Bond Hall,317,MonTueWedThuFri,14:00,14:50,10,48.73653187172889,-122.48583401644426,main_campus,matched,
202620,Spring 2026,MATH 114 0,22472,Precalculus I,BH,Bond Hall,Bond Hall,227,MonTueWedThuFri,14:00,14:50,26,48.73653187172889,-122.48583401644426,main_campus,matched,
202620,Spring 2026,MATH 115 0,21619,Precalculus II,BH,Bond Hall,Bond Hall,401,MonTueWedThuFri,14:00,14:50,36,48.73653187172889,-122.48583401644426,main_campus,matched,
202620,Spring 2026,MATH 125 0,23222,Calculus and Analytic Geometry II,BH,Bond Hall,Bond Hall,106,MonTueWedThuFri,14:00,14:50,18,48.73653187172889,-122.48583401644426,main_campus,matched,
202620,Spring 2026,ELED 480 1,20444,Literacy: Beginning Communicators,BH,Bond Hall,Bond Hall,104,MonWed,08:00,10:20,17,48.73653187172889,-122.48583401644426,main_campus,matched,
202620,Spring 2026,MATH 371 0,21996,Teaching P-3 Mathematics I,BH,Bond Hall,Bond Hall,404,MonWed,08:00,09:50,16,48.73653187172889,-122.48583401644426,main_campus,matched,
202620,Spring 2026,ENG 101 0,20040,Writing Your Way Through WWU,BH,Bond Hall,Bond Hall,221,MonWed,08:30,09:50,12,48.73653187172889,-122.48583401644426,main_campus,matched,
202620,Spring 2026,ENG 101 0,20190,Writing Your Way Through WWU,BH,Bond Hall,Bond Hall,221,MonWed,10:00,11:20,18,48.73653187172889,-122.48583401644426,main_campus,matched,
202620,Spring 2026,MATH 383 0,20366,Teaching K-8 Mathematics III,BH,Bond Hall,Bond Hall,404,MonWed,10:00,11:50,31,48.73653187172889,-122.48583401644426,main_campus,matched,
202620,Spring 2026,MKTG 485 S25,22909,Applied IMC Using Content Marketing,BH,Bond Hall,Bond Hall,108,MonWed,10:00,11:50,10,48.73653187172889,-122.48583401644426,main_campus,matched,
202620,Spring 2026,ENG 101 0,20369,Writing Your Way Through WWU,BH,Bond Hall,Bond Hall,221,MonWed,11:30,12:50,13,48.73653187172889,-122.48583401644426,main_campus,matched,
202620,Spring 2026,ENTR 246 0,23461,Entrepreneurship and Innovation Foundations,BH,Bond Hall,Bond Hall,317,MonWed,12:00,13:50,21,48.73653187172889,-122.48583401644426,main_campus,matched,
202620,Spring 2026,MATH 109 0,22529,Support for Functions and Algebraic Methods,BH,Bond Hall,Bond Hall,415,MonWed,12:00,12:50,15,48.73653187172889,-122.48583401644426,main_campus,matched,
202620,Spring 2026,MATH 382 0,20393,Teaching K-8 Mathematics II,BH,Bond Hall,Bond Hall,404,MonWed,12:00,13:50,28,48.73653187172889,-122.48583401644426,main_campus,matched,
202620,Spring 2026,ENG 101 0,20996,Writing Your Way Through WWU,BH,Bond Hall,Bond Hall,221,MonWed,13:00,14:20,5,48.73653187172889,-122.48583401644426,main_campus,matched,
202620,Spring 2026,HUMA 302 0,21565,Methods of Interdisciplinary Study,BH,Bond Hall,Bond Hall,159,MonWed,13:00,14:50,16,48.73653187172889,-122.48583401644426,main_campus,matched,
202620,Spring 2026,LDST 450 0,21611,Leadership and Pedagogy,BH,Bond Hall,Bond Hall,110,MonWed,13:00,14:20,9,48.73653187172889,-122.48583401644426,main_campus,matched,
202620,Spring 2026,LDST 452 0,22041,Advanced Leadership &amp; Pedagogy,BH,Bond Hall,Bond Hall,110,MonWed,13:00,14:20,4,48.73653187172889,-122.48583401644426,main_campus,matched,
202620,Spring 2026,MATH 483 0,20143,Methods of Teaching Secondary Mathematics,BH,Bond Hall,Bond Hall,404,MonWed,14:00,16:50,14,48.73653187172889,-122.48583401644426,main_campus,matched,
202620,Spring 2026,SPED 446 0,22383,Mentoring Students with Complex Needs,BH,Bond Hall,Bond Hall,225,MonWed,14:30,16:20,29,48.73653187172889,-122.48583401644426,main_campus,matched,
202620,Spring 2026,ELED 481 0,23534,Literacy: Fluent Communicators,BH,Bond Hall,Bond Hall,112,MonWed,15:00,16:50,19,48.73653187172889,-122.48583401644426,main_campus,matched,
202620,Spring 2026,LDST 101 0,21375,Introduction to Leadership Studies,BH,Bond Hall,Bond Hall,217,MonWed,15:00,16:20,7,48.73653187172889,-122.48583401644426,main_campus,matched,
202620,Spring 2026,LDST 101 0,21378,Introduction to Leadership Studies,BH,Bond Hall,Bond Hall,217,MonWed,15:00,16:20,15,48.73653187172889,-122.48583401644426,main_campus,matched,
202620,Spring 2026,LDST 101 0,22044,Introduction to Leadership Studies,BH,Bond Hall,Bond Hall,217,MonWed,15:00,16:20,8,48.73653187172889,-122.48583401644426,main_campus,matched,
202620,Spring 2026,LDST 101 04,21404,Introduction to Leadership Studies,BH,Bond Hall,Bond Hall,217,MonWed,15:00,16:20,6,48.73653187172889,-122.48583401644426,main_campus,matched,
202620,Spring 2026,REL 490 0,22301,Contesting Creation,BH,Bond Hall,Bond Hall,159,MonWed,15:00,16:50,11,48.73653187172889,-122.48583401644426,main_campus,matched,
202620,Spring 2026,WGSS 213 0,23477,Introduction to Sexuality and Queer Studies,BH,Bond Hall,Bond Hall,319,MonWed,15:00,16:50,34,48.73653187172889,-122.48583401644426,main_campus,matched,
202620,Spring 2026,EAST 367 0,22879,Chinese Literature in Translation,BH,Bond Hall,Bond Hall,111,MonWedFri,10:00,11:20,7,48.73653187172889,-122.48583401644426,main_campus,matched,
202620,Spring 2026,ENG 350 0,20355,Introduction to Creative Writing,BH,Bond Hall,Bond Hall,151,MonWedFri,10:00,11:20,20,48.73653187172889,-122.48583401644426,main_campus,matched,
202620,Spring 2026,ENG 454 0,21026,Creative Wrtg Sem: Nonfiction,BH,Bond Hall,Bond Hall,173,MonWedFri,10:00,11:20,15,48.73653187172889,-122.48583401644426,main_campus,matched,
202620,Spring 2026,HIST 391 0,21914,History of the Pacific Northwest,BH,Bond Hall,Bond Hall,112,MonWedFri,10:00,11:20,27,48.73653187172889,-122.48583401644426,main_campus,matched,
202620,Spring 2026,PHIL 112 0,20281,Introduction to Philosophy: Ethics and the Good Life,BH,Bond Hall,Bond Hall,415,MonWedFri,10:00,10:50,41,48.73653187172889,-122.48583401644426,main_campus,matched,
202620,Spring 2026,REL 231 0,21984,Introduction to the Study of Religion,BH,Bond Hall,Bond Hall,419,MonWedFri,10:00,11:20,43,48.73653187172889,-122.48583401644426,main_campus,matched,
202620,Spring 2026,WGSS 211 0,21113,"Introduction to Women, Gender, &amp; Sexuality Studies",BH,Bond Hall,Bond Hall,319,MonWedFri,10:00,11:20,32,48.73653187172889,-122.48583401644426,main_campus,matched,
202620,Spring 2026,KIN 516 0,23718,Advanced Conditioning Principles and Practice,BH,Bond Hall,Bond Hall,104,MonWedFri,11:00,11:50,3,48.73653187172889,-122.48583401644426,main_campus,matched,
202620,Spring 2026,PHIL 112 0,20861,Introduction to Philosophy: Ethics and the Good Life,BH,Bond Hall,Bond Hall,415,MonWedFri,11:00,11:50,44,48.73653187172889,-122.48583401644426,main_campus,matched,
202620,Spring 2026,ENG 308 0,21589,Seminar in Literature &amp; Culture: Early Modern,BH,Bond Hall,Bond Hall,173,MonWedFri,11:30,12:50,18,48.73653187172889,-122.48583401644426,main_campus,matched,
202620,Spring 2026,HIST 364 0,23394,Latin America at the Movies,BH,Bond Hall,Bond Hall,419,MonWedFri,11:30,12:50,29,48.73653187172889,-122.48583401644426,main_campus,matched,
202620,Spring 2026,JAPN 103 0,22566,First-Year Japanese,BH,Bond Hall,Bond Hall,319,MonWedFri,11:30,12:50,9,48.73653187172889,-122.48583401644426,main_campus,matched,
202620,Spring 2026,SPAN 352 0,22590,Survey of the Literature of Latin America,BH,Bond Hall,Bond Hall,112,MonWedFri,11:30,12:50,14,48.73653187172889,-122.48583401644426,main_campus,matched,
202620,Spring 2026,ARAB 103 0,22530,Elementary Arabic,BH,Bond Hall,Bond Hall,419,MonWedFri,13:00,14:20,17,48.73653187172889,-122.48583401644426,main_campus,matched,
202620,Spring 2026,FREN 203 0,22527,Intermediate French,BH,Bond Hall,Bond Hall,417,MonWedFri,13:00,14:20,10,48.73653187172889,-122.48583401644426,main_campus,matched,
202620,Spring 2026,FREN 385 0,22465,Culture et conversation,BH,Bond Hall,Bond Hall,173,MonWedFri,13:00,14:20,15,48.73653187172889,-122.48583401644426,main_campus,matched,
202620,Spring 2026,HIST 414 0,23402,The Carolingian Era,BH,Bond Hall,Bond Hall,111,MonWedFri,13:00,14:20,15,48.73653187172889,-122.48583401644426,main_campus,matched,
202620,Spring 2026,KIN 304 0,22179,Prevention and Care of Athletic Injuries,BH,Bond Hall,Bond Hall,225,MonWedFri,13:00,13:50,40,48.73653187172889,-122.48583401644426,main_campus,matched,
202620,Spring 2026,LING 370 0,22889,"Linguistics, Education, and Social Justice",BH,Bond Hall,Bond Hall,415,MonWedFri,13:00,14:20,18,48.73653187172889,-122.48583401644426,main_campus,matched,
202620,Spring 2026,PSY 472 0,22074,Seminar in Health and Well-Being,BH,Bond Hall,Bond Hall,215,MonWedFri,13:00,14:20,15,48.73653187172889,-122.48583401644426,main_campus,matched,
202620,Spring 2026,PHIL 368 01,23244,History of Philosophy: Kant and Post-Kantian Philosophy,BH,Bond Hall,Bond Hall,319,MonWedFri,14:00,14:50,38,48.73653187172889,-122.48583401644426,main_campus,matched,
202620,Spring 2026,CHIN 330 0,22536,Chinese Culture Through Film,BH,Bond Hall,Bond Hall,111,MonWedFri,14:30,15:50,3,48.73653187172889,-122.48583401644426,main_campus,matched,
202620,Spring 2026,HIST 346 0,23391,The United States and International Terrorism,BH,Bond Hall,Bond Hall,417,MonWedFri,14:30,15:50,31,48.73653187172889,-122.48583401644426,main_campus,matched,
202620,Spring 2026,HNRS 206 0,22315,Colloquium in Political Science,BH,Bond Hall,Bond Hall,221,MonWedFri,14:30,15:50,12,48.73653187172889,-122.48583401644426,main_campus,matched,
202620,Spring 2026,REL 290 0,23369,Poetry and Spirituality,BH,Bond Hall,Bond Hall,415,MonWedFri,14:30,15:50,42,48.73653187172889,-122.48583401644426,main_campus,matched,
202620,Spring 2026,PHIL 113 0,20923,Introduction to Philosophy: Reason and Religion,BH,Bond Hall,Bond Hall,419,MonWedFri,15:00,15:50,34,48.73653187172889,-122.48583401644426,main_campus,matched,
202620,Spring 2026,MATH 527 0,23205,Real Analysis,BH,Bond Hall,Bond Hall,317,MonWedFri,15:30,16:50,19,48.73653187172889,-122.48583401644426,main_campus,matched,
202620,Spring 2026,PHIL 113 0,21828,Introduction to Philosophy: Reason and Religion,BH,Bond Hall,Bond Hall,419,MonWedFri,16:00,16:50,33,48.73653187172889,-122.48583401644426,main_campus,matched,
202620,Spring 2026,HIST 499 R7,22338,Colonial America/Atlantic Wrld,BH,Bond Hall,Bond Hall,325,Thu,14:00,16:50,10,48.73653187172889,-122.48583401644426,main_campus,matched,
202620,Spring 2026,SEC 525 0,21381,"Content Reading, Writing and Communication in Secondary Schools",BH,Bond Hall,Bond Hall,221,Tue,09:00,12:50,15,48.73653187172889,-122.48583401644426,main_campus,matched,
202620,Spring 2026,EAST 302 0,22358,Methods and Materials in East Asian Studies,BH,Bond Hall,Bond Hall,110,Tue,14:00,16:50,7,48.73653187172889,-122.48583401644426,main_campus,matched,
202620,Spring 2026,HIST 499 01,23405,US-Latin American Relations,BH,Bond Hall,Bond Hall,151,Tue,14:00,16:50,7,48.73653187172889,-122.48583401644426,main_campus,matched,
202620,Spring 2026,HIST 499 04,23406,Holocst Testimonies &amp; Memoirs,BH,Bond Hall,Bond Hall,114,Tue,14:00,16:50,6,48.73653187172889,-122.48583401644426,main_campus,matched,
202620,Spring 2026,HIST 507 0,23407,On Microhistory,BH,Bond Hall,Bond Hall,325,Tue,14:00,16:50,7,48.73653187172889,-122.48583401644426,main_campus,matched,
202620,Spring 2026,SEC 411 S34,20358,Philosophical Foundations of Education,BH,Bond Hall,Bond Hall,317,Tue,15:00,18:50,15,48.73653187172889,-122.48583401644426,main_campus,matched,
202620,Spring 2026,ENG 364 0,20357,Introduction to Film Studies,BH,Bond Hall,Bond Hall,105,Tue,16:00,18:50,34,48.73653187172889,-122.48583401644426,main_campus,matched,
202620,Spring 2026,ENG 216 0,23777,American Literature,BH,Bond Hall,Bond Hall,105,TueThu,08:00,09:50,72,48.73653187172889,-122.48583401644426,main_campus,matched,
202620,Spring 2026,HIST 356 0,23392,Gender and History,BH,Bond Hall,Bond Hall,104,TueThu,08:00,09:50,14,48.73653187172889,-122.48583401644426,main_campus,matched,
202620,Spring 2026,MATH 381 0,20960,Teaching K-8 Mathematics I,BH,Bond Hall,Bond Hall,404,TueThu,08:00,09:50,18,48.73653187172889,-122.48583401644426,main_campus,matched,
202620,Spring 2026,WGSS 356 0,23345,Gender and History,BH,Bond Hall,Bond Hall,104,TueThu,08:00,09:50,3,48.73653187172889,-122.48583401644426,main_campus,matched,
202620,Spring 2026,DISA 350 0,22375,Topics in Critical Disability Studies,BH,Bond Hall,Bond Hall,104,TueThu,10:00,11:50,23,48.73653187172889,-122.48583401644426,main_campus,matched,
202620,Spring 2026,ENG 353 0,21383,Introduction to Poetry Writing,BH,Bond Hall,Bond Hall,151,TueThu,10:00,11:50,20,48.73653187172889,-122.48583401644426,main_campus,matched,
202620,Spring 2026,ENG 415 0,22936,NationalLit:NationOnNoMap,BH,Bond Hall,Bond Hall,173,TueThu,10:00,11:50,19,48.73653187172889,-122.48583401644426,main_campus,matched,
202620,Spring 2026,ENG 418 0,20314,Sr Sem: Reading Los Angeles,BH,Bond Hall,Bond Hall,108,TueThu,10:00,11:50,6,48.73653187172889,-122.48583401644426,main_campus,matched,
202620,Spring 2026,ENG 460 0,20296,MultiGenreWrtg:FindingForm,BH,Bond Hall,Bond Hall,111,TueThu,10:00,11:50,21,48.73653187172889,-122.48583401644426,main_campus,matched,
202620,Spring 2026,HIST 327 0,22622,Soccer in Latin America,BH,Bond Hall,Bond Hall,419,TueThu,10:00,11:50,30,48.73653187172889,-122.48583401644426,main_campus,matched,
202620,Spring 2026,HIST 365 0,23395,History of Sexuality in the United States,BH,Bond Hall,Bond Hall,319,TueThu,10:00,11:50,32,48.73653187172889,-122.48583401644426,main_campus,matched,
202620,Spring 2026,HIST 490 02,23379,Pilgrimage and Travel in Islam,BH,Bond Hall,Bond Hall,159,TueThu,10:00,11:50,4,48.73653187172889,-122.48583401644426,main_campus,matched,
202620,Spring 2026,HUMA 123 0,23376,Modern Europe,BH,Bond Hall,Bond Hall,415,TueThu,10:00,11:50,43,48.73653187172889,-122.48583401644426,main_campus,matched,
202620,Spring 2026,HUMA 390 0,23378,Cinema &amp; Modernist Thought,BH,Bond Hall,Bond Hall,417,TueThu,10:00,11:50,28,48.73653187172889,-122.48583401644426,main_campus,matched,
202620,Spring 2026,MATH 382 0,20035,Teaching K-8 Mathematics II,BH,Bond Hall,Bond Hall,404,TueThu,10:00,11:50,9,48.73653187172889,-122.48583401644426,main_campus,matched,
202620,Spring 2026,REL 338 0,23216,Mystical Traditions,BH,Bond Hall,Bond Hall,112,TueThu,10:00,11:50,19,48.73653187172889,-122.48583401644426,main_campus,matched,
202620,Spring 2026,REL 490 0,23217,Pilgrimage &amp; Travel in Islam,BH,Bond Hall,Bond Hall,159,TueThu,10:00,11:50,4,48.73653187172889,-122.48583401644426,main_campus,matched,
202620,Spring 2026,ENG 464 0,21982,Topics in Film: Third Cinema,BH,Bond Hall,Bond Hall,173,TueThu,12:00,13:50,20,48.73653187172889,-122.48583401644426,main_campus,matched,
202620,Spring 2026,HGST 302 0,21789,Topics in Genocide Studies,BH,Bond Hall,Bond Hall,317,TueThu,12:00,13:50,6,48.73653187172889,-122.48583401644426,main_campus,matched,
202620,Spring 2026,HIST 301 0,23907,Doing History: Global,BH,Bond Hall,Bond Hall,111,TueThu,12:00,13:50,19,48.73653187172889,-122.48583401644426,main_campus,matched,
202620,Spring 2026,HIST 390 0,23953,Ancient Mediterranean Seafarin,BH,Bond Hall,Bond Hall,417,TueThu,12:00,13:50,26,48.73653187172889,-122.48583401644426,main_campus,matched,
202620,Spring 2026,HIST 490 01,23404,Nation/Nationalsm PreMod Japan,BH,Bond Hall,Bond Hall,325,TueThu,12:00,13:50,10,48.73653187172889,-122.48583401644426,main_campus,matched,
202620,Spring 2026,HUMA 278 0,22962,Islamic Civilization,BH,Bond Hall,Bond Hall,415,TueThu,12:00,13:50,30,48.73653187172889,-122.48583401644426,main_campus,matched,
202620,Spring 2026,MATH 109 0,23225,Support for Functions and Algebraic Methods,BH,Bond Hall,Bond Hall,112,TueThu,12:00,12:50,9,48.73653187172889,-122.48583401644426,main_campus,matched,
202620,Spring 2026,MKTG 382 S25,20270,Consumer Behavior,BH,Bond Hall,Bond Hall,419,TueThu,12:00,13:50,35,48.73653187172889,-122.48583401644426,main_campus,matched,
202620,Spring 2026,PLSC 385 14,22716,"Nationalism, Genocide and Global Politics",BH,Bond Hall,Bond Hall,317,TueThu,12:00,13:50,29,48.73653187172889,-122.48583401644426,main_campus,matched,
202620,Spring 2026,DISA 330 0,22376,Critical Disability Studies,BH,Bond Hall,Bond Hall,319,TueThu,14:00,15:50,26,48.73653187172889,-122.48583401644426,main_campus,matched,
202620,Spring 2026,ECON 361 0,22464,International Economic Policy and Business,BH,Bond Hall,Bond Hall,417,TueThu,14:00,15:50,28,48.73653187172889,-122.48583401644426,main_campus,matched,
202620,Spring 2026,ENG 235 0,23351,Native and Indigenous Literatures of North America,BH,Bond Hall,Bond Hall,109,TueThu,14:00,15:50,72,48.73653187172889,-122.48583401644426,main_campus,matched,
202620,Spring 2026,HIST 301 01,23373,Doing History:Colnialsm Canada,BH,Bond Hall,Bond Hall,111,TueThu,14:00,15:50,16,48.73653187172889,-122.48583401644426,main_campus,matched,
202620,Spring 2026,HIST 370 0,23396,Chinese History to 600 Ad,BH,Bond Hall,Bond Hall,225,TueThu,14:00,15:50,29,48.73653187172889,-122.48583401644426,main_campus,matched,
202620,Spring 2026,HIST 402 0,23400,Theory and History,BH,Bond Hall,Bond Hall,221,TueThu,14:00,15:50,13,48.73653187172889,-122.48583401644426,main_campus,matched,
202620,Spring 2026,HIST 404 0,23401,Colonialism and the Middle East,BH,Bond Hall,Bond Hall,108,TueThu,14:00,15:50,16,48.73653187172889,-122.48583401644426,main_campus,matched,
202620,Spring 2026,HUMA 290 0,23677,Post-WWII Cinema,BH,Bond Hall,Bond Hall,415,TueThu,14:00,15:50,41,48.73653187172889,-122.48583401644426,main_campus,matched,
202620,Spring 2026,MATH 381 0,23676,Teaching K-8 Mathematics I,BH,Bond Hall,Bond Hall,404,TueThu,14:00,15:50,20,48.73653187172889,-122.48583401644426,main_campus,matched,
202620,Spring 2026,PSY 497E 0,24011,Qualitative Research Methods,BH,Bond Hall,Bond Hall,173,TueThu,14:00,15:50,9,48.73653187172889,-122.48583401644426,main_campus,matched,
202620,Spring 2026,PSY 597E 0,24056,Qualitative Research Methods,BH,Bond Hall,Bond Hall,173,TueThu,14:00,15:50,1,48.73653187172889,-122.48583401644426,main_campus,matched,
202620,Spring 2026,WGSS 348 0,22860,Masculinities in U.S. History,BH,Bond Hall,Bond Hall,419,TueThu,14:00,15:50,17,48.73653187172889,-122.48583401644426,main_campus,matched,
202620,Spring 2026,ANTH 316 0,23867,"Aztec, Inca, and Maya Archaeology",BH,Bond Hall,Bond Hall,217,TueThu,15:00,17:20,34,48.73653187172889,-122.48583401644426,main_campus,matched,
202620,Spring 2026,KIN 422 215,20462,Professional Issues in Health and Exercise Settings,BH,Bond Hall,Bond Hall,227,TueThu,15:00,16:15,22,48.73653187172889,-122.48583401644426,main_campus,matched,
202620,Spring 2026,SPED 452 0,22673,Applied Behavior Analysis,BH,Bond Hall,Bond Hall,401,TueThu,15:00,16:50,20,48.73653187172889,-122.48583401644426,main_campus,matched,
202620,Spring 2026,THTR 452 01,20641,Secondary Theatre Techniques,BH,Bond Hall,Bond Hall,112,TueThu,15:00,16:50,13,48.73653187172889,-122.48583401644426,main_campus,matched,
202620,Spring 2026,PHIL 120 0,23028,Critical Thinking,BH,Bond Hall,Bond Hall,225,TueThu,16:00,17:15,42,48.73653187172889,-122.48583401644426,main_campus,matched,
202620,Spring 2026,PHIL 417 0,22297,Seminar in Philosophy,BH,Bond Hall,Bond Hall,111,TueThu,16:00,17:15,12,48.73653187172889,-122.48583401644426,main_campus,matched,
202620,Spring 2026,ESCI 522 0,23367,Estuarine Ecology,BH,Bond Hall,Bond Hall,114,Wed,10:00,16:50,4,48.73653187172889,-122.48583401644426,main_campus,matched,
202620,Spring 2026,I T 344 1,20389,Foundations of Technology in Teaching and Learning,BH,Bond Hall,Bond Hall,104,Wed,13:00,13:50,15,48.73653187172889,-122.48583401644426,main_campus,matched,
202620,Spring 2026,MACS 496 0,22115,Communicating Marine Science,BH,Bond Hall,Bond Hall,106,Wed,15:00,16:50,16,48.73653187172889,-122.48583401644426,main_campus,matched,
202620,Spring 2026,ENG 367 0,22934,Equity and Representation in Film and Media,BH,Bond Hall,Bond Hall,109,Wed,17:00,19:50,24,48.73653187172889,-122.48583401644426,main_campus,matched,
202620,Spring 2026,ENG 466 0,22173,Screenwriting,BH,Bond Hall,Bond Hall,105,Wed,17:00,19:50,21,48.73653187172889,-122.48583401644426,main_campus,matched,
202620,Spring 2026,MATH 491 0,20397,Internship Seminar - Teaching K-8 Mathematics,BH,Bond Hall,Bond Hall,404,Wed,17:00,18:50,13,48.73653187172889,-122.48583401644426,main_campus,matched,
202620,Spring 2026,ENG 101 0,20047,Writing Your Way Through WWU,BH,Bond Hall,Bond Hall,417,WedFri,10:00,11:20,21,48.73653187172889,-122.48583401644426,main_campus,matched,
202620,Spring 2026,ENG 101 0,20370,Writing Your Way Through WWU,BH,Bond Hall,Bond Hall,417,WedFri,11:30,12:50,7,48.73653187172889,-122.48583401644426,main_campus,matched,
202620,Spring 2026,THTR 460 01,22521,Acting Studio III: Audition Technique and Professional Preparation,BH,Bond Hall,Bond Hall,227,WedFri,15:00,16:50,10,48.73653187172889,-122.48583401644426,main_campus,matched,
202620,Spring 2026,BIOL 340 0,23618,Biostatistics,BI,Biology Building,Biology Building,354,Fri,08:30,09:50,19,48.73386814918463,-122.48707821096053,main_campus,matched,
202620,Spring 2026,BIOL 340 0,23616,Biostatistics,BI,Biology Building,Biology Building,354,Fri,13:00,14:20,20,48.73386814918463,-122.48707821096053,main_campus,matched,
202620,Spring 2026,BIOL 340 0,23617,Biostatistics,BI,Biology Building,Biology Building,354,Fri,14:30,15:50,18,48.73386814918463,-122.48707821096053,main_campus,matched,
202620,Spring 2026,BIOL 322 0,23608,Methods in Genetics w/lab,BI,Biology Building,Biology Building,461,Mon,13:00,13:50,15,48.73386814918463,-122.48707821096053,main_campus,matched,
202620,Spring 2026,BIOL 526 0,22427,Research Ethics in Graduate Studies,BI,Biology Building,Biology Building,415,Mon,14:30,15:50,10,48.73386814918463,-122.48707821096053,main_campus,matched,
202620,Spring 2026,MATH 156 0,20022,Algebra With Applications to Business and Economics,BI,Biology Building,Biology Building,212,MonTueThuFri,12:00,12:50,43,48.73386814918463,-122.48707821096053,main_campus,matched,
202620,Spring 2026,BIOL 340 0,23618,Biostatistics,BI,Biology Building,Biology Building,354,MonWed,08:30,09:50,19,48.73386814918463,-122.48707821096053,main_campus,matched,
202620,Spring 2026,BIOL 206 0,21048,Introduction to Organismal Biology w/lab,BI,Biology Building,Biology Building,234,MonWedFri,08:30,09:50,22,48.73386814918463,-122.48707821096053,main_campus,matched,
202620,Spring 2026,BIOL 206 0,21049,Introduction to Organismal Biology w/lab,BI,Biology Building,Biology Building,234,MonWedFri,08:30,09:50,22,48.73386814918463,-122.48707821096053,main_campus,matched,
202620,Spring 2026,BIOL 206 0,21050,Introduction to Organismal Biology w/lab,BI,Biology Building,Biology Building,234,MonWedFri,08:30,09:50,24,48.73386814918463,-122.48707821096053,main_campus,matched,
202620,Spring 2026,BIOL 432 0,23779,Evolutionary Biology,BI,Biology Building,Biology Building,212,MonWedFri,08:30,09:50,31,48.73386814918463,-122.48707821096053,main_campus,matched,
202620,Spring 2026,BIOL 205 0,20244,Introduction to Cellular and Molecular Biology w/lab,BI,Biology Building,Biology Building,234,MonWedFri,10:00,11:20,24,48.73386814918463,-122.48707821096053,main_campus,matched,
202620,Spring 2026,BIOL 205 0,20277,Introduction to Cellular and Molecular Biology w/lab,BI,Biology Building,Biology Building,234,MonWedFri,10:00,11:20,24,48.73386814918463,-122.48707821096053,main_campus,matched,
202620,Spring 2026,BIOL 205 0,20308,Introduction to Cellular and Molecular Biology w/lab,BI,Biology Building,Biology Building,234,MonWedFri,10:00,11:20,24,48.73386814918463,-122.48707821096053,main_campus,matched,
202620,Spring 2026,BIOL 325 0,23611,Ecology,BI,Biology Building,Biology Building,212,MonWedFri,10:00,11:20,40,48.73386814918463,-122.48707821096053,main_campus,matched,
202620,Spring 2026,BIOL 204 0,20306,"Introduction to Evolution, Ecology and Biodiversity w/lab",BI,Biology Building,Biology Building,234,MonWedFri,11:30,12:50,23,48.73386814918463,-122.48707821096053,main_campus,matched,
202620,Spring 2026,BIOL 204 0,20307,"Introduction to Evolution, Ecology and Biodiversity w/lab",BI,Biology Building,Biology Building,234,MonWedFri,11:30,12:50,24,48.73386814918463,-122.48707821096053,main_campus,matched,
202620,Spring 2026,BIOL 328 0,23615,Cell Biology,BI,Biology Building,Biology Building,212,MonWedFri,13:00,14:20,24,48.73386814918463,-122.48707821096053,main_campus,matched,
202620,Spring 2026,BIOL 487 0,23633,Advanced Molecular and Cell w/lab,BI,Biology Building,Biology Building,463,MonWedFri,13:00,15:50,14,48.73386814918463,-122.48707821096053,main_campus,matched,
202620,Spring 2026,GEOL 211 1,20003,Physical Geology,BI,Biology Building,Biology Building,234,MonWedFri,13:00,13:50,11,48.73386814918463,-122.48707821096053,main_campus,matched,
202620,Spring 2026,GEOL 211 2,20062,Physical Geology,BI,Biology Building,Biology Building,234,MonWedFri,13:00,13:50,21,48.73386814918463,-122.48707821096053,main_campus,matched,
202620,Spring 2026,GEOL 211 3,20063,Physical Geology,BI,Biology Building,Biology Building,234,MonWedFri,13:00,13:50,21,48.73386814918463,-122.48707821096053,main_campus,matched,
202620,Spring 2026,GEOL 211 4,20064,Physical Geology,BI,Biology Building,Biology Building,234,MonWedFri,13:00,13:50,19,48.73386814918463,-122.48707821096053,main_campus,matched,
202620,Spring 2026,BIOL 204 0,20891,"Introduction to Evolution, Ecology and Biodiversity w/lab",BI,Biology Building,Biology Building,234,MonWedFri,14:30,15:50,23,48.73386814918463,-122.48707821096053,main_campus,matched,
202620,Spring 2026,BIOL 204 0,20892,"Introduction to Evolution, Ecology and Biodiversity w/lab",BI,Biology Building,Biology Building,234,MonWedFri,14:30,15:50,23,48.73386814918463,-122.48707821096053,main_campus,matched,
202620,Spring 2026,BIOL 204 0,22004,"Introduction to Evolution, Ecology and Biodiversity w/lab",BI,Biology Building,Biology Building,234,MonWedFri,14:30,15:50,24,48.73386814918463,-122.48707821096053,main_campus,matched,
202620,Spring 2026,BIOL 204 0,22005,"Introduction to Evolution, Ecology and Biodiversity w/lab",BI,Biology Building,Biology Building,234,MonWedFri,14:30,15:50,23,48.73386814918463,-122.48707821096053,main_campus,matched,
202620,Spring 2026,PLSC 291 6,22705,Introduction to Comparative Politics,BI,Biology Building,Biology Building,212,MonWedFri,14:30,15:50,58,48.73386814918463,-122.48707821096053,main_campus,matched,
202620,Spring 2026,BIOL 206 0,21050,Introduction to Organismal Biology w/lab,BI,Biology Building,Biology Building,355,Thu,08:00,10:50,24,48.73386814918463,-122.48707821096053,main_campus,matched,
202620,Spring 2026,BIOL 204 0,22004,"Introduction to Evolution, Ecology and Biodiversity w/lab",BI,Biology Building,Biology Building,249,Thu,11:00,13:50,24,48.73386814918463,-122.48707821096053,main_campus,matched,
202620,Spring 2026,BIOL 205 0,20508,Introduction to Cellular and Molecular Biology w/lab,BI,Biology Building,Biology Building,261,Thu,11:00,13:50,24,48.73386814918463,-122.48707821096053,main_campus,matched,
202620,Spring 2026,BIOL 206 0,21283,Introduction to Organismal Biology w/lab,BI,Biology Building,Biology Building,355,Thu,11:00,13:50,23,48.73386814918463,-122.48707821096053,main_campus,matched,
202620,Spring 2026,BIOL 326 0,23613,Methods in Ecology w/lab,BI,Biology Building,Biology Building,139,Thu,13:00,16:50,16,48.73386814918463,-122.48707821096053,main_campus,matched,
202620,Spring 2026,BIOL 462 0,23632,Entomology w/lab,BI,Biology Building,Biology Building,354,Thu,13:00,16:50,20,48.73386814918463,-122.48707821096053,main_campus,matched,
202620,Spring 2026,BIOL 204 0,22005,"Introduction to Evolution, Ecology and Biodiversity w/lab",BI,Biology Building,Biology Building,249,Thu,14:00,16:50,23,48.73386814918463,-122.48707821096053,main_campus,matched,
202620,Spring 2026,BIOL 205 0,20610,Introduction to Cellular and Molecular Biology w/lab,BI,Biology Building,Biology Building,261,Thu,14:00,16:50,24,48.73386814918463,-122.48707821096053,main_campus,matched,
202620,Spring 2026,BIOL 204 0,20306,"Introduction to Evolution, Ecology and Biodiversity w/lab",BI,Biology Building,Biology Building,249,Tue,08:00,10:50,23,48.73386814918463,-122.48707821096053,main_campus,matched,
202620,Spring 2026,BIOL 205 0,20244,Introduction to Cellular and Molecular Biology w/lab,BI,Biology Building,Biology Building,261,Tue,08:00,10:50,24,48.73386814918463,-122.48707821096053,main_campus,matched,
202620,Spring 2026,BIOL 206 0,21048,Introduction to Organismal Biology w/lab,BI,Biology Building,Biology Building,355,Tue,08:00,10:50,22,48.73386814918463,-122.48707821096053,main_campus,matched,
202620,Spring 2026,BIOL 204 0,20891,"Introduction to Evolution, Ecology and Biodiversity w/lab",BI,Biology Building,Biology Building,249,Tue,11:00,13:50,23,48.73386814918463,-122.48707821096053,main_campus,matched,
202620,Spring 2026,BIOL 205 0,20277,Introduction to Cellular and Molecular Biology w/lab,BI,Biology Building,Biology Building,261,Tue,11:00,13:50,24,48.73386814918463,-122.48707821096053,main_campus,matched,
202620,Spring 2026,BIOL 206 0,21051,Introduction to Organismal Biology w/lab,BI,Biology Building,Biology Building,355,Tue,11:00,13:50,18,48.73386814918463,-122.48707821096053,main_campus,matched,
202620,Spring 2026,BIOL 204 0,20892,"Introduction to Evolution, Ecology and Biodiversity w/lab",BI,Biology Building,Biology Building,249,Tue,14:00,16:50,23,48.73386814918463,-122.48707821096053,main_campus,matched,
202620,Spring 2026,BIOL 205 0,20507,Introduction to Cellular and Molecular Biology w/lab,BI,Biology Building,Biology Building,261,Tue,14:00,16:50,24,48.73386814918463,-122.48707821096053,main_campus,matched,
202620,Spring 2026,BIOL 322 0,23608,Methods in Genetics w/lab,BI,Biology Building,Biology Building,461,TueThu,10:00,12:50,15,48.73386814918463,-122.48707821096053,main_campus,matched,
202620,Spring 2026,BIOL 462 0,23632,Entomology w/lab,BI,Biology Building,Biology Building,354,TueThu,10:00,11:20,20,48.73386814918463,-122.48707821096053,main_campus,matched,
202620,Spring 2026,GEOL 101 13,21257,Introduction to Geology,BI,Biology Building,Biology Building,234,TueThu,10:00,11:20,25,48.73386814918463,-122.48707821096053,main_campus,matched,
202620,Spring 2026,GEOL 101 14,21258,Introduction to Geology,BI,Biology Building,Biology Building,234,TueThu,10:00,11:20,25,48.73386814918463,-122.48707821096053,main_campus,matched,
202620,Spring 2026,GEOL 101 15,21259,Introduction to Geology,BI,Biology Building,Biology Building,234,TueThu,10:00,11:20,23,48.73386814918463,-122.48707821096053,main_campus,matched,
202620,Spring 2026,GEOL 101 16,21260,Introduction to Geology,BI,Biology Building,Biology Building,234,TueThu,10:00,11:20,22,48.73386814918463,-122.48707821096053,main_campus,matched,
202620,Spring 2026,HLED 440 0,21981,Public Health Admin Funding,BI,Biology Building,Biology Building,212,TueThu,10:00,11:50,33,48.73386814918463,-122.48707821096053,main_campus,matched,
202620,Spring 2026,BIOL 245 0,23605,Microbiology for Health Sciences w/lab,BI,Biology Building,Biology Building,454,TueThu,12:00,13:50,25,48.73386814918463,-122.48707821096053,main_campus,matched,
202620,Spring 2026,GEOL 101 10,20575,Introduction to Geology,BI,Biology Building,Biology Building,234,TueThu,13:00,14:20,25,48.73386814918463,-122.48707821096053,main_campus,matched,
202620,Spring 2026,GEOL 101 11,20576,Introduction to Geology,BI,Biology Building,Biology Building,234,TueThu,13:00,14:20,22,48.73386814918463,-122.48707821096053,main_campus,matched,
202620,Spring 2026,GEOL 101 12,20624,Introduction to Geology,BI,Biology Building,Biology Building,234,TueThu,13:00,14:20,20,48.73386814918463,-122.48707821096053,main_campus,matched,
202620,Spring 2026,GEOL 101 9,20574,Introduction to Geology,BI,Biology Building,Biology Building,234,TueThu,13:00,14:20,6,48.73386814918463,-122.48707821096053,main_campus,matched,
202620,Spring 2026,ECON 435 0,23342,Behavioral Economics,BI,Biology Building,Biology Building,212,TueThu,14:00,15:50,20,48.73386814918463,-122.48707821096053,main_campus,matched,
202620,Spring 2026,BIOL 204 0,20307,"Introduction to Evolution, Ecology and Biodiversity w/lab",BI,Biology Building,Biology Building,249,Wed,08:00,10:50,24,48.73386814918463,-122.48707821096053,main_campus,matched,
202620,Spring 2026,BIOL 206 0,21052,Introduction to Organismal Biology w/lab,BI,Biology Building,Biology Building,355,Wed,08:00,10:50,22,48.73386814918463,-122.48707821096053,main_campus,matched,
202620,Spring 2026,BIOL 206 0,21049,Introduction to Organismal Biology w/lab,BI,Biology Building,Biology Building,355,Wed,11:00,13:50,22,48.73386814918463,-122.48707821096053,main_campus,matched,
202620,Spring 2026,BIOL 205 0,20308,Introduction to Cellular and Molecular Biology w/lab,BI,Biology Building,Biology Building,261,Wed,13:00,15:50,24,48.73386814918463,-122.48707821096053,main_campus,matched,
202620,Spring 2026,BIOL 326 0,23612,Methods in Ecology w/lab,BI,Biology Building,Biology Building,139,Wed,13:00,16:50,15,48.73386814918463,-122.48707821096053,main_campus,matched,
202620,Spring 2026,BIOL 444 0,23630,Seminar Series Participation,BI,Biology Building,Biology Building,234,Wed,16:00,16:50,10,48.73386814918463,-122.48707821096053,main_campus,matched,
202620,Spring 2026,SALI 490 0,21621,Salish Sea Studies Community Seminar,CA,Canada House,Canada House,101,Tue,13:00,13:50,12,48.73799187608785,-122.48793603827647,main_campus,matched,
202620,Spring 2026,SALI 590 0,22923,Salish Sea Studies Community Seminar,CA,Canada House,Canada House,101,Tue,13:00,13:50,0,48.73799187608785,-122.48793603827647,main_campus,matched,
202620,Spring 2026,CHEM 308 C44,20703,Introduction to Polymer Chemistry,CB,Morse Hall,Morse Hall Chemistry Building,310,Fri,10:00,12:50,18,48.73450546946384,-122.48681013481513,main_campus,matched,
202620,Spring 2026,CHEM 354 C50,22645,Organic Chemistry Laboratory I,CB,Morse Hall,Morse Hall Chemistry Building,310,MonWed,12:00,14:50,23,48.73450546946384,-122.48681013481513,main_campus,matched,
202620,Spring 2026,CHEM 465 C67,22657,Physical/Inorganic Chemistry Laboratory II,CB,Morse Hall,Morse Hall Chemistry Building,265,MonWed,13:00,16:50,16,48.73450546946384,-122.48681013481513,main_campus,matched,
202620,Spring 2026,CHEM 225 C42,21076,"General Chemistry III, Honors",CB,Morse Hall,Morse Hall Chemistry Building,330,MonWed,14:00,16:50,17,48.73450546946384,-122.48681013481513,main_campus,matched,
202620,Spring 2026,CHEM 354 C51,22646,Organic Chemistry Laboratory I,CB,Morse Hall,Morse Hall Chemistry Building,310,MonWed,15:00,17:50,23,48.73450546946384,-122.48681013481513,main_campus,matched,
202620,Spring 2026,CHEM 356 C54,20562,Organic Chemistry Laboratory II for Life Sciences,CB,Morse Hall,Morse Hall Chemistry Building,310,Thu,11:00,13:50,24,48.73450546946384,-122.48681013481513,main_campus,matched,
202620,Spring 2026,CHEM 465 C68,22684,Physical/Inorganic Chemistry Laboratory II,CB,Morse Hall,Morse Hall Chemistry Building,265,TueThu,13:00,16:50,12,48.73450546946384,-122.48681013481513,main_campus,matched,
202620,Spring 2026,CHEM 333 0,21643,Analytical Chemistry,CB,Morse Hall,Morse Hall Chemistry Building,330,TueThu,14:00,16:50,23,48.73450546946384,-122.48681013481513,main_campus,matched,
202620,Spring 2026,CHEM 355 C53,22648,Organic Chemistry Laboratory II,CB,Morse Hall,Morse Hall Chemistry Building,310,TueThu,14:00,16:50,19,48.73450546946384,-122.48681013481513,main_campus,matched,
202620,Spring 2026,CHEM 354 0,23251,Organic Chemistry Laboratory I,CB,Morse Hall,Morse Hall Chemistry Building,310,TueThu,17:00,19:50,23,48.73450546946384,-122.48681013481513,main_campus,matched,
202620,Spring 2026,CHEM 436 CO,22655,Instrumental Analysis Lab,CB,Morse Hall,Morse Hall Chemistry Building,220,Wed,14:00,16:50,7,48.73450546946384,-122.48681013481513,main_campus,matched,
202620,Spring 2026,CHEM 536 CO,22656,Instrumental Analysis Laboratory,CB,Morse Hall,Morse Hall Chemistry Building,220,Wed,14:00,16:50,0,48.73450546946384,-122.48681013481513,main_campus,matched,
202620,Spring 2026,CSCI 103 0,22556,Introduction to Computer Game Development,CF,Communication Facility,Communications Facility,420,Fri,08:00,09:50,11,48.73291151727051,-122.48519778015269,main_campus,matched,
202620,Spring 2026,CSCI 102 0,22554,Computer-Mediated Communications,CF,Communication Facility,Communications Facility,167,Fri,10:00,11:50,18,48.73291151727051,-122.48519778015269,main_campus,matched,
202620,Spring 2026,CSCI 141 0,20607,Computer Programming I,CF,Communication Facility,Communications Facility,162,Fri,10:00,11:50,25,48.73291151727051,-122.48519778015269,main_campus,matched,
202620,Spring 2026,CSCI 247 0,23232,Computer Systems I,CF,Communication Facility,Communications Facility,164,Fri,10:00,11:50,13,48.73291151727051,-122.48519778015269,main_campus,matched,
202620,Spring 2026,DSCI 205 0,20260,Business Statistics,CF,Communication Facility,Communications Facility,115,Fri,10:00,11:20,55,48.73291151727051,-122.48519778015269,main_campus,matched,
202620,Spring 2026,PSY 305 0,23472,Scientific Thinking and Writing,CF,Communication Facility,Communications Facility,024,Fri,10:00,11:20,15,48.73291151727051,-122.48519778015269,main_campus,matched,
202620,Spring 2026,CSCI 145 0,20452,Computer Programming and Linear Data Structures,CF,Communication Facility,Communications Facility,165,Fri,12:00,13:50,8,48.73291151727051,-122.48519778015269,main_campus,matched,
202620,Spring 2026,PSY 305 0,21990,Scientific Thinking and Writing,CF,Communication Facility,Communications Facility,024,Fri,13:00,14:20,15,48.73291151727051,-122.48519778015269,main_campus,matched,
202620,Spring 2026,CSCI 103 0,22557,Introduction to Computer Game Development,CF,Communication Facility,Communications Facility,420,Fri,14:00,15:50,20,48.73291151727051,-122.48519778015269,main_campus,matched,
202620,Spring 2026,JOUR 415 0,20590,The Front Editorship,CF,Communication Facility,Communications Facility,OFC,Fri,14:00,15:50,3,48.73291151727051,-122.48519778015269,main_campus,matched,
202620,Spring 2026,JOUR 422 0,20596,Klipsun Editorship,CF,Communication Facility,Communications Facility,OFC,Fri,14:00,15:50,0,48.73291151727051,-122.48519778015269,main_campus,matched,
202620,Spring 2026,CSCI 247 0,20717,Computer Systems I,CF,Communication Facility,Communications Facility,165,Mon,08:00,09:50,13,48.73291151727051,-122.48519778015269,main_campus,matched,
202620,Spring 2026,CSCI 101 0,21394,Computers and Applications,CF,Communication Facility,Communications Facility,420,Mon,12:00,13:40,0,48.73291151727051,-122.48519778015269,main_campus,matched,
202620,Spring 2026,CSCI 301 0,20719,Formal Languages and Functional Programming,CF,Communication Facility,Communications Facility,164,Mon,12:00,13:50,19,48.73291151727051,-122.48519778015269,main_campus,matched,
202620,Spring 2026,CSCI 101 0,21393,Computers and Applications,CF,Communication Facility,Communications Facility,420,Mon,14:00,15:50,0,48.73291151727051,-122.48519778015269,main_campus,matched,
202620,Spring 2026,CSCI 247 0,23231,Computer Systems I,CF,Communication Facility,Communications Facility,023,MonTueWedFri,09:00,09:50,5,48.73291151727051,-122.48519778015269,main_campus,matched,
202620,Spring 2026,CSCI 247 0,23232,Computer Systems I,CF,Communication Facility,Communications Facility,023,MonTueWedFri,09:00,09:50,13,48.73291151727051,-122.48519778015269,main_campus,matched,
202620,Spring 2026,CSCI 347 0,21235,Computer Organization II,CF,Communication Facility,Communications Facility,314,MonTueWedFri,09:00,09:50,32,48.73291151727051,-122.48519778015269,main_campus,matched,
202620,Spring 2026,PHYS 163 13,21174,Physics with Calculus III,CF,Communication Facility,Communications Facility,105,MonTueWedFri,09:00,09:50,19,48.73291151727051,-122.48519778015269,main_campus,matched,
202620,Spring 2026,PHYS 163 14,21175,Physics with Calculus III,CF,Communication Facility,Communications Facility,105,MonTueWedFri,09:00,09:50,20,48.73291151727051,-122.48519778015269,main_campus,matched,
202620,Spring 2026,PHYS 163 15,21176,Physics with Calculus III,CF,Communication Facility,Communications Facility,105,MonTueWedFri,09:00,09:50,20,48.73291151727051,-122.48519778015269,main_campus,matched,
202620,Spring 2026,COMM 101 0,20137,Fundamentals of Speech,CF,Communication Facility,Communications Facility,229,MonTueWedFri,10:00,10:50,22,48.73291151727051,-122.48519778015269,main_campus,matched,
202620,Spring 2026,CSCI 404 0,22430,Natural Language Processing,CF,Communication Facility,Communications Facility,227,MonTueWedFri,10:00,10:50,27,48.73291151727051,-122.48519778015269,main_campus,matched,
202620,Spring 2026,CSCI 447 0,21236,Operating Systems,CF,Communication Facility,Communications Facility,125,MonTueWedFri,10:00,10:50,12,48.73291151727051,-122.48519778015269,main_campus,matched,
202620,Spring 2026,CSCI 573 0,22563,Computational Linguistics,CF,Communication Facility,Communications Facility,227,MonTueWedFri,10:00,10:50,4,48.73291151727051,-122.48519778015269,main_campus,matched,
202620,Spring 2026,PHYS 115 0,21238,Principles of Physics II,CF,Communication Facility,Communications Facility,110,MonTueWedFri,10:00,10:50,24,48.73291151727051,-122.48519778015269,main_campus,matched,
202620,Spring 2026,PHYS 115 0,21239,Principles of Physics II,CF,Communication Facility,Communications Facility,110,MonTueWedFri,10:00,10:50,24,48.73291151727051,-122.48519778015269,main_campus,matched,
202620,Spring 2026,PHYS 115 0,21240,Principles of Physics II,CF,Communication Facility,Communications Facility,110,MonTueWedFri,10:00,10:50,24,48.73291151727051,-122.48519778015269,main_campus,matched,
202620,Spring 2026,PHYS 115 4,23258,Principles of Physics II,CF,Communication Facility,Communications Facility,110,MonTueWedFri,10:00,10:50,24,48.73291151727051,-122.48519778015269,main_campus,matched,
202620,Spring 2026,PHYS 163 02,21168,Physics with Calculus III,CF,Communication Facility,Communications Facility,105,MonTueWedFri,10:00,10:50,20,48.73291151727051,-122.48519778015269,main_campus,matched,
202620,Spring 2026,PHYS 163 03,21169,Physics with Calculus III,CF,Communication Facility,Communications Facility,105,MonTueWedFri,10:00,10:50,21,48.73291151727051,-122.48519778015269,main_campus,matched,
202620,Spring 2026,PHYS 163 04,21170,Physics with Calculus III,CF,Communication Facility,Communications Facility,105,MonTueWedFri,10:00,10:50,20,48.73291151727051,-122.48519778015269,main_campus,matched,
202620,Spring 2026,PHYS 397B 0,23786,Introduction to Mathematical Physics,CF,Communication Facility,Communications Facility,226,MonTueWedFri,10:00,10:50,19,48.73291151727051,-122.48519778015269,main_campus,matched,
202620,Spring 2026,COMM 101 0,20138,Fundamentals of Speech,CF,Communication Facility,Communications Facility,229,MonTueWedFri,11:00,11:50,22,48.73291151727051,-122.48519778015269,main_campus,matched,
202620,Spring 2026,CSCI 330 0,21369,Database Systems,CF,Communication Facility,Communications Facility,227,MonTueWedFri,11:00,11:50,11,48.73291151727051,-122.48519778015269,main_campus,matched,
202620,Spring 2026,CSCI 511 0,20611,Analysis of Algorithms,CF,Communication Facility,Communications Facility,226,MonTueWedFri,11:00,11:50,24,48.73291151727051,-122.48519778015269,main_campus,matched,
202620,Spring 2026,CSCI 345 0,20732,Object Oriented Design,CF,Communication Facility,Communications Facility,125,MonTueWedFri,12:00,12:50,36,48.73291151727051,-122.48519778015269,main_campus,matched,
202620,Spring 2026,COMM 101 0,20139,Fundamentals of Speech,CF,Communication Facility,Communications Facility,229,MonTueWedFri,13:00,13:50,22,48.73291151727051,-122.48519778015269,main_campus,matched,
202620,Spring 2026,CSCI 247 0,20717,Computer Systems I,CF,Communication Facility,Communications Facility,316,MonTueWedFri,13:00,13:50,13,48.73291151727051,-122.48519778015269,main_campus,matched,
202620,Spring 2026,CSCI 247 0,20718,Computer Systems I,CF,Communication Facility,Communications Facility,316,MonTueWedFri,13:00,13:50,18,48.73291151727051,-122.48519778015269,main_campus,matched,
202620,Spring 2026,PHYS 335 0,23259,Statistical and Thermal Physics,CF,Communication Facility,Communications Facility,225,MonTueWedFri,13:00,13:50,22,48.73291151727051,-122.48519778015269,main_campus,matched,
202620,Spring 2026,CSCI 345 0,22866,Object Oriented Design,CF,Communication Facility,Communications Facility,227,MonTueWedFri,14:00,14:50,22,48.73291151727051,-122.48519778015269,main_campus,matched,
202620,Spring 2026,JOUR 190 0,20582,Introduction to Mass Media,CF,Communication Facility,Communications Facility,115,MonTueWedThuFri,09:00,09:50,53,48.73291151727051,-122.48519778015269,main_campus,matched,
202620,Spring 2026,COMM 101 0,20715,Fundamentals of Speech,CF,Communication Facility,Communications Facility,231,MonWed,09:00,10:50,24,48.73291151727051,-122.48519778015269,main_campus,matched,
202620,Spring 2026,HLED 435 0,21979,Health Communication &amp; Social Marketing,CF,Communication Facility,Communications Facility,225,MonWed,09:00,11:20,13,48.73291151727051,-122.48519778015269,main_campus,matched,
202620,Spring 2026,DSCI 205 0,20260,Business Statistics,CF,Communication Facility,Communications Facility,115,MonWed,10:00,11:20,55,48.73291151727051,-122.48519778015269,main_campus,matched,
202620,Spring 2026,ECON 303 0,21715,The History of Economic Thought,CF,Communication Facility,Communications Facility,224,MonWed,10:00,11:50,22,48.73291151727051,-122.48519778015269,main_campus,matched,
202620,Spring 2026,ECON 383 0,20523,Environmental Economics,CF,Communication Facility,Communications Facility,314,MonWed,10:00,11:50,23,48.73291151727051,-122.48519778015269,main_campus,matched,
202620,Spring 2026,JOUR 207 0,21361,Newswriting,CF,Communication Facility,Communications Facility,161,MonWed,10:00,11:50,17,48.73291151727051,-122.48519778015269,main_campus,matched,
202620,Spring 2026,JOUR 305 0,20591,Photojournalism,CF,Communication Facility,Communications Facility,202,MonWed,10:00,11:50,14,48.73291151727051,-122.48519778015269,main_campus,matched,
202620,Spring 2026,MGMT 495 0,20264,Strategic Management,CF,Communication Facility,Communications Facility,120,MonWed,10:00,11:50,38,48.73291151727051,-122.48519778015269,main_campus,matched,
202620,Spring 2026,COMM 235 0,20038,Introduction to Argumentation and Debate,CF,Communication Facility,Communications Facility,231,MonWed,12:00,13:50,22,48.73291151727051,-122.48519778015269,main_campus,matched,
202620,Spring 2026,ECON 384 0,22500,Energy Economics,CF,Communication Facility,Communications Facility,314,MonWed,12:00,13:50,18,48.73291151727051,-122.48519778015269,main_campus,matched,
202620,Spring 2026,ENRG 384 0,22505,Energy Economics,CF,Communication Facility,Communications Facility,314,MonWed,12:00,13:50,17,48.73291151727051,-122.48519778015269,main_campus,matched,
202620,Spring 2026,ENRG 488 0,21906,Energy Management in Organizations,CF,Communication Facility,Communications Facility,105,MonWed,12:00,13:50,17,48.73291151727051,-122.48519778015269,main_campus,matched,
202620,Spring 2026,ENRG 588 0,22209,Energy Management in Organizations,CF,Communication Facility,Communications Facility,105,MonWed,12:00,13:50,0,48.73291151727051,-122.48519778015269,main_campus,matched,
202620,Spring 2026,ENTR 474 0,23463,Social Entrepreneurship,CF,Communication Facility,Communications Facility,224,MonWed,12:00,13:50,9,48.73291151727051,-122.48519778015269,main_campus,matched,
202620,Spring 2026,JOUR 207 0,20583,Newswriting,CF,Communication Facility,Communications Facility,161,MonWed,12:00,13:50,20,48.73291151727051,-122.48519778015269,main_campus,matched,
202620,Spring 2026,MGMT 417 0,22282,Social Entrepreneurship,CF,Communication Facility,Communications Facility,224,MonWed,12:00,13:50,17,48.73291151727051,-122.48519778015269,main_campus,matched,
202620,Spring 2026,MGMT 495 0,20285,Strategic Management,CF,Communication Facility,Communications Facility,226,MonWed,12:00,13:50,38,48.73291151727051,-122.48519778015269,main_campus,matched,
202620,Spring 2026,SLHS 470 0,23279,Acquired Disorders of Language and Cognition in Adults,CF,Communication Facility,Communications Facility,110,MonWed,13:00,14:50,26,48.73291151727051,-122.48519778015269,main_campus,matched,
202620,Spring 2026,ECON 380 0,23341,Urban Economics,CF,Communication Facility,Communications Facility,314,MonWed,14:00,15:50,23,48.73291151727051,-122.48519778015269,main_campus,matched,
202620,Spring 2026,ECON 397L 0,24013,Economics of Aging and Public Policy,CF,Communication Facility,Communications Facility,225,MonWed,14:00,15:50,5,48.73291151727051,-122.48519778015269,main_campus,matched,
202620,Spring 2026,ENVS 413 3,20631,The Planet Staff for Writers,CF,Communication Facility,Communications Facility,115,MonWed,14:00,15:20,14,48.73291151727051,-122.48519778015269,main_campus,matched,
202620,Spring 2026,ENVS 413A 2,22760,The Planet Staff for Photographers,CF,Communication Facility,Communications Facility,115,MonWed,14:00,15:20,3,48.73291151727051,-122.48519778015269,main_campus,matched,
202620,Spring 2026,ENVS 414 1,20632,Editing the Planet,CF,Communication Facility,Communications Facility,115,MonWed,14:00,15:20,0,48.73291151727051,-122.48519778015269,main_campus,matched,
202620,Spring 2026,JOUR 214 0,20587,The Front Staff,CF,Communication Facility,Communications Facility,316,MonWed,14:00,15:50,26,48.73291151727051,-122.48519778015269,main_campus,matched,
202620,Spring 2026,JOUR 314 0,20588,The Front Staff,CF,Communication Facility,Communications Facility,316,MonWed,14:00,15:50,4,48.73291151727051,-122.48519778015269,main_campus,matched,
202620,Spring 2026,JOUR 321 0,20594,Klipsun Staff,CF,Communication Facility,Communications Facility,226,MonWed,14:00,15:50,4,48.73291151727051,-122.48519778015269,main_campus,matched,
202620,Spring 2026,JOUR 414 0,20589,The Front Staff,CF,Communication Facility,Communications Facility,316,MonWed,14:00,15:50,0,48.73291151727051,-122.48519778015269,main_campus,matched,
202620,Spring 2026,JOUR 415 0,20590,The Front Editorship,CF,Communication Facility,Communications Facility,316,MonWed,14:00,15:50,3,48.73291151727051,-122.48519778015269,main_campus,matched,
202620,Spring 2026,JOUR 421 0,20595,Klipsun Staff,CF,Communication Facility,Communications Facility,226,MonWed,14:00,15:50,5,48.73291151727051,-122.48519778015269,main_campus,matched,
202620,Spring 2026,JOUR 422 0,20596,Klipsun Editorship,CF,Communication Facility,Communications Facility,226,MonWed,14:00,15:50,0,48.73291151727051,-122.48519778015269,main_campus,matched,
202620,Spring 2026,COMM 498 0,20258,Communication Ethics,CF,Communication Facility,Communications Facility,227,MonWed,15:00,17:20,14,48.73291151727051,-122.48519778015269,main_campus,matched,
202620,Spring 2026,CSCI 491 0,20867,Senior Project 1,CF,Communication Facility,Communications Facility,023,MonWed,15:00,15:50,10,48.73291151727051,-122.48519778015269,main_campus,matched,
202620,Spring 2026,CSCI 492 0,20413,Senior Project 2,CF,Communication Facility,Communications Facility,025,MonWed,15:00,15:50,21,48.73291151727051,-122.48519778015269,main_campus,matched,
202620,Spring 2026,CSCI 493 0,20414,Senior Project 3,CF,Communication Facility,Communications Facility,125,MonWed,15:00,15:50,23,48.73291151727051,-122.48519778015269,main_campus,matched,
202620,Spring 2026,CSCI 493 0,22433,Senior Project 3,CF,Communication Facility,Communications Facility,224,MonWed,15:00,15:50,19,48.73291151727051,-122.48519778015269,main_campus,matched,
202620,Spring 2026,CSCI 493 0,22268,Senior Project 3,CF,Communication Facility,Communications Facility,231,MonWed,16:00,16:50,12,48.73291151727051,-122.48519778015269,main_campus,matched,
202620,Spring 2026,DATA 491 0,23371,Senior Project 1,CF,Communication Facility,Communications Facility,023,MonWed,16:00,16:50,0,48.73291151727051,-122.48519778015269,main_campus,matched,
202620,Spring 2026,DATA 492 0,23372,Senior Project 2,CF,Communication Facility,Communications Facility,023,MonWed,16:00,16:50,7,48.73291151727051,-122.48519778015269,main_campus,matched,
202620,Spring 2026,DATA 493 0,22152,Senior Project 3,CF,Communication Facility,Communications Facility,023,MonWed,16:00,16:50,8,48.73291151727051,-122.48519778015269,main_campus,matched,
202620,Spring 2026,MIS 495 0,20909,Corporate Information Systems Management,CF,Communication Facility,Communications Facility,224,MonWed,16:00,17:50,20,48.73291151727051,-122.48519778015269,main_campus,matched,
202620,Spring 2026,UEPP 261 001,22133,Planning the American City,CF,Communication Facility,Communications Facility,115,MonWed,16:00,17:20,84,48.73291151727051,-122.48519778015269,main_campus,matched,
202620,Spring 2026,COMM 342 0,22413,Video Workshop,CF,Communication Facility,Communications Facility,024,MonWed,17:00,18:20,15,48.73291151727051,-122.48519778015269,main_campus,matched,
202620,Spring 2026,COMM 350 0,20882,Emerging Communication Technologies,CF,Communication Facility,Communications Facility,024,MonWed,18:30,20:50,18,48.73291151727051,-122.48519778015269,main_campus,matched,
202620,Spring 2026,PHYS 116 0,21241,Principles of Physics III,CF,Communication Facility,Communications Facility,110,MonWedFri,08:30,09:50,24,48.73291151727051,-122.48519778015269,main_campus,matched,
202620,Spring 2026,PHYS 116 0,21242,Principles of Physics III,CF,Communication Facility,Communications Facility,110,MonWedFri,08:30,09:50,24,48.73291151727051,-122.48519778015269,main_campus,matched,
202620,Spring 2026,PHYS 116 0,21243,Principles of Physics III,CF,Communication Facility,Communications Facility,110,MonWedFri,08:30,09:50,22,48.73291151727051,-122.48519778015269,main_campus,matched,
202620,Spring 2026,PHYS 116 0,21244,Principles of Physics III,CF,Communication Facility,Communications Facility,110,MonWedFri,08:30,09:50,9,48.73291151727051,-122.48519778015269,main_campus,matched,
202620,Spring 2026,CSCI 141 0,20514,Computer Programming I,CF,Communication Facility,Communications Facility,120,MonWedFri,09:00,09:50,21,48.73291151727051,-122.48519778015269,main_campus,matched,
202620,Spring 2026,CSCI 141 0,20515,Computer Programming I,CF,Communication Facility,Communications Facility,120,MonWedFri,09:00,09:50,24,48.73291151727051,-122.48519778015269,main_campus,matched,
202620,Spring 2026,CSCI 141 0,20607,Computer Programming I,CF,Communication Facility,Communications Facility,120,MonWedFri,09:00,09:50,25,48.73291151727051,-122.48519778015269,main_campus,matched,
202620,Spring 2026,CSCI 141 01,20513,Computer Programming I,CF,Communication Facility,Communications Facility,120,MonWedFri,09:00,09:50,12,48.73291151727051,-122.48519778015269,main_campus,matched,
202620,Spring 2026,PHYS 339 0,20528,Optics,CF,Communication Facility,Communications Facility,316,MonWedFri,09:00,09:50,33,48.73291151727051,-122.48519778015269,main_campus,matched,
202620,Spring 2026,COMM 260 0,21897,"Communication, Identity and Difference",CF,Communication Facility,Communications Facility,316,MonWedFri,10:00,11:20,30,48.73291151727051,-122.48519778015269,main_campus,matched,
202620,Spring 2026,COMM 330 0,23564,Environmental Rhetoric,CF,Communication Facility,Communications Facility,023,MonWedFri,10:00,11:20,30,48.73291151727051,-122.48519778015269,main_campus,matched,
202620,Spring 2026,CSCI 403 0,20524,Internship in Internet Studies,CF,Communication Facility,Communications Facility,OFC,MonWedFri,10:00,10:50,0,48.73291151727051,-122.48519778015269,main_campus,matched,
202620,Spring 2026,ESCI 325 01,21285,Fundamentals of Ecology,CF,Communication Facility,Communications Facility,025,MonWedFri,10:00,10:50,46,48.73291151727051,-122.48519778015269,main_campus,matched,
202620,Spring 2026,ESCI 429 01,20424,Stream Ecology,CF,Communication Facility,Communications Facility,231,MonWedFri,11:00,11:50,12,48.73291151727051,-122.48519778015269,main_campus,matched,
202620,Spring 2026,ESCI 429 02,20425,Stream Ecology,CF,Communication Facility,Communications Facility,231,MonWedFri,11:00,11:50,12,48.73291151727051,-122.48519778015269,main_campus,matched,
202620,Spring 2026,ESCI 529 01,20426,Advanced Stream Ecology,CF,Communication Facility,Communications Facility,231,MonWedFri,11:00,11:50,4,48.73291151727051,-122.48519778015269,main_campus,matched,
202620,Spring 2026,PHYS 486 0,20754,Computational Physics,CF,Communication Facility,Communications Facility,312,MonWedFri,11:00,11:50,19,48.73291151727051,-122.48519778015269,main_campus,matched,
202620,Spring 2026,ANTH 210 0,22809,Introduction to Archaeology,CF,Communication Facility,Communications Facility,110,MonWedFri,11:30,12:50,80,48.73291151727051,-122.48519778015269,main_campus,matched,
202620,Spring 2026,BIOL 205 0,20507,Introduction to Cellular and Molecular Biology w/lab,CF,Communication Facility,Communications Facility,115,MonWedFri,11:30,12:50,24,48.73291151727051,-122.48519778015269,main_campus,matched,
202620,Spring 2026,BIOL 205 0,20508,Introduction to Cellular and Molecular Biology w/lab,CF,Communication Facility,Communications Facility,115,MonWedFri,11:30,12:50,24,48.73291151727051,-122.48519778015269,main_campus,matched,
202620,Spring 2026,BIOL 205 0,20610,Introduction to Cellular and Molecular Biology w/lab,CF,Communication Facility,Communications Facility,115,MonWedFri,11:30,12:50,24,48.73291151727051,-122.48519778015269,main_campus,matched,
202620,Spring 2026,BIOL 327 0,23614,Fundamentals of Molecular Biology,CF,Communication Facility,Communications Facility,025,MonWedFri,11:30,12:50,45,48.73291151727051,-122.48519778015269,main_campus,matched,
202620,Spring 2026,COMM 318 0,20955,Professional Communication,CF,Communication Facility,Communications Facility,023,MonWedFri,11:30,12:50,28,48.73291151727051,-122.48519778015269,main_campus,matched,
202620,Spring 2026,PLSC 271 4,22703,Introduction to International Relations,CF,Communication Facility,Communications Facility,316,MonWedFri,11:30,12:50,58,48.73291151727051,-122.48519778015269,main_campus,matched,
202620,Spring 2026,PSY 319 0,22077,Cognitive Neuroscience,CF,Communication Facility,Communications Facility,225,MonWedFri,11:30,12:50,14,48.73291151727051,-122.48519778015269,main_campus,matched,
202620,Spring 2026,PSY 319 0,22386,Cognitive Neuroscience,CF,Communication Facility,Communications Facility,225,MonWedFri,11:30,12:50,17,48.73291151727051,-122.48519778015269,main_campus,matched,
202620,Spring 2026,CSCI 202 01,20181,Dynamic Web Pages,CF,Communication Facility,Communications Facility,227,MonWedFri,12:00,12:50,0,48.73291151727051,-122.48519778015269,main_campus,matched,
202620,Spring 2026,ESCI 425 0,23776,Environmental Biology of Fishes,CF,Communication Facility,Communications Facility,120,MonWedFri,12:00,12:50,38,48.73291151727051,-122.48519778015269,main_campus,matched,
202620,Spring 2026,COMM 498 0,20956,Communication Ethics,CF,Communication Facility,Communications Facility,023,MonWedFri,13:00,14:20,13,48.73291151727051,-122.48519778015269,main_campus,matched,
202620,Spring 2026,PHYS 104 01,22804,Physics Applications,CF,Communication Facility,Communications Facility,125,MonWedFri,13:00,13:50,17,48.73291151727051,-122.48519778015269,main_campus,matched,
202620,Spring 2026,PHYS 104 02,22805,Physics Applications,CF,Communication Facility,Communications Facility,125,MonWedFri,13:00,13:50,12,48.73291151727051,-122.48519778015269,main_campus,matched,
202620,Spring 2026,PHYS 369 047,20107,Electromagnetism II,CF,Communication Facility,Communications Facility,227,MonWedFri,13:00,13:50,25,48.73291151727051,-122.48519778015269,main_campus,matched,
202620,Spring 2026,CSCI 241 0,20932,Data Structures,CF,Communication Facility,Communications Facility,025,MonWedFri,14:00,14:50,9,48.73291151727051,-122.48519778015269,main_campus,matched,
202620,Spring 2026,CSCI 241 0,21234,Data Structures,CF,Communication Facility,Communications Facility,025,MonWedFri,14:00,14:50,19,48.73291151727051,-122.48519778015269,main_campus,matched,
202620,Spring 2026,EECE 111 0,21681,Circuit Analysis I,CF,Communication Facility,Communications Facility,120,MonWedFri,14:00,14:50,38,48.73291151727051,-122.48519778015269,main_campus,matched,
202620,Spring 2026,EECE 111 0,21682,Circuit Analysis I,CF,Communication Facility,Communications Facility,120,MonWedFri,14:00,14:50,23,48.73291151727051,-122.48519778015269,main_campus,matched,
202620,Spring 2026,PHYS 346 0,23787,Introduction to Particle and Nuclear Physics,CF,Communication Facility,Communications Facility,224,MonWedFri,14:00,14:50,29,48.73291151727051,-122.48519778015269,main_campus,matched,
202620,Spring 2026,CSCI 101 0,21392,Computers and Applications,CF,Communication Facility,Communications Facility,120,MonWedFri,15:00,15:50,0,48.73291151727051,-122.48519778015269,main_campus,matched,
202620,Spring 2026,CSCI 101 0,21393,Computers and Applications,CF,Communication Facility,Communications Facility,120,MonWedFri,15:00,15:50,0,48.73291151727051,-122.48519778015269,main_campus,matched,
202620,Spring 2026,CSCI 101 0,21394,Computers and Applications,CF,Communication Facility,Communications Facility,120,MonWedFri,15:00,15:50,0,48.73291151727051,-122.48519778015269,main_campus,matched,
202620,Spring 2026,SOC 352 01,21719,Criminology,CF,Communication Facility,Communications Facility,225,MonWedFri,16:00,17:20,27,48.73291151727051,-122.48519778015269,main_campus,matched,
202620,Spring 2026,PHYS 162 01,20775,Physics with Calculus II,CF,Communication Facility,Communications Facility,125,MonWedThuFri,11:00,11:50,18,48.73291151727051,-122.48519778015269,main_campus,matched,
202620,Spring 2026,PHYS 162 03,21165,Physics with Calculus II,CF,Communication Facility,Communications Facility,125,MonWedThuFri,11:00,11:50,20,48.73291151727051,-122.48519778015269,main_campus,matched,
202620,Spring 2026,PHYS 162 05,20957,Physics with Calculus II,CF,Communication Facility,Communications Facility,125,MonWedThuFri,11:00,11:50,20,48.73291151727051,-122.48519778015269,main_campus,matched,
202620,Spring 2026,PHYS 163 07,21171,Physics with Calculus III,CF,Communication Facility,Communications Facility,105,MonWedThuFri,11:00,11:50,21,48.73291151727051,-122.48519778015269,main_campus,matched,
202620,Spring 2026,PHYS 163 08,21172,Physics with Calculus III,CF,Communication Facility,Communications Facility,105,MonWedThuFri,11:00,11:50,20,48.73291151727051,-122.48519778015269,main_campus,matched,
202620,Spring 2026,PHYS 163 10,21173,Physics with Calculus III,CF,Communication Facility,Communications Facility,105,MonWedThuFri,11:00,11:50,21,48.73291151727051,-122.48519778015269,main_campus,matched,
202620,Spring 2026,PHYS 162 0,21556,Physics with Calculus II,CF,Communication Facility,Communications Facility,120,MonWedThuFri,13:00,13:50,9,48.73291151727051,-122.48519778015269,main_campus,matched,
202620,Spring 2026,PHYS 162 04,21166,Physics with Calculus II,CF,Communication Facility,Communications Facility,120,MonWedThuFri,13:00,13:50,19,48.73291151727051,-122.48519778015269,main_campus,matched,
202620,Spring 2026,PHYS 162 07,21167,Physics with Calculus II,CF,Communication Facility,Communications Facility,120,MonWedThuFri,13:00,13:50,15,48.73291151727051,-122.48519778015269,main_campus,matched,
202620,Spring 2026,PHYS 162 0,21557,Physics with Calculus II,CF,Communication Facility,Communications Facility,125,MonWedThuFri,14:00,14:50,18,48.73291151727051,-122.48519778015269,main_campus,matched,
202620,Spring 2026,PHYS 162 0,21558,Physics with Calculus II,CF,Communication Facility,Communications Facility,125,MonWedThuFri,14:00,14:50,20,48.73291151727051,-122.48519778015269,main_campus,matched,
202620,Spring 2026,PHYS 162 0,22946,Physics with Calculus II,CF,Communication Facility,Communications Facility,125,MonWedThuFri,14:00,14:50,19,48.73291151727051,-122.48519778015269,main_campus,matched,
202620,Spring 2026,PHYS 163 0,21237,Physics with Calculus III,CF,Communication Facility,Communications Facility,105,MonWedThuFri,14:00,14:50,20,48.73291151727051,-122.48519778015269,main_campus,matched,
202620,Spring 2026,PHYS 163 034,21229,Physics with Calculus III,CF,Communication Facility,Communications Facility,105,MonWedThuFri,14:00,14:50,19,48.73291151727051,-122.48519778015269,main_campus,matched,
202620,Spring 2026,PHYS 163 035,21230,Physics with Calculus III,CF,Communication Facility,Communications Facility,105,MonWedThuFri,14:00,14:50,19,48.73291151727051,-122.48519778015269,main_campus,matched,
202620,Spring 2026,CSCI 102 0,20864,Computer-Mediated Communications,CF,Communication Facility,Communications Facility,167,Thu,08:00,09:50,15,48.73291151727051,-122.48519778015269,main_campus,matched,
202620,Spring 2026,CSCI 141 0,20514,Computer Programming I,CF,Communication Facility,Communications Facility,165,Thu,08:00,09:50,21,48.73291151727051,-122.48519778015269,main_campus,matched,
202620,Spring 2026,PHYS 115 0,21238,Principles of Physics II,CF,Communication Facility,Communications Facility,315,Thu,08:00,09:50,24,48.73291151727051,-122.48519778015269,main_campus,matched,
202620,Spring 2026,PHYS 116 0,21241,Principles of Physics III,CF,Communication Facility,Communications Facility,315,Thu,08:00,09:50,24,48.73291151727051,-122.48519778015269,main_campus,matched,
202620,Spring 2026,PHYS 163 02,21168,Physics with Calculus III,CF,Communication Facility,Communications Facility,310,Thu,08:00,09:50,20,48.73291151727051,-122.48519778015269,main_campus,matched,
202620,Spring 2026,PHYS 163 13,21174,Physics with Calculus III,CF,Communication Facility,Communications Facility,302,Thu,08:00,09:50,19,48.73291151727051,-122.48519778015269,main_campus,matched,
202620,Spring 2026,CSCI 343 0,23046,Programming Workshop,CF,Communication Facility,Communications Facility,420,Thu,09:00,09:50,10,48.73291151727051,-122.48519778015269,main_campus,matched,
202620,Spring 2026,CSCI 145 0,20057,Computer Programming and Linear Data Structures,CF,Communication Facility,Communications Facility,162,Thu,10:00,11:50,11,48.73291151727051,-122.48519778015269,main_campus,matched,
202620,Spring 2026,CSCI 172 0,23230,Introduction to Robotics,CF,Communication Facility,Communications Facility,420,Thu,10:00,11:50,24,48.73291151727051,-122.48519778015269,main_campus,matched,
202620,Spring 2026,CSCI 247 0,23231,Computer Systems I,CF,Communication Facility,Communications Facility,165,Thu,10:00,11:50,5,48.73291151727051,-122.48519778015269,main_campus,matched,
202620,Spring 2026,DATA 311 0,23237,Fundamentals of Data Science,CF,Communication Facility,Communications Facility,164,Thu,10:00,11:50,9,48.73291151727051,-122.48519778015269,main_campus,matched,
202620,Spring 2026,PHYS 104 01,22804,Physics Applications,CF,Communication Facility,Communications Facility,307,Thu,10:00,11:50,17,48.73291151727051,-122.48519778015269,main_campus,matched,
202620,Spring 2026,PHYS 115 0,21239,Principles of Physics II,CF,Communication Facility,Communications Facility,315,Thu,10:00,11:50,24,48.73291151727051,-122.48519778015269,main_campus,matched,
202620,Spring 2026,PHYS 116 0,21242,Principles of Physics III,CF,Communication Facility,Communications Facility,311,Thu,10:00,11:50,24,48.73291151727051,-122.48519778015269,main_campus,matched,
202620,Spring 2026,PHYS 163 03,21169,Physics with Calculus III,CF,Communication Facility,Communications Facility,310,Thu,10:00,11:50,21,48.73291151727051,-122.48519778015269,main_campus,matched,
202620,Spring 2026,PHYS 163 14,21175,Physics with Calculus III,CF,Communication Facility,Communications Facility,302,Thu,10:00,11:50,20,48.73291151727051,-122.48519778015269,main_campus,matched,
202620,Spring 2026,PHYS 391 02,22026,Junior Lab,CF,Communication Facility,Communications Facility,010,Thu,10:00,12:50,1,48.73291151727051,-122.48519778015269,main_campus,matched,
202620,Spring 2026,CSCI 141 0,20515,Computer Programming I,CF,Communication Facility,Communications Facility,164,Thu,12:00,13:50,24,48.73291151727051,-122.48519778015269,main_campus,matched,
202620,Spring 2026,DATA 311 0,23238,Fundamentals of Data Science,CF,Communication Facility,Communications Facility,165,Thu,12:00,13:50,4,48.73291151727051,-122.48519778015269,main_campus,matched,
202620,Spring 2026,MGMT 315 0,22902,Career Preparation,CF,Communication Facility,Communications Facility,225,Thu,12:00,13:20,20,48.73291151727051,-122.48519778015269,main_campus,matched,
202620,Spring 2026,PHYS 104 02,22805,Physics Applications,CF,Communication Facility,Communications Facility,307,Thu,13:00,14:50,12,48.73291151727051,-122.48519778015269,main_campus,matched,
202620,Spring 2026,PHYS 115 0,21240,Principles of Physics II,CF,Communication Facility,Communications Facility,315,Thu,13:00,14:50,24,48.73291151727051,-122.48519778015269,main_campus,matched,
202620,Spring 2026,PHYS 116 0,21243,Principles of Physics III,CF,Communication Facility,Communications Facility,311,Thu,13:00,14:50,22,48.73291151727051,-122.48519778015269,main_campus,matched,
202620,Spring 2026,PHYS 163 15,21176,Physics with Calculus III,CF,Communication Facility,Communications Facility,302,Thu,13:00,14:50,20,48.73291151727051,-122.48519778015269,main_campus,matched,
202620,Spring 2026,CSCI 102 0,20866,Computer-Mediated Communications,CF,Communication Facility,Communications Facility,167,Thu,14:00,15:50,10,48.73291151727051,-122.48519778015269,main_campus,matched,
202620,Spring 2026,CSCI 247 0,20718,Computer Systems I,CF,Communication Facility,Communications Facility,162,Thu,14:00,15:50,18,48.73291151727051,-122.48519778015269,main_campus,matched,
202620,Spring 2026,MGMT 311 0,22158,Introduction to Management and Organizational Behavior,CF,Communication Facility,Communications Facility,316,Thu,14:00,14:50,24,48.73291151727051,-122.48519778015269,main_campus,matched,
202620,Spring 2026,MGMT 311 02,23466,Introduction to Management and Organizational Behavior,CF,Communication Facility,Communications Facility,316,Thu,15:00,15:50,15,48.73291151727051,-122.48519778015269,main_campus,matched,
202620,Spring 2026,PHYS 115 4,23258,Principles of Physics II,CF,Communication Facility,Communications Facility,315,Thu,15:00,16:50,24,48.73291151727051,-122.48519778015269,main_campus,matched,
202620,Spring 2026,PHYS 116 0,21244,Principles of Physics III,CF,Communication Facility,Communications Facility,311,Thu,15:00,16:50,9,48.73291151727051,-122.48519778015269,main_campus,matched,
202620,Spring 2026,PHYS 163 04,21170,Physics with Calculus III,CF,Communication Facility,Communications Facility,310,Thu,15:00,16:50,20,48.73291151727051,-122.48519778015269,main_campus,matched,
202620,Spring 2026,ESCI 330 0,23910,Natural History of the Pacific Northwest,CF,Communication Facility,Communications Facility,226,Tue,08:00,09:20,20,48.73291151727051,-122.48519778015269,main_campus,matched,
202620,Spring 2026,PHYS 162 01,20775,Physics with Calculus II,CF,Communication Facility,Communications Facility,307,Tue,08:00,09:50,18,48.73291151727051,-122.48519778015269,main_campus,matched,
202620,Spring 2026,CSCI 141 01,20513,Computer Programming I,CF,Communication Facility,Communications Facility,162,Tue,10:00,11:50,12,48.73291151727051,-122.48519778015269,main_campus,matched,
202620,Spring 2026,PHYS 162 03,21165,Physics with Calculus II,CF,Communication Facility,Communications Facility,311,Tue,10:00,11:50,20,48.73291151727051,-122.48519778015269,main_campus,matched,
202620,Spring 2026,PHYS 162 05,20957,Physics with Calculus II,CF,Communication Facility,Communications Facility,307,Tue,10:00,11:50,20,48.73291151727051,-122.48519778015269,main_campus,matched,
202620,Spring 2026,PHYS 163 034,21229,Physics with Calculus III,CF,Communication Facility,Communications Facility,310,Tue,10:00,11:50,19,48.73291151727051,-122.48519778015269,main_campus,matched,
202620,Spring 2026,PHYS 163 08,21172,Physics with Calculus III,CF,Communication Facility,Communications Facility,302,Tue,10:00,11:50,20,48.73291151727051,-122.48519778015269,main_campus,matched,
202620,Spring 2026,PHYS 391 01,22025,Junior Lab,CF,Communication Facility,Communications Facility,010,Tue,10:00,12:50,4,48.73291151727051,-122.48519778015269,main_campus,matched,
202620,Spring 2026,CSCI 102 0,20865,Computer-Mediated Communications,CF,Communication Facility,Communications Facility,167,Tue,12:00,13:50,15,48.73291151727051,-122.48519778015269,main_campus,matched,
202620,Spring 2026,CSCI 202 01,20181,Dynamic Web Pages,CF,Communication Facility,Communications Facility,024,Tue,12:00,13:50,0,48.73291151727051,-122.48519778015269,main_campus,matched,
202620,Spring 2026,CSCI 301 0,21148,Formal Languages and Functional Programming,CF,Communication Facility,Communications Facility,162,Tue,12:00,13:50,18,48.73291151727051,-122.48519778015269,main_campus,matched,
202620,Spring 2026,PHYS 162 0,21557,Physics with Calculus II,CF,Communication Facility,Communications Facility,311,Tue,12:00,13:50,18,48.73291151727051,-122.48519778015269,main_campus,matched,
202620,Spring 2026,PHYS 162 04,21166,Physics with Calculus II,CF,Communication Facility,Communications Facility,307,Tue,12:00,13:50,19,48.73291151727051,-122.48519778015269,main_campus,matched,
202620,Spring 2026,PHYS 163 035,21230,Physics with Calculus III,CF,Communication Facility,Communications Facility,310,Tue,12:00,13:50,19,48.73291151727051,-122.48519778015269,main_campus,matched,
202620,Spring 2026,PHYS 163 10,21173,Physics with Calculus III,CF,Communication Facility,Communications Facility,302,Tue,12:00,13:50,21,48.73291151727051,-122.48519778015269,main_campus,matched,
202620,Spring 2026,ASLC 103 0,22388,Elementary ASL III,CF,Communication Facility,Communications Facility,125,Tue,13:00,15:20,8,48.73291151727051,-122.48519778015269,main_campus,matched,
202620,Spring 2026,CSCI 103 0,22555,Introduction to Computer Game Development,CF,Communication Facility,Communications Facility,420,Tue,14:00,15:50,21,48.73291151727051,-122.48519778015269,main_campus,matched,
202620,Spring 2026,LDST 101 0,21378,Introduction to Leadership Studies,CF,Communication Facility,Communications Facility,105,Tue,14:00,15:20,15,48.73291151727051,-122.48519778015269,main_campus,matched,
202620,Spring 2026,MGMT 311 0,22158,Introduction to Management and Organizational Behavior,CF,Communication Facility,Communications Facility,316,Tue,14:00,15:50,24,48.73291151727051,-122.48519778015269,main_campus,matched,
202620,Spring 2026,MGMT 311 02,23466,Introduction to Management and Organizational Behavior,CF,Communication Facility,Communications Facility,316,Tue,14:00,15:50,15,48.73291151727051,-122.48519778015269,main_campus,matched,
202620,Spring 2026,PHYS 162 0,21558,Physics with Calculus II,CF,Communication Facility,Communications Facility,307,Tue,14:00,15:50,20,48.73291151727051,-122.48519778015269,main_campus,matched,
202620,Spring 2026,PHYS 162 07,21167,Physics with Calculus II,CF,Communication Facility,Communications Facility,307,Tue,14:00,15:50,15,48.73291151727051,-122.48519778015269,main_campus,matched,
202620,Spring 2026,PHYS 163 0,21237,Physics with Calculus III,CF,Communication Facility,Communications Facility,310,Tue,14:00,15:50,20,48.73291151727051,-122.48519778015269,main_campus,matched,
202620,Spring 2026,PHYS 163 07,21171,Physics with Calculus III,CF,Communication Facility,Communications Facility,302,Tue,14:00,15:50,21,48.73291151727051,-122.48519778015269,main_campus,matched,
202620,Spring 2026,CSCI 590 0,20399,Graduate Seminar,CF,Communication Facility,Communications Facility,025,Tue,16:00,16:50,12,48.73291151727051,-122.48519778015269,main_campus,matched,
202620,Spring 2026,CSCI 591 0,21312,Graduate Seminar II,CF,Communication Facility,Communications Facility,025,Tue,16:00,16:50,30,48.73291151727051,-122.48519778015269,main_campus,matched,
202620,Spring 2026,PHYS 162 0,21556,Physics with Calculus II,CF,Communication Facility,Communications Facility,307,Tue,16:00,17:50,9,48.73291151727051,-122.48519778015269,main_campus,matched,
202620,Spring 2026,PHYS 162 0,22946,Physics with Calculus II,CF,Communication Facility,Communications Facility,311,Tue,16:00,17:50,19,48.73291151727051,-122.48519778015269,main_campus,matched,
202620,Spring 2026,COMM 101 0,20136,Fundamentals of Speech,CF,Communication Facility,Communications Facility,224,TueThu,08:00,09:50,23,48.73291151727051,-122.48519778015269,main_campus,matched,
202620,Spring 2026,CSCI 447 0,22432,Operating Systems,CF,Communication Facility,Communications Facility,225,TueThu,08:00,09:40,35,48.73291151727051,-122.48519778015269,main_campus,matched,
202620,Spring 2026,JOUR 106 0,20994,Writing Structure,CF,Communication Facility,Communications Facility,231,TueThu,09:00,09:50,9,48.73291151727051,-122.48519778015269,main_campus,matched,
202620,Spring 2026,CISS 346 0,21380,Secure Software Development,CF,Communication Facility,Communications Facility,023,TueThu,10:00,11:40,18,48.73291151727051,-122.48519778015269,main_campus,matched,
202620,Spring 2026,CISS 461 0,22900,Computer Security,CF,Communication Facility,Communications Facility,115,TueThu,10:00,11:40,30,48.73291151727051,-122.48519778015269,main_campus,matched,
202620,Spring 2026,COMM 101 0,22138,Fundamentals of Speech,CF,Communication Facility,Communications Facility,314,TueThu,10:00,11:50,21,48.73291151727051,-122.48519778015269,main_campus,matched,
202620,Spring 2026,COMM 327 0,21749,Interpersonal Communication,CF,Communication Facility,Communications Facility,224,TueThu,10:00,11:50,22,48.73291151727051,-122.48519778015269,main_campus,matched,
202620,Spring 2026,JOUR 207 0,20584,Newswriting,CF,Communication Facility,Communications Facility,161,TueThu,10:00,11:50,18,48.73291151727051,-122.48519778015269,main_campus,matched,
202620,Spring 2026,JOUR 330 0,20597,Principles of Public Relations,CF,Communication Facility,Communications Facility,225,TueThu,10:00,11:50,28,48.73291151727051,-122.48519778015269,main_campus,matched,
202620,Spring 2026,JOUR 351 0,20600,Mass Media Ethics,CF,Communication Facility,Communications Facility,231,TueThu,10:00,11:50,21,48.73291151727051,-122.48519778015269,main_campus,matched,
202620,Spring 2026,JOUR 380 0,20880,Advanced Public Relations Writing and Techniques,CF,Communication Facility,Communications Facility,024,TueThu,10:00,11:50,9,48.73291151727051,-122.48519778015269,main_campus,matched,
202620,Spring 2026,JOUR 446 0,20602,Advanced Visual Journalism,CF,Communication Facility,Communications Facility,202,TueThu,10:00,11:50,8,48.73291151727051,-122.48519778015269,main_campus,matched,
202620,Spring 2026,MGMT 495 0,20510,Strategic Management,CF,Communication Facility,Communications Facility,025,TueThu,10:00,11:50,30,48.73291151727051,-122.48519778015269,main_campus,matched,
202620,Spring 2026,MKTG 380 S04,22905,Principles of Marketing,CF,Communication Facility,Communications Facility,316,TueThu,10:00,11:50,45,48.73291151727051,-122.48519778015269,main_campus,matched,
202620,Spring 2026,PSY 240 0,21367,Social Psychology,CF,Communication Facility,Communications Facility,120,TueThu,10:00,11:50,80,48.73291151727051,-122.48519778015269,main_campus,matched,
202620,Spring 2026,COMM 235 0,20037,Introduction to Argumentation and Debate,CF,Communication Facility,Communications Facility,224,TueThu,12:00,13:50,23,48.73291151727051,-122.48519778015269,main_campus,matched,
202620,Spring 2026,COMM 240 0,21542,Media Studies,CF,Communication Facility,Communications Facility,110,TueThu,12:00,13:50,99,48.73291151727051,-122.48519778015269,main_campus,matched,
202620,Spring 2026,COMM 398 0,20446,Research Methods in Communication,CF,Communication Facility,Communications Facility,025,TueThu,12:00,13:50,20,48.73291151727051,-122.48519778015269,main_campus,matched,
202620,Spring 2026,COMM 440 0,23569,Issues in Media Studies,CF,Communication Facility,Communications Facility,226,TueThu,12:00,13:50,22,48.73291151727051,-122.48519778015269,main_campus,matched,
202620,Spring 2026,CSCI 405 0,20199,Analysis of Algorithms and Data Structures II,CF,Communication Facility,Communications Facility,105,TueThu,12:00,13:40,34,48.73291151727051,-122.48519778015269,main_campus,matched,
202620,Spring 2026,CSCI 497T 0,23240,Accessible Computing,CF,Communication Facility,Communications Facility,420,TueThu,12:00,13:40,22,48.73291151727051,-122.48519778015269,main_campus,matched,
202620,Spring 2026,CSCI 597T 0,23242,Accessible Computing,CF,Communication Facility,Communications Facility,420,TueThu,12:00,13:40,10,48.73291151727051,-122.48519778015269,main_campus,matched,
202620,Spring 2026,ECON 333 0,22320,Introduction to Game Theory,CF,Communication Facility,Communications Facility,227,TueThu,12:00,13:50,24,48.73291151727051,-122.48519778015269,main_campus,matched,
202620,Spring 2026,JOUR 207 0,20585,Newswriting,CF,Communication Facility,Communications Facility,161,TueThu,12:00,13:50,17,48.73291151727051,-122.48519778015269,main_campus,matched,
202620,Spring 2026,MGMT 495 0,20511,Strategic Management,CF,Communication Facility,Communications Facility,023,TueThu,12:00,13:50,24,48.73291151727051,-122.48519778015269,main_campus,matched,
202620,Spring 2026,PSY 351 0,22491,Interventions in Adult Mental Health,CF,Communication Facility,Communications Facility,314,TueThu,12:00,13:50,28,48.73291151727051,-122.48519778015269,main_campus,matched,
202620,Spring 2026,SLHS 353 0,23270,Speech Science,CF,Communication Facility,Communications Facility,115,TueThu,12:00,13:50,47,48.73291151727051,-122.48519778015269,main_campus,matched,
202620,Spring 2026,ACCT 245 S08,20002,Managerial Accounting,CF,Communication Facility,Communications Facility,120,TueThu,14:00,15:50,57,48.73291151727051,-122.48519778015269,main_campus,matched,
202620,Spring 2026,ASTR 320 0,20367,Cosmology,CF,Communication Facility,Communications Facility,225,TueThu,14:00,15:50,31,48.73291151727051,-122.48519778015269,main_campus,matched,
202620,Spring 2026,CISS 361 0,22045,Cybersecurity,CF,Communication Facility,Communications Facility,314,TueThu,14:00,15:40,4,48.73291151727051,-122.48519778015269,main_campus,matched,
202620,Spring 2026,COMM 225 0,20362,"Communication, Diversity and Controversy",CF,Communication Facility,Communications Facility,224,TueThu,14:00,15:50,28,48.73291151727051,-122.48519778015269,main_campus,matched,
202620,Spring 2026,COMM 260 0,23561,"Communication, Identity and Difference",CF,Communication Facility,Communications Facility,226,TueThu,14:00,15:50,26,48.73291151727051,-122.48519778015269,main_campus,matched,
202620,Spring 2026,COMM 331 0,23565,Advanced Public Speaking,CF,Communication Facility,Communications Facility,229,TueThu,14:00,15:20,22,48.73291151727051,-122.48519778015269,main_campus,matched,
202620,Spring 2026,COMM 398 0,21151,Research Methods in Communication,CF,Communication Facility,Communications Facility,023,TueThu,14:00,15:50,8,48.73291151727051,-122.48519778015269,main_campus,matched,
202620,Spring 2026,CSCI 301 0,20719,Formal Languages and Functional Programming,CF,Communication Facility,Communications Facility,115,TueThu,14:00,15:40,19,48.73291151727051,-122.48519778015269,main_campus,matched,
202620,Spring 2026,CSCI 301 0,21148,Formal Languages and Functional Programming,CF,Communication Facility,Communications Facility,115,TueThu,14:00,15:40,18,48.73291151727051,-122.48519778015269,main_campus,matched,
202620,Spring 2026,CSCI 367 0,21561,Computer Networks I,CF,Communication Facility,Communications Facility,025,TueThu,14:00,15:40,24,48.73291151727051,-122.48519778015269,main_campus,matched,
202620,Spring 2026,JOUR 207 0,20586,Newswriting,CF,Communication Facility,Communications Facility,161,TueThu,14:00,15:50,15,48.73291151727051,-122.48519778015269,main_campus,matched,
202620,Spring 2026,JOUR 309 0,20593,Editing,CF,Communication Facility,Communications Facility,202,TueThu,14:00,15:50,17,48.73291151727051,-122.48519778015269,main_campus,matched,
202620,Spring 2026,JOUR 440 0,21596,Public Relations Research and Campaigns,CF,Communication Facility,Communications Facility,231,TueThu,14:00,15:50,16,48.73291151727051,-122.48519778015269,main_campus,matched,
202620,Spring 2026,SLHS 450 0,23277,Neuroanatomy for Speech Pathology and Audiology,CF,Communication Facility,Communications Facility,110,TueThu,14:00,15:50,37,48.73291151727051,-122.48519778015269,main_campus,matched,
202620,Spring 2026,COMM 350 0,23566,Emerging Communication Technologies,CF,Communication Facility,Communications Facility,024,TueThu,18:00,20:20,20,48.73291151727051,-122.48519778015269,main_campus,matched,
202620,Spring 2026,CSCI 241 0,20932,Data Structures,CF,Communication Facility,Communications Facility,162,Wed,08:00,09:50,9,48.73291151727051,-122.48519778015269,main_campus,matched,
202620,Spring 2026,CSCI 101 0,21392,Computers and Applications,CF,Communication Facility,Communications Facility,420,Wed,10:00,11:40,0,48.73291151727051,-122.48519778015269,main_campus,matched,
202620,Spring 2026,CSCI 241 0,21234,Data Structures,CF,Communication Facility,Communications Facility,164,Wed,10:00,11:50,19,48.73291151727051,-122.48519778015269,main_campus,matched,
202620,Spring 2026,CSCI 145 01,20056,Computer Programming and Linear Data Structures,CF,Communication Facility,Communications Facility,164,Wed,14:00,15:50,4,48.73291151727051,-122.48519778015269,main_campus,matched,
202620,Spring 2026,PHYS 391 01,22025,Junior Lab,CF,Communication Facility,Communications Facility,314,Wed,16:00,17:15,4,48.73291151727051,-122.48519778015269,main_campus,matched,
202620,Spring 2026,PHYS 391 02,22026,Junior Lab,CF,Communication Facility,Communications Facility,314,Wed,16:00,17:15,1,48.73291151727051,-122.48519778015269,main_campus,matched,
202620,Spring 2026,ETHN 302 0,22691,Ethnic Studies Research Methods,CH,College Hall,College Hall,245,TueThu,12:00,13:50,5,48.737147400448734,-122.48701805078595,main_campus,matched,
202620,Spring 2026,WGSS 450 0,21377,Feminist Pop Culture,CH,College Hall,College Hall,231,TueThu,12:00,13:50,11,48.737147400448734,-122.48701805078595,main_campus,matched,
202620,Spring 2026,THTR 416 01,23219,Advanced Costume Design,CM,Commissary,Commissary Building,C,Mon,15:00,16:20,8,48.727344547146146,-122.48420146406094,main_campus,matched,
202620,Spring 2026,THTR 416 02,23604,Advanced Costume Design,CM,Commissary,Commissary Building,C,Mon,16:30,17:50,7,48.727344547146146,-122.48420146406094,main_campus,matched,
202620,Spring 2026,DNC 323 01,22638,Contemporary Dance III - Level 3,CM,Commissary,Commissary Building,B,MonWedFri,09:00,10:20,13,48.727344547146146,-122.48420146406094,main_campus,matched,
202620,Spring 2026,DNC 423 01,22636,Contemporary Dance IV - Level 3,CM,Commissary,Commissary Building,B,MonWedFri,10:30,11:50,16,48.727344547146146,-122.48420146406094,main_campus,matched,
202620,Spring 2026,DNC 223 01,22637,Contemporary Dance II - Level 3,CM,Commissary,Commissary Building,B,MonWedFri,12:00,13:20,10,48.727344547146146,-122.48420146406094,main_campus,matched,
202620,Spring 2026,DNC 342 01,21722,Choreography II,CM,Commissary,Commissary Building,B,MonWedFri,15:00,16:50,14,48.727344547146146,-122.48420146406094,main_campus,matched,
202620,Spring 2026,DNC 340 0,23683,Anatomy for Dancers,CM,Commissary,Commissary Building,A,TueThu,09:00,10:50,22,48.727344547146146,-122.48420146406094,main_campus,matched,
202620,Spring 2026,DNC 123 1,23949,Contemporary Dance I - Level 3,CM,Commissary,Commissary Building,A,TueThu,11:00,12:50,3,48.727344547146146,-122.48420146406094,main_campus,matched,
202620,Spring 2026,DNC 313 01,22639,Ballet III - Level 3,CM,Commissary,Commissary Building,B,TueThu,11:00,12:50,17,48.727344547146146,-122.48420146406094,main_campus,matched,
202620,Spring 2026,DNC 113 01,20652,Ballet I - Level 3,CM,Commissary,Commissary Building,B,TueThu,13:00,14:20,5,48.727344547146146,-122.48420146406094,main_campus,matched,
202620,Spring 2026,THTR 385 01,23218,Topics in Intermediate Costume Technology and Construction,CM,Commissary,Commissary Building,C,TueThu,13:00,14:50,14,48.727344547146146,-122.48420146406094,main_campus,matched,
202620,Spring 2026,DNC 213 01,22640,Ballet II - Level 3,CM,Commissary,Commissary Building,B,TueThu,14:30,15:50,14,48.727344547146146,-122.48420146406094,main_campus,matched,
202620,Spring 2026,THTR 413 01,22520,Advanced Lighting Design,CM,Commissary,Commissary Building,C,TueThu,15:00,16:50,6,48.727344547146146,-122.48420146406094,main_campus,matched,
202620,Spring 2026,KIN 416 02,24047,Strength and Conditioning Program Design,CV,Carver,Carver Building,105,Fri,09:00,09:50,11,48.73573561037554,-122.48654362173829,main_campus,matched,
202620,Spring 2026,KIN 416 214,20461,Strength and Conditioning Program Design,CV,Carver,Carver Building,105,Fri,09:00,09:50,30,48.73573561037554,-122.48654362173829,main_campus,matched,
202620,Spring 2026,PEH 444P 0,22189,Block V: Secondary Health Methods and Practicum,CV,Carver,Carver Building,272,Fri,11:00,11:50,11,48.73573561037554,-122.48654362173829,main_campus,matched,
202620,Spring 2026,HLED 455 01,21413,Health Education Grades K-8,CV,Carver,Carver Building,103,Fri,13:00,14:50,36,48.73573561037554,-122.48654362173829,main_campus,matched,
202620,Spring 2026,MACS 197A 0,23971,Communicating Emerging Ocean Topics,CV,Carver,Carver Building,264,Fri,15:00,16:50,29,48.73573561037554,-122.48654362173829,main_campus,matched,
202620,Spring 2026,PEH 443P 0,22188,Adapted Physical Education Methods and Practicum,CV,Carver,Carver Building,280,Mon,13:00,15:50,13,48.73573561037554,-122.48654362173829,main_campus,matched,
202620,Spring 2026,PEH 443P 0,22188,Adapted Physical Education Methods and Practicum,CV,Carver,Carver Building,272,Mon,13:00,15:50,13,48.73573561037554,-122.48654362173829,main_campus,matched,
202620,Spring 2026,KIN 506 0,23918,Research Statistical Analysis in Human Movement and Performance,CV,Carver,Carver Building,265,MonFri,16:00,16:50,7,48.73573561037554,-122.48654362173829,main_campus,matched,
202620,Spring 2026,KIN 413 210,20459,Physiology of Exercise,CV,Carver,Carver Building,103,MonTueWedFri,08:00,08:50,6,48.73573561037554,-122.48654362173829,main_campus,matched,
202620,Spring 2026,KIN 413 211,20460,Physiology of Exercise,CV,Carver,Carver Building,103,MonTueWedFri,08:00,08:50,13,48.73573561037554,-122.48654362173829,main_campus,matched,
202620,Spring 2026,KIN 312 205,20457,Functional Anatomy,CV,Carver,Carver Building,103,MonTueWedFri,09:00,09:50,19,48.73573561037554,-122.48654362173829,main_campus,matched,
202620,Spring 2026,KIN 312 206,20458,Functional Anatomy,CV,Carver,Carver Building,103,MonTueWedFri,09:00,09:50,20,48.73573561037554,-122.48654362173829,main_campus,matched,
202620,Spring 2026,KIN 413 0,21110,Physiology of Exercise,CV,Carver,Carver Building,103,MonTueWedFri,10:00,10:50,19,48.73573561037554,-122.48654362173829,main_campus,matched,
202620,Spring 2026,KIN 413 0,21111,Physiology of Exercise,CV,Carver,Carver Building,103,MonTueWedFri,10:00,10:50,20,48.73573561037554,-122.48654362173829,main_campus,matched,
202620,Spring 2026,KIN 311 203,20455,Biomechanics,CV,Carver,Carver Building,103,MonTueWedFri,11:00,11:50,20,48.73573561037554,-122.48654362173829,main_campus,matched,
202620,Spring 2026,KIN 311 204,20456,Biomechanics,CV,Carver,Carver Building,103,MonTueWedFri,11:00,11:50,20,48.73573561037554,-122.48654362173829,main_campus,matched,
202620,Spring 2026,RECR 261 006,21583,Inclusive Recreation Leadership,CV,Carver,Carver Building,207,MonTueWedThu,13:30,14:50,14,48.73573561037554,-122.48654362173829,main_campus,matched,
202620,Spring 2026,RECR 261 008,21585,Inclusive Recreation Leadership,CV,Carver,Carver Building,261,MonTueWedThu,13:30,14:50,12,48.73573561037554,-122.48654362173829,main_campus,matched,
202620,Spring 2026,KIN 306 0,21020,Measurement and Evaluation in Kinesiology,CV,Carver,Carver Building,264,MonTueWedThuFri,14:00,14:50,40,48.73573561037554,-122.48654362173829,main_campus,matched,
202620,Spring 2026,PA 152 0,23933,Beginning Kickboxing,CV,Carver,Carver Building,210,MonWed,08:00,08:50,9,48.73573561037554,-122.48654362173829,main_campus,matched,
202620,Spring 2026,HLED 425 0,23137,Planning and Implementation of Health Programs,CV,Carver,Carver Building,265,MonWed,09:00,11:20,29,48.73573561037554,-122.48654362173829,main_campus,matched,
202620,Spring 2026,PA 168 0,21639,Beginning Martial Arts,CV,Carver,Carver Building,210,MonWed,09:00,09:50,6,48.73573561037554,-122.48654362173829,main_campus,matched,
202620,Spring 2026,RECR 210 0,22978,Leisure in Contemporary Society,CV,Carver,Carver Building,104,MonWed,09:00,10:50,33,48.73573561037554,-122.48654362173829,main_campus,matched,
202620,Spring 2026,PA 101 0,21631,Beginning Strength &amp; Conditioning,CV,Carver,Carver Building,101,MonWed,10:00,10:50,12,48.73573561037554,-122.48654362173829,main_campus,matched,
202620,Spring 2026,PA 145 0,21637,Beginning Volleyball,CV,Carver,Carver Building,240,MonWed,10:00,10:50,4,48.73573561037554,-122.48654362173829,main_campus,matched,
202620,Spring 2026,PA 169 0,23936,Beginning Self-Defense,CV,Carver,Carver Building,210,MonWed,10:00,10:50,3,48.73573561037554,-122.48654362173829,main_campus,matched,
202620,Spring 2026,PE 345 03,21408,Physical Education for Elementary School,CV,Carver,Carver Building,280,MonWed,10:00,11:20,14,48.73573561037554,-122.48654362173829,main_campus,matched,
202620,Spring 2026,PE 345 03,21408,Physical Education for Elementary School,CV,Carver,Carver Building,272,MonWed,10:00,11:20,14,48.73573561037554,-122.48654362173829,main_campus,matched,
202620,Spring 2026,RECR 271 001,20089,Introduction to Community Recreation and Leisure Services,CV,Carver,Carver Building,207,MonWed,10:00,11:15,34,48.73573561037554,-122.48654362173829,main_campus,matched,
202620,Spring 2026,PA 101 0,23922,Beginning Strength &amp; Conditioning,CV,Carver,Carver Building,101,MonWed,11:00,11:50,9,48.73573561037554,-122.48654362173829,main_campus,matched,
202620,Spring 2026,PA 132 0,23928,Beginning Badminton,CV,Carver,Carver Building,240,MonWed,11:00,11:50,8,48.73573561037554,-122.48654362173829,main_campus,matched,
202620,Spring 2026,RECR 272 002,20090,Introduction to Outdoor Recreation,CV,Carver,Carver Building,207,MonWed,11:30,12:45,30,48.73573561037554,-122.48654362173829,main_campus,matched,
202620,Spring 2026,SPED 420 221,20387,Effective Teaching,CV,Carver,Carver Building,103,MonWed,12:00,13:50,28,48.73573561037554,-122.48654362173829,main_campus,matched,
202620,Spring 2026,HLED 350 0,23598,Nutrition,CV,Carver,Carver Building,104,MonWed,13:00,14:50,51,48.73573561037554,-122.48654362173829,main_campus,matched,
202620,Spring 2026,PA 134 0,21635,Beginning Pickleball,CV,Carver,Carver Building,240,MonWed,13:00,13:50,8,48.73573561037554,-122.48654362173829,main_campus,matched,
202620,Spring 2026,ENVS 427 1,23432,Soil Landscapes,CV,Carver,Carver Building,103,MonWed,14:00,15:50,13,48.73573561037554,-122.48654362173829,main_campus,matched,
202620,Spring 2026,ENVS 526 2,23409,Understanding Soil Data,CV,Carver,Carver Building,103,MonWed,14:00,15:50,0,48.73573561037554,-122.48654362173829,main_campus,matched,
202620,Spring 2026,MIS 433 0,23056,Programming Skills for Business Analytics,CV,Carver,Carver Building,265,MonWed,14:00,15:50,18,48.73573561037554,-122.48654362173829,main_campus,matched,
202620,Spring 2026,MACS 197A 0,23971,Communicating Emerging Ocean Topics,CV,Carver,Carver Building,264,MonWed,15:00,15:50,29,48.73573561037554,-122.48654362173829,main_campus,matched,
202620,Spring 2026,CHEM 463 C65,20835,Physical Chemistry,CV,Carver,Carver Building,264,MonWedFri,10:00,10:50,20,48.73573561037554,-122.48654362173829,main_campus,matched,
202620,Spring 2026,KIN 414 0,23600,Physical Activity and Nutrition,CV,Carver,Carver Building,264,MonWedFri,11:00,11:50,22,48.73573561037554,-122.48654362173829,main_campus,matched,
202620,Spring 2026,HIST 103 0,21810,Introduction to American Civilization: American History to 1865,CV,Carver,Carver Building,104,MonWedFri,11:30,12:50,41,48.73573561037554,-122.48654362173829,main_campus,matched,
202620,Spring 2026,KIN 410 0,21164,Motor Control and Learning,CV,Carver,Carver Building,264,MonWedFri,12:00,12:50,39,48.73573561037554,-122.48654362173829,main_campus,matched,
202620,Spring 2026,KIN 410 0,22406,Motor Control and Learning,CV,Carver,Carver Building,264,MonWedFri,13:00,13:50,38,48.73573561037554,-122.48654362173829,main_campus,matched,
202620,Spring 2026,KIN 416 02,24047,Strength and Conditioning Program Design,CV,Carver,Carver Building,264,MonWedThu,09:00,09:50,11,48.73573561037554,-122.48654362173829,main_campus,matched,
202620,Spring 2026,KIN 416 214,20461,Strength and Conditioning Program Design,CV,Carver,Carver Building,264,MonWedThu,09:00,09:50,30,48.73573561037554,-122.48654362173829,main_campus,matched,
202620,Spring 2026,KIN 413 211,20460,Physiology of Exercise,CV,Carver,Carver Building,306,Thu,08:00,09:50,13,48.73573561037554,-122.48654362173829,main_campus,matched,
202620,Spring 2026,KIN 312 206,20458,Functional Anatomy,CV,Carver,Carver Building,163B,Thu,09:00,10:50,20,48.73573561037554,-122.48654362173829,main_campus,matched,
202620,Spring 2026,KIN 413 210,20459,Physiology of Exercise,CV,Carver,Carver Building,306,Thu,10:00,11:50,6,48.73573561037554,-122.48654362173829,main_campus,matched,
202620,Spring 2026,PEH 444P 0,22189,Block V: Secondary Health Methods and Practicum,CV,Carver,Carver Building,272,Thu,12:00,14:50,11,48.73573561037554,-122.48654362173829,main_campus,matched,
202620,Spring 2026,BIOL 349 0,23626,Human Physiology w/lab,CV,Carver,Carver Building,163B,Thu,13:00,16:50,18,48.73573561037554,-122.48654362173829,main_campus,matched,
202620,Spring 2026,KIN 413 0,21110,Physiology of Exercise,CV,Carver,Carver Building,306,Tue,08:00,09:50,19,48.73573561037554,-122.48654362173829,main_campus,matched,
202620,Spring 2026,KIN 312 205,20457,Functional Anatomy,CV,Carver,Carver Building,163B,Tue,10:00,11:50,19,48.73573561037554,-122.48654362173829,main_campus,matched,
202620,Spring 2026,KIN 413 0,21111,Physiology of Exercise,CV,Carver,Carver Building,306,Tue,12:00,13:50,20,48.73573561037554,-122.48654362173829,main_campus,matched,
202620,Spring 2026,ESCI 330 0,20619,Natural History of the Pacific Northwest,CV,Carver,Carver Building,103,Tue,13:00,14:20,23,48.73573561037554,-122.48654362173829,main_campus,matched,
202620,Spring 2026,KIN 412 0,22407,Human Anatomy Dissection,CV,Carver,Carver Building,163B,Tue,13:00,15:50,8,48.73573561037554,-122.48654362173829,main_campus,matched,
202620,Spring 2026,LDST 408 0,23898,Sustainability Leadership,CV,Carver,Carver Building,265,TueThu,08:00,09:20,3,48.73573561037554,-122.48654362173829,main_campus,matched,
202620,Spring 2026,SUST 408 0,23132,Sustainability Leadership,CV,Carver,Carver Building,265,TueThu,08:00,09:50,9,48.73573561037554,-122.48654362173829,main_campus,matched,
202620,Spring 2026,ANTH 455 0,23548,Doing Ethnography and Qualitative Research,CV,Carver,Carver Building,264,TueThu,10:00,11:50,13,48.73573561037554,-122.48654362173829,main_campus,matched,
202620,Spring 2026,ANTH 555 0,23549,Doing Ethnography and Qualitative Research,CV,Carver,Carver Building,264,TueThu,10:00,11:50,3,48.73573561037554,-122.48654362173829,main_campus,matched,
202620,Spring 2026,BIOL 348 0,23620,Human Anatomy and Physiology w/lab,CV,Carver,Carver Building,163A,TueThu,10:00,11:50,18,48.73573561037554,-122.48654362173829,main_campus,matched,
202620,Spring 2026,ENG 202 0,20530,Writing About Literature,CV,Carver,Carver Building,265,TueThu,10:00,11:50,23,48.73573561037554,-122.48654362173829,main_campus,matched,
202620,Spring 2026,KIN 311 203,20455,Biomechanics,CV,Carver,Carver Building,305,TueThu,10:00,10:50,20,48.73573561037554,-122.48654362173829,main_campus,matched,
202620,Spring 2026,MGMT 271 0,20885,Law and the Business Environment,CV,Carver,Carver Building,104,TueThu,10:00,11:50,80,48.73573561037554,-122.48654362173829,main_campus,matched,
202620,Spring 2026,PA 108 0,21633,Beginning Weight Training,CV,Carver,Carver Building,105,TueThu,10:00,10:50,7,48.73573561037554,-122.48654362173829,main_campus,matched,
202620,Spring 2026,RECR 274 003,20091,Introduction to Therapeutic Recreation,CV,Carver,Carver Building,207,TueThu,10:00,11:15,17,48.73573561037554,-122.48654362173829,main_campus,matched,
202620,Spring 2026,PA 108 0,23925,Beginning Weight Training,CV,Carver,Carver Building,105,TueThu,11:00,11:50,10,48.73573561037554,-122.48654362173829,main_campus,matched,
202620,Spring 2026,PSY 564 0,23603,Individual Counseling Techniques,CV,Carver,Carver Building,202,TueThu,11:00,12:50,4,48.73573561037554,-122.48654362173829,main_campus,matched,
202620,Spring 2026,RECR 279 020,20519,Introduction to Tourism,CV,Carver,Carver Building,207,TueThu,11:30,12:45,29,48.73573561037554,-122.48654362173829,main_campus,matched,
202620,Spring 2026,BIOL 348 0,23621,Human Anatomy and Physiology w/lab,CV,Carver,Carver Building,163A,TueThu,12:00,13:50,18,48.73573561037554,-122.48654362173829,main_campus,matched,
202620,Spring 2026,C/AM 406 0,21296,Canadian Government and Politics,CV,Carver,Carver Building,264,TueThu,12:00,13:50,4,48.73573561037554,-122.48654362173829,main_campus,matched,
202620,Spring 2026,KIN 311 204,20456,Biomechanics,CV,Carver,Carver Building,305,TueThu,12:00,12:50,20,48.73573561037554,-122.48654362173829,main_campus,matched,
202620,Spring 2026,PLSC 406 18,22721,Canadian Government and Politics,CV,Carver,Carver Building,264,TueThu,12:00,13:50,12,48.73573561037554,-122.48654362173829,main_campus,matched,
202620,Spring 2026,PSY 307 0,21994,Experimental Approaches to Research and Statistics,CV,Carver,Carver Building,104,TueThu,12:00,13:50,36,48.73573561037554,-122.48654362173829,main_campus,matched,
202620,Spring 2026,KIN 422 0,21275,Professional Issues in Health and Exercise Settings,CV,Carver,Carver Building,265,TueThu,13:00,14:15,14,48.73573561037554,-122.48654362173829,main_campus,matched,
202620,Spring 2026,PA 149 0,21638,Beginning Ultimate Disc,CV,Carver,Carver Building,210,TueThu,13:00,13:50,10,48.73573561037554,-122.48654362173829,main_campus,matched,
202620,Spring 2026,BIOL 348 0,23622,Human Anatomy and Physiology w/lab,CV,Carver,Carver Building,163A,TueThu,14:00,15:50,20,48.73573561037554,-122.48654362173829,main_campus,matched,
202620,Spring 2026,PA 144 0,21636,Beginning Soccer,CV,Carver,Carver Building,210,TueThu,14:00,14:50,16,48.73573561037554,-122.48654362173829,main_campus,matched,
202620,Spring 2026,KIN 320 0,21274,Psychology of Sport,CV,Carver,Carver Building,103,TueThu,15:00,16:15,2,48.73573561037554,-122.48654362173829,main_campus,matched,
202620,Spring 2026,KIN 320 0,22945,Psychology of Sport,CV,Carver,Carver Building,103,TueThu,15:00,16:15,33,48.73573561037554,-122.48654362173829,main_campus,matched,
202620,Spring 2026,KIN 421 0,22408,Psychology of Exercise,CV,Carver,Carver Building,264,TueThu,15:00,16:15,39,48.73573561037554,-122.48654362173829,main_campus,matched,
202620,Spring 2026,PA 139 0,23929,Beginning Racquetball,CV,Carver,Carver Building,164,TueThu,15:00,15:50,4,48.73573561037554,-122.48654362173829,main_campus,matched,
202620,Spring 2026,PA 139 0,23929,Beginning Racquetball,CV,Carver,Carver Building,165,TueThu,15:00,15:50,4,48.73573561037554,-122.48654362173829,main_campus,matched,
202620,Spring 2026,PA 139 0,23929,Beginning Racquetball,CV,Carver,Carver Building,166,TueThu,15:00,15:50,4,48.73573561037554,-122.48654362173829,main_campus,matched,
202620,Spring 2026,BIOL 348 0,23623,Human Anatomy and Physiology w/lab,CV,Carver,Carver Building,163A,TueThu,16:00,17:50,20,48.73573561037554,-122.48654362173829,main_campus,matched,
202620,Spring 2026,BIOL 349 0,23627,Human Physiology w/lab,CV,Carver,Carver Building,163B,Wed,08:00,11:50,12,48.73573561037554,-122.48654362173829,main_campus,matched,
202620,Spring 2026,BIOL 349 0,23628,Human Physiology w/lab,CV,Carver,Carver Building,163B,Wed,13:00,16:50,18,48.73573561037554,-122.48654362173829,main_campus,matched,
202620,Spring 2026,PEH 341P 0,22473,Elementary Physical Education Practicum,CV,Carver,Carver Building,272,Wed,13:00,14:50,13,48.73573561037554,-122.48654362173829,main_campus,matched,
202620,Spring 2026,PEH 341P 0,22473,Elementary Physical Education Practicum,CV,Carver,Carver Building,280,Wed,13:00,14:50,13,48.73573561037554,-122.48654362173829,main_campus,matched,
202620,Spring 2026,RECR 312 0,22979,Peer-based Outdoor Wellness Mentoring Practicum,CV,Carver,Carver Building,265,Wed,13:00,13:50,15,48.73573561037554,-122.48654362173829,main_campus,matched,
202620,Spring 2026,GEOL 101 13,21257,Introduction to Geology,ES,Environmental Studies Center,Environmental Studies Building,113,Fri,08:00,09:50,25,48.733432502617006,-122.48518263994688,main_campus,matched,
202620,Spring 2026,GEOL 101 14,21258,Introduction to Geology,ES,Environmental Studies Center,Environmental Studies Building,113,Fri,10:00,11:50,25,48.733432502617006,-122.48518263994688,main_campus,matched,
202620,Spring 2026,GEOL 110 0,22596,Natural Hazards and Disasters,ES,Environmental Studies Center,Environmental Studies Building,230,Fri,10:00,11:50,24,48.733432502617006,-122.48518263994688,main_campus,matched,
202620,Spring 2026,ENRG 480 01,21081,Applications in Energy Production,ES,Environmental Studies Center,Environmental Studies Building,418,Fri,11:00,16:50,11,48.733432502617006,-122.48518263994688,main_campus,matched,
202620,Spring 2026,ESCI 480 01,21089,Applications in Energy Production,ES,Environmental Studies Center,Environmental Studies Building,418,Fri,11:00,16:50,4,48.733432502617006,-122.48518263994688,main_campus,matched,
202620,Spring 2026,GEOL 101 15,21259,Introduction to Geology,ES,Environmental Studies Center,Environmental Studies Building,113,Fri,12:00,13:50,23,48.733432502617006,-122.48518263994688,main_campus,matched,
202620,Spring 2026,ENVS 305 1,22752,Introduction to Environmental Studies II: History and Policy,ES,Environmental Studies Center,Environmental Studies Building,413,Fri,14:00,14:50,25,48.733432502617006,-122.48518263994688,main_campus,matched,
202620,Spring 2026,GEOL 101 16,21260,Introduction to Geology,ES,Environmental Studies Center,Environmental Studies Building,113,Fri,14:00,15:50,22,48.733432502617006,-122.48518263994688,main_campus,matched,
202620,Spring 2026,GEOL 316 0,21608,Paleontology,ES,Environmental Studies Center,Environmental Studies Building,227,Mon,12:00,13:50,19,48.733432502617006,-122.48518263994688,main_campus,matched,
202620,Spring 2026,GEOL 213 0,20859,GIS in Geology,ES,Environmental Studies Center,Environmental Studies Building,230,MonWed,08:00,09:20,18,48.733432502617006,-122.48518263994688,main_campus,matched,
202620,Spring 2026,ESCI 340 0,22512,Biostatistical Analysis,ES,Environmental Studies Center,Environmental Studies Building,070,MonWed,08:30,09:50,29,48.733432502617006,-122.48518263994688,main_campus,matched,
202620,Spring 2026,GEOL 397J 0,23319,Environmental Geochemistry,ES,Environmental Studies Center,Environmental Studies Building,223,MonWed,09:00,10:50,15,48.733432502617006,-122.48518263994688,main_campus,matched,
202620,Spring 2026,UEPP 473 01,22661,Planning Studio III: Plan Implementation,ES,Environmental Studies Center,Environmental Studies Building,318,MonWed,09:00,10:20,16,48.733432502617006,-122.48518263994688,main_campus,matched,
202620,Spring 2026,FIN 341 S01,20101,Principles of Finance,ES,Environmental Studies Center,Environmental Studies Building,080,MonWed,10:00,11:50,42,48.733432502617006,-122.48518263994688,main_campus,matched,
202620,Spring 2026,GEOL 318 0,21609,Structural Geology,ES,Environmental Studies Center,Environmental Studies Building,218,MonWed,10:00,12:50,17,48.733432502617006,-122.48518263994688,main_campus,matched,
202620,Spring 2026,PLSC 372 13,23207,International Political Economy,ES,Environmental Studies Center,Environmental Studies Building,418,MonWed,10:00,11:50,28,48.733432502617006,-122.48518263994688,main_campus,matched,
202620,Spring 2026,GEOL 417 0,23312,Geological Perspectives on Climate Change,ES,Environmental Studies Center,Environmental Studies Building,223,MonWed,11:00,12:50,19,48.733432502617006,-122.48518263994688,main_campus,matched,
202620,Spring 2026,GEOL 517 0,23313,Geological Perspectives on Climate Change,ES,Environmental Studies Center,Environmental Studies Building,223,MonWed,11:00,12:50,8,48.733432502617006,-122.48518263994688,main_campus,matched,
202620,Spring 2026,ACCT 240 S04,20004,Financial Accounting,ES,Environmental Studies Center,Environmental Studies Building,100,MonWed,12:00,13:50,56,48.733432502617006,-122.48518263994688,main_campus,matched,
202620,Spring 2026,ACCT 451 0,22419,International Accounting,ES,Environmental Studies Center,Environmental Studies Building,080,MonWed,12:00,13:50,30,48.733432502617006,-122.48518263994688,main_campus,matched,
202620,Spring 2026,MPAC 551 0,22422,Seminar in International Accounting,ES,Environmental Studies Center,Environmental Studies Building,080,MonWed,12:00,13:50,5,48.733432502617006,-122.48518263994688,main_campus,matched,
202620,Spring 2026,OPS 360 0,20526,Operations Management,ES,Environmental Studies Center,Environmental Studies Building,413,MonWed,12:00,13:50,63,48.733432502617006,-122.48518263994688,main_campus,matched,
202620,Spring 2026,OPS 466 0,20398,Supply Chain Management and Procurement,ES,Environmental Studies Center,Environmental Studies Building,072,MonWed,12:00,13:50,16,48.733432502617006,-122.48518263994688,main_campus,matched,
202620,Spring 2026,PLSC 390 15,23208,The Politics of Development,ES,Environmental Studies Center,Environmental Studies Building,418,MonWed,12:00,13:50,27,48.733432502617006,-122.48518263994688,main_campus,matched,
202620,Spring 2026,UEPP 497C 0,23682,Innovative Methods for Environmental Justice (IM4EJ) Studio,ES,Environmental Studies Center,Environmental Studies Building,318,MonWed,12:00,13:50,8,48.733432502617006,-122.48518263994688,main_campus,matched,
202620,Spring 2026,ECON 447 0,20106,Methods for Teaching About the National Economy in the Public Schools,ES,Environmental Studies Center,Environmental Studies Building,070,MonWed,13:00,14:20,24,48.733432502617006,-122.48518263994688,main_campus,matched,
202620,Spring 2026,GEOL 406 0,21610,Igneous and Metamorphic Petrology,ES,Environmental Studies Center,Environmental Studies Building,218,MonWed,13:00,15:50,21,48.733432502617006,-122.48518263994688,main_campus,matched,
202620,Spring 2026,ACCT 245 S10,20127,Managerial Accounting,ES,Environmental Studies Center,Environmental Studies Building,413,MonWed,14:00,15:50,35,48.733432502617006,-122.48518263994688,main_campus,matched,
202620,Spring 2026,ENRG 490 0,23448,Energy Capstone: Energy System Synthesis,ES,Environmental Studies Center,Environmental Studies Building,418,MonWed,14:00,15:50,12,48.733432502617006,-122.48518263994688,main_campus,matched,
202620,Spring 2026,MKTG 489 S25,21364,Marketing Management and Strategy,ES,Environmental Studies Center,Environmental Studies Building,080,MonWed,14:00,15:50,31,48.733432502617006,-122.48518263994688,main_campus,matched,
202620,Spring 2026,UEPP 473 02,23792,Planning Studio III: Plan Implementation,ES,Environmental Studies Center,Environmental Studies Building,318,MonWed,14:00,15:20,20,48.733432502617006,-122.48518263994688,main_campus,matched,
202620,Spring 2026,UEPP 270 01,21974,"Cities, Nature and Society",ES,Environmental Studies Center,Environmental Studies Building,313,MonWed,14:30,15:50,48,48.733432502617006,-122.48518263994688,main_campus,matched,
202620,Spring 2026,MKTG 486 0,24003,International Marketing Management,ES,Environmental Studies Center,Environmental Studies Building,418,MonWed,16:00,17:50,26,48.733432502617006,-122.48518263994688,main_campus,matched,
202620,Spring 2026,ANTH 301 0,22816,Anthropological Theory,ES,Environmental Studies Center,Environmental Studies Building,070,MonWedFri,10:00,11:20,36,48.733432502617006,-122.48518263994688,main_campus,matched,
202620,Spring 2026,BIOL 327 0,23947,Fundamentals of Molecular Biology,ES,Environmental Studies Center,Environmental Studies Building,313,MonWedFri,10:00,11:20,39,48.733432502617006,-122.48518263994688,main_campus,matched,
202620,Spring 2026,GEOL 212 1,20447,Historical Geology,ES,Environmental Studies Center,Environmental Studies Building,100,MonWedFri,10:00,10:50,15,48.733432502617006,-122.48518263994688,main_campus,matched,
202620,Spring 2026,GEOL 212 2,20448,Historical Geology,ES,Environmental Studies Center,Environmental Studies Building,100,MonWedFri,10:00,10:50,16,48.733432502617006,-122.48518263994688,main_campus,matched,
202620,Spring 2026,GEOL 212 3,20449,Historical Geology,ES,Environmental Studies Center,Environmental Studies Building,100,MonWedFri,10:00,10:50,4,48.733432502617006,-122.48518263994688,main_campus,matched,
202620,Spring 2026,JAPN 303 0,22571,Third-Year Japanese,ES,Environmental Studies Center,Environmental Studies Building,072,MonWedFri,10:00,11:20,8,48.733432502617006,-122.48518263994688,main_campus,matched,
202620,Spring 2026,PHIL 114 0,20924,Introduction to Philosophy: Knowledge and Reality,ES,Environmental Studies Center,Environmental Studies Building,413,MonWedFri,10:00,10:50,41,48.733432502617006,-122.48518263994688,main_campus,matched,
202620,Spring 2026,CSCI 103 0,22555,Introduction to Computer Game Development,ES,Environmental Studies Center,Environmental Studies Building,100,MonWedFri,11:00,11:50,21,48.733432502617006,-122.48518263994688,main_campus,matched,
202620,Spring 2026,CSCI 103 0,22556,Introduction to Computer Game Development,ES,Environmental Studies Center,Environmental Studies Building,100,MonWedFri,11:00,11:50,11,48.733432502617006,-122.48518263994688,main_campus,matched,
202620,Spring 2026,CSCI 103 0,22557,Introduction to Computer Game Development,ES,Environmental Studies Center,Environmental Studies Building,100,MonWedFri,11:00,11:50,20,48.733432502617006,-122.48518263994688,main_campus,matched,
202620,Spring 2026,PHIL 114 0,20925,Introduction to Philosophy: Knowledge and Reality,ES,Environmental Studies Center,Environmental Studies Building,413,MonWedFri,11:00,11:50,41,48.733432502617006,-122.48518263994688,main_campus,matched,
202620,Spring 2026,SOC 304 02,20706,Statistics for Sociology,ES,Environmental Studies Center,Environmental Studies Building,313,MonWedFri,11:30,12:50,28,48.733432502617006,-122.48518263994688,main_campus,matched,
202620,Spring 2026,ANTH 350 0,22821,The Ecology of Human Variation,ES,Environmental Studies Center,Environmental Studies Building,313,MonWedFri,13:00,14:20,22,48.733432502617006,-122.48518263994688,main_campus,matched,
202620,Spring 2026,ANTH 447 0,23999,Anthropological Semiotics,ES,Environmental Studies Center,Environmental Studies Building,072,MonWedFri,14:30,15:50,6,48.733432502617006,-122.48518263994688,main_campus,matched,
202620,Spring 2026,ANTH 547 0,24000,Semiotic Anthropology,ES,Environmental Studies Center,Environmental Studies Building,072,MonWedFri,14:30,15:50,0,48.733432502617006,-122.48518263994688,main_campus,matched,
202620,Spring 2026,ENVS 392 1,23423,Introduction to Climate Change,ES,Environmental Studies Center,Environmental Studies Building,100,MonWedFri,14:30,15:50,26,48.733432502617006,-122.48518263994688,main_campus,matched,
202620,Spring 2026,ESCI 392 0,23365,Introduction to Climate Change,ES,Environmental Studies Center,Environmental Studies Building,100,MonWedFri,14:30,15:50,36,48.733432502617006,-122.48518263994688,main_campus,matched,
202620,Spring 2026,PLSC 326 9,23203,Policy Analysis: Understanding Public Problems &amp; Policy Solutions,ES,Environmental Studies Center,Environmental Studies Building,070,MonWedFri,14:30,15:50,23,48.733432502617006,-122.48518263994688,main_campus,matched,
202620,Spring 2026,GEOL 101 5,20570,Introduction to Geology,ES,Environmental Studies Center,Environmental Studies Building,113,Thu,08:00,09:50,5,48.733432502617006,-122.48518263994688,main_campus,matched,
202620,Spring 2026,GEOL 415 0,21325,Sedimentology and Stratigraphy,ES,Environmental Studies Center,Environmental Studies Building,218,Thu,08:00,10:50,22,48.733432502617006,-122.48518263994688,main_campus,matched,
202620,Spring 2026,GEOL 101 6,20571,Introduction to Geology,ES,Environmental Studies Center,Environmental Studies Building,113,Thu,10:00,11:50,7,48.733432502617006,-122.48518263994688,main_campus,matched,
202620,Spring 2026,GEOL 212 3,20449,Historical Geology,ES,Environmental Studies Center,Environmental Studies Building,227,Thu,10:00,11:50,4,48.733432502617006,-122.48518263994688,main_campus,matched,
202620,Spring 2026,GEOL 101 7,20572,Introduction to Geology,ES,Environmental Studies Center,Environmental Studies Building,113,Thu,12:00,13:50,5,48.733432502617006,-122.48518263994688,main_campus,matched,
202620,Spring 2026,GEOL 310 0,20577,Geomorphology,ES,Environmental Studies Center,Environmental Studies Building,213,Thu,12:00,15:50,22,48.733432502617006,-122.48518263994688,main_campus,matched,
202620,Spring 2026,ESCI 429 02,20425,Stream Ecology,ES,Environmental Studies Center,Environmental Studies Building,322,Thu,13:00,16:50,12,48.733432502617006,-122.48518263994688,main_campus,matched,
202620,Spring 2026,MSCI 410 02,22353,Laboratory Techniques in Materials Science,ES,Environmental Studies Center,Environmental Studies Building,128,Thu,13:00,16:50,10,48.733432502617006,-122.48518263994688,main_campus,matched,
202620,Spring 2026,GEOL 101 8,20573,Introduction to Geology,ES,Environmental Studies Center,Environmental Studies Building,113,Thu,14:00,15:50,13,48.733432502617006,-122.48518263994688,main_campus,matched,
202620,Spring 2026,GEOL 415 0,24139,Sedimentology and Stratigraphy,ES,Environmental Studies Center,Environmental Studies Building,218,Thu,14:00,15:50,15,48.733432502617006,-122.48518263994688,main_campus,matched,
202620,Spring 2026,PLSC 302 7,23201,Western Europe,ES,Environmental Studies Center,Environmental Studies Building,313,Thu,16:00,16:50,13,48.733432502617006,-122.48518263994688,main_campus,matched,
202620,Spring 2026,GEOL 101 1,20060,Introduction to Geology,ES,Environmental Studies Center,Environmental Studies Building,113,Tue,08:00,09:50,24,48.733432502617006,-122.48518263994688,main_campus,matched,
202620,Spring 2026,GEOL 415 0,21325,Sedimentology and Stratigraphy,ES,Environmental Studies Center,Environmental Studies Building,218,Tue,08:00,09:50,22,48.733432502617006,-122.48518263994688,main_campus,matched,
202620,Spring 2026,ESCI 529 01,20426,Advanced Stream Ecology,ES,Environmental Studies Center,Environmental Studies Building,322,Tue,09:00,12:50,4,48.733432502617006,-122.48518263994688,main_campus,matched,
202620,Spring 2026,GEOL 101 2,20061,Introduction to Geology,ES,Environmental Studies Center,Environmental Studies Building,113,Tue,10:00,11:50,19,48.733432502617006,-122.48518263994688,main_campus,matched,
202620,Spring 2026,GEOL 212 1,20447,Historical Geology,ES,Environmental Studies Center,Environmental Studies Building,227,Tue,10:00,11:50,15,48.733432502617006,-122.48518263994688,main_campus,matched,
202620,Spring 2026,GEOL 101 3,20568,Introduction to Geology,ES,Environmental Studies Center,Environmental Studies Building,113,Tue,12:00,13:50,25,48.733432502617006,-122.48518263994688,main_campus,matched,
202620,Spring 2026,GEOL 310 0,20577,Geomorphology,ES,Environmental Studies Center,Environmental Studies Building,213,Tue,12:00,14:50,22,48.733432502617006,-122.48518263994688,main_campus,matched,
202620,Spring 2026,GEOL 101 4,20569,Introduction to Geology,ES,Environmental Studies Center,Environmental Studies Building,113,Tue,14:00,15:50,14,48.733432502617006,-122.48518263994688,main_campus,matched,
202620,Spring 2026,GEOL 212 2,20448,Historical Geology,ES,Environmental Studies Center,Environmental Studies Building,227,Tue,14:00,15:50,16,48.733432502617006,-122.48518263994688,main_campus,matched,
202620,Spring 2026,GEOL 415 0,24139,Sedimentology and Stratigraphy,ES,Environmental Studies Center,Environmental Studies Building,218,Tue,14:00,16:50,15,48.733432502617006,-122.48518263994688,main_campus,matched,
202620,Spring 2026,ENRG 486 0,23447,Electric Utility Resource Planning,ES,Environmental Studies Center,Environmental Studies Building,080,TueThu,08:00,09:50,12,48.733432502617006,-122.48518263994688,main_campus,matched,
202620,Spring 2026,ESCI 505 0,23366,Spatial Analysis for Environmental Data,ES,Environmental Studies Center,Environmental Studies Building,072,TueThu,08:00,09:50,10,48.733432502617006,-122.48518263994688,main_campus,matched,
202620,Spring 2026,GEOL 211 1,20003,Physical Geology,ES,Environmental Studies Center,Environmental Studies Building,118,TueThu,08:00,09:50,11,48.733432502617006,-122.48518263994688,main_campus,matched,
202620,Spring 2026,GEOL 213 0,20415,GIS in Geology,ES,Environmental Studies Center,Environmental Studies Building,230,TueThu,08:00,09:20,20,48.733432502617006,-122.48518263994688,main_campus,matched,
202620,Spring 2026,PLSC 261 0,23596,Introduction to Political Theory,ES,Environmental Studies Center,Environmental Studies Building,413,TueThu,08:00,09:50,44,48.733432502617006,-122.48518263994688,main_campus,matched,
202620,Spring 2026,BIOL 245 0,23605,Microbiology for Health Sciences w/lab,ES,Environmental Studies Center,Environmental Studies Building,418,TueThu,08:30,09:50,25,48.733432502617006,-122.48518263994688,main_campus,matched,
202620,Spring 2026,GEOL 110 0,22595,Natural Hazards and Disasters,ES,Environmental Studies Center,Environmental Studies Building,313,TueThu,08:30,09:50,24,48.733432502617006,-122.48518263994688,main_campus,matched,
202620,Spring 2026,GEOL 110 0,22596,Natural Hazards and Disasters,ES,Environmental Studies Center,Environmental Studies Building,313,TueThu,08:30,09:50,24,48.733432502617006,-122.48518263994688,main_campus,matched,
202620,Spring 2026,GEOL 311 0,20518,Earth Materials,ES,Environmental Studies Center,Environmental Studies Building,223,TueThu,09:00,11:50,25,48.733432502617006,-122.48518263994688,main_campus,matched,
202620,Spring 2026,ACCT 466 0,21279,Seminar in Fraud Examination &amp; Forensic Accounting,ES,Environmental Studies Center,Environmental Studies Building,418,TueThu,10:00,11:50,15,48.733432502617006,-122.48518263994688,main_campus,matched,
202620,Spring 2026,ENRG 360 0,23444,Energy Efficient and Carbon Neutral Design,ES,Environmental Studies Center,Environmental Studies Building,072,TueThu,10:00,11:40,21,48.733432502617006,-122.48518263994688,main_campus,matched,
202620,Spring 2026,ENVS 320 1,22755,GIS I: Introduction to Geographic Information Science,ES,Environmental Studies Center,Environmental Studies Building,100,TueThu,10:00,11:20,23,48.733432502617006,-122.48518263994688,main_campus,matched,
202620,Spring 2026,ENVS 320 2,22756,GIS I: Introduction to Geographic Information Science,ES,Environmental Studies Center,Environmental Studies Building,100,TueThu,10:00,11:20,24,48.733432502617006,-122.48518263994688,main_campus,matched,
202620,Spring 2026,ENVS 320 3,22757,GIS I: Introduction to Geographic Information Science,ES,Environmental Studies Center,Environmental Studies Building,100,TueThu,10:00,11:20,24,48.733432502617006,-122.48518263994688,main_campus,matched,
202620,Spring 2026,ENVS 429 1,23434,Pyrogeography,ES,Environmental Studies Center,Environmental Studies Building,413,TueThu,10:00,11:50,30,48.733432502617006,-122.48518263994688,main_campus,matched,
202620,Spring 2026,ENVS 529 2,23440,Pyrogeography,ES,Environmental Studies Center,Environmental Studies Building,413,TueThu,10:00,11:50,1,48.733432502617006,-122.48518263994688,main_campus,matched,
202620,Spring 2026,ESCI 360 0,23364,Energy Efficient and Carbon Neutral Design,ES,Environmental Studies Center,Environmental Studies Building,072,TueThu,10:00,11:40,6,48.733432502617006,-122.48518263994688,main_campus,matched,
202620,Spring 2026,ESCI 361 01,23030,Water Quality,ES,Environmental Studies Center,Environmental Studies Building,313,TueThu,10:00,11:20,16,48.733432502617006,-122.48518263994688,main_campus,matched,
202620,Spring 2026,ESCI 361 02,23031,Water Quality,ES,Environmental Studies Center,Environmental Studies Building,313,TueThu,10:00,11:20,16,48.733432502617006,-122.48518263994688,main_campus,matched,
202620,Spring 2026,ESCI 393 01,21904,Our Coastal Seas and Climate Change,ES,Environmental Studies Center,Environmental Studies Building,070,TueThu,10:00,11:50,25,48.733432502617006,-122.48518263994688,main_campus,matched,
202620,Spring 2026,GEOL 211 2,20062,Physical Geology,ES,Environmental Studies Center,Environmental Studies Building,118,TueThu,10:00,11:50,21,48.733432502617006,-122.48518263994688,main_campus,matched,
202620,Spring 2026,MKTG 489 0,24023,Marketing Management and Strategy,ES,Environmental Studies Center,Environmental Studies Building,080,TueThu,10:00,11:50,25,48.733432502617006,-122.48518263994688,main_campus,matched,
202620,Spring 2026,MPAC 566 0,21281,Seminar in Fraud Examination &amp; Forensic Accounting,ES,Environmental Studies Center,Environmental Studies Building,418,TueThu,10:00,11:50,2,48.733432502617006,-122.48518263994688,main_campus,matched,
202620,Spring 2026,UEPP 474 01,21920,Plan for Sustain Communities,ES,Environmental Studies Center,Environmental Studies Building,318,TueThu,10:00,11:50,24,48.733432502617006,-122.48518263994688,main_campus,matched,
202620,Spring 2026,UEPP 574 01,21975,Sustainable Design Studio,ES,Environmental Studies Center,Environmental Studies Building,318,TueThu,10:00,11:50,0,48.733432502617006,-122.48518263994688,main_campus,matched,
202620,Spring 2026,ENVS 453 1,23437,Climate Politics and Governance,ES,Environmental Studies Center,Environmental Studies Building,080,TueThu,12:00,13:50,26,48.733432502617006,-122.48518263994688,main_campus,matched,
202620,Spring 2026,ESCI 302 01,20434,Environmental Disturbances,ES,Environmental Studies Center,Environmental Studies Building,413,TueThu,12:00,13:50,58,48.733432502617006,-122.48518263994688,main_campus,matched,
202620,Spring 2026,ESCI 490 0,21232,Environmental Risk Assessment,ES,Environmental Studies Center,Environmental Studies Building,072,TueThu,12:00,13:50,38,48.733432502617006,-122.48518263994688,main_campus,matched,
202620,Spring 2026,FIN 440 S25,20102,Investments,ES,Environmental Studies Center,Environmental Studies Building,418,TueThu,12:00,13:50,22,48.733432502617006,-122.48518263994688,main_campus,matched,
202620,Spring 2026,GEOL 211 3,20063,Physical Geology,ES,Environmental Studies Center,Environmental Studies Building,118,TueThu,12:00,13:50,21,48.733432502617006,-122.48518263994688,main_campus,matched,
202620,Spring 2026,GEOL 452 0,20200,Applied Geophysics,ES,Environmental Studies Center,Environmental Studies Building,223,TueThu,12:00,13:50,11,48.733432502617006,-122.48518263994688,main_campus,matched,
202620,Spring 2026,GEOL 552 0,20929,Applied Geophysics,ES,Environmental Studies Center,Environmental Studies Building,223,TueThu,12:00,13:50,8,48.733432502617006,-122.48518263994688,main_campus,matched,
202620,Spring 2026,PLSC 302 7,23201,Western Europe,ES,Environmental Studies Center,Environmental Studies Building,313,TueThu,12:00,13:50,13,48.733432502617006,-122.48518263994688,main_campus,matched,
202620,Spring 2026,PLSC 399 17,22718,The Politics of Democratization,ES,Environmental Studies Center,Environmental Studies Building,100,TueThu,12:00,13:50,21,48.733432502617006,-122.48518263994688,main_campus,matched,
202620,Spring 2026,UEPP 360 0,22280,Plan Graphics and Site Design,ES,Environmental Studies Center,Environmental Studies Building,318,TueThu,12:00,13:20,21,48.733432502617006,-122.48518263994688,main_campus,matched,
202620,Spring 2026,BIOL 445 0,24010,Host-Microbe Interactions,ES,Environmental Studies Center,Environmental Studies Building,313,TueThu,14:00,15:50,17,48.733432502617006,-122.48518263994688,main_campus,matched,
202620,Spring 2026,BIOL 545 0,24025,Host-Microbe Interactions,ES,Environmental Studies Center,Environmental Studies Building,313,TueThu,14:00,15:50,1,48.733432502617006,-122.48518263994688,main_campus,matched,
202620,Spring 2026,ECON 343 0,23340,"Population, Environment, and World Agriculture",ES,Environmental Studies Center,Environmental Studies Building,072,TueThu,14:00,15:50,22,48.733432502617006,-122.48518263994688,main_campus,matched,
202620,Spring 2026,FIN 216 S25,20884,Personal Investing,ES,Environmental Studies Center,Environmental Studies Building,413,TueThu,14:00,15:50,32,48.733432502617006,-122.48518263994688,main_campus,matched,
202620,Spring 2026,FIN 341 S02,20121,Principles of Finance,ES,Environmental Studies Center,Environmental Studies Building,080,TueThu,14:00,15:50,43,48.733432502617006,-122.48518263994688,main_campus,matched,
202620,Spring 2026,GEOL 211 4,20064,Physical Geology,ES,Environmental Studies Center,Environmental Studies Building,118,TueThu,14:00,15:50,19,48.733432502617006,-122.48518263994688,main_campus,matched,
202620,Spring 2026,GEOL 456 0,23272,Orogenic Belts,ES,Environmental Studies Center,Environmental Studies Building,223,TueThu,14:00,15:50,10,48.733432502617006,-122.48518263994688,main_campus,matched,
202620,Spring 2026,GEOL 556 0,23273,Orogenic Belts,ES,Environmental Studies Center,Environmental Studies Building,223,TueThu,14:00,15:50,5,48.733432502617006,-122.48518263994688,main_campus,matched,
202620,Spring 2026,PLSC 376 0,23818,American Foreign Policy,ES,Environmental Studies Center,Environmental Studies Building,418,TueThu,14:00,16:20,28,48.733432502617006,-122.48518263994688,main_campus,matched,
202620,Spring 2026,SOC 361 01,23555,Sociology of Education,ES,Environmental Studies Center,Environmental Studies Building,070,TueThu,14:00,15:50,35,48.733432502617006,-122.48518263994688,main_campus,matched,
202620,Spring 2026,GEOL 101 9,20574,Introduction to Geology,ES,Environmental Studies Center,Environmental Studies Building,113,Wed,08:00,09:50,6,48.733432502617006,-122.48518263994688,main_campus,matched,
202620,Spring 2026,GEOL 101 10,20575,Introduction to Geology,ES,Environmental Studies Center,Environmental Studies Building,113,Wed,10:00,11:50,25,48.733432502617006,-122.48518263994688,main_campus,matched,
202620,Spring 2026,GEOL 110 0,22595,Natural Hazards and Disasters,ES,Environmental Studies Center,Environmental Studies Building,230,Wed,10:00,11:50,24,48.733432502617006,-122.48518263994688,main_campus,matched,
202620,Spring 2026,GEOL 101 11,20576,Introduction to Geology,ES,Environmental Studies Center,Environmental Studies Building,113,Wed,12:00,13:50,22,48.733432502617006,-122.48518263994688,main_campus,matched,
202620,Spring 2026,GEOL 316 0,21608,Paleontology,ES,Environmental Studies Center,Environmental Studies Building,227,Wed,12:00,15:20,19,48.733432502617006,-122.48518263994688,main_campus,matched,
202620,Spring 2026,ESCI 330 0,20619,Natural History of the Pacific Northwest,ES,Environmental Studies Center,Environmental Studies Building,OFC,Wed,13:00,16:20,23,48.733432502617006,-122.48518263994688,main_campus,matched,
202620,Spring 2026,ESCI 429 01,20424,Stream Ecology,ES,Environmental Studies Center,Environmental Studies Building,322,Wed,13:00,16:50,12,48.733432502617006,-122.48518263994688,main_campus,matched,
202620,Spring 2026,GEOL 101 12,20624,Introduction to Geology,ES,Environmental Studies Center,Environmental Studies Building,113,Wed,14:00,15:50,20,48.733432502617006,-122.48518263994688,main_campus,matched,
202620,Spring 2026,BUS 410 0,24100,Professional &amp; Career Readiness as a College Graduate,ES,Environmental Studies Center,Environmental Studies Building,413,Wed,17:00,17:50,56,48.733432502617006,-122.48518263994688,main_campus,matched,
202620,Spring 2026,GEOL 309 0,23271,Volcanology,ES,Environmental Studies Center,Environmental Studies Building,213,WedFri,09:00,10:50,25,48.733432502617006,-122.48518263994688,main_campus,matched,
202620,Spring 2026,GEOL 211A 0,20927,Physical Geology Review,ES,Environmental Studies Center,Environmental Studies Building,118,WedFri,10:00,11:50,8,48.733432502617006,-122.48518263994688,main_campus,matched,
202620,Spring 2026,PME 461 0,22303,Tooling for Plastics Process,ET,Ross Engineering,Ross Engineering Technology Building,136,Fri,09:00,11:50,7,48.73450180732598,-122.48556231469836,main_campus,matched,
202620,Spring 2026,MFGE 250 0,21902,Introduction to Manufacturing Automation,ET,Ross Engineering,Ross Engineering Technology Building,304,Fri,14:00,15:50,12,48.73450180732598,-122.48556231469836,main_campus,matched,
202620,Spring 2026,PME 331 0,22213,Injection Molding,ET,Ross Engineering,Ross Engineering Technology Building,113,Mon,09:00,11:50,6,48.73450180732598,-122.48556231469836,main_campus,matched,
202620,Spring 2026,PME 461 0,22220,Tooling for Plastics Process,ET,Ross Engineering,Ross Engineering Technology Building,136,Mon,09:00,11:50,9,48.73450180732598,-122.48556231469836,main_campus,matched,
202620,Spring 2026,MFGE 250 0,21899,Introduction to Manufacturing Automation,ET,Ross Engineering,Ross Engineering Technology Building,331,Mon,12:00,13:50,16,48.73450180732598,-122.48556231469836,main_campus,matched,
202620,Spring 2026,MFGE 250 0,21900,Introduction to Manufacturing Automation,ET,Ross Engineering,Ross Engineering Technology Building,331,Mon,12:00,13:50,15,48.73450180732598,-122.48556231469836,main_campus,matched,
202620,Spring 2026,ID 370 0,20979,Junior Industrial Design III,ET,Ross Engineering,Ross Engineering Technology Building,350,MonWed,09:00,11:50,11,48.73450180732598,-122.48556231469836,main_campus,matched,
202620,Spring 2026,PME 372 0,22219,Introduction to Composite Materials and Processes,ET,Ross Engineering,Ross Engineering Technology Building,107,MonWed,10:00,11:50,13,48.73450180732598,-122.48556231469836,main_campus,matched,
202620,Spring 2026,PME 372 0,23347,Introduction to Composite Materials and Processes,ET,Ross Engineering,Ross Engineering Technology Building,107,MonWed,10:00,11:50,12,48.73450180732598,-122.48556231469836,main_campus,matched,
202620,Spring 2026,ENGR 130 0,23709,Introduction to Materials and Manufacturing Processes,ET,Ross Engineering,Ross Engineering Technology Building,321,MonWed,14:00,15:50,32,48.73450180732598,-122.48556231469836,main_campus,matched,
202620,Spring 2026,ENGR 225 0,20984,Mechanics of Materials,ET,Ross Engineering,Ross Engineering Technology Building,322,MonWed,14:00,15:50,14,48.73450180732598,-122.48556231469836,main_campus,matched,
202620,Spring 2026,MFGE 462 0,22643,Advanced CAD Modeling and Analysis,ET,Ross Engineering,Ross Engineering Technology Building,308,MonWed,14:00,16:50,15,48.73450180732598,-122.48556231469836,main_campus,matched,
202620,Spring 2026,MFGE 381 0,20990,Manufacturing Process Planning,ET,Ross Engineering,Ross Engineering Technology Building,328,MonWed,14:30,16:20,31,48.73450180732598,-122.48556231469836,main_campus,matched,
202620,Spring 2026,MFGE 261 0,20988,Introduction to Computer-Aided Design,ET,Ross Engineering,Ross Engineering Technology Building,331,MonWedFri,08:00,09:50,25,48.73450180732598,-122.48556231469836,main_campus,matched,
202620,Spring 2026,MFGE 261 0,20989,Introduction to Computer-Aided Design,ET,Ross Engineering,Ross Engineering Technology Building,308,MonWedFri,08:00,09:50,30,48.73450180732598,-122.48556231469836,main_campus,matched,
202620,Spring 2026,ID 120 0,22490,Industrial Design Foundation 2,ET,Ross Engineering,Ross Engineering Technology Building,338,MonWedFri,10:00,11:50,15,48.73450180732598,-122.48556231469836,main_campus,matched,
202620,Spring 2026,ENGR 352 0,22078,Introduction to Automation and Control,ET,Ross Engineering,Ross Engineering Technology Building,321,MonWedFri,13:00,13:50,33,48.73450180732598,-122.48556231469836,main_campus,matched,
202620,Spring 2026,ID 230 0,20977,Sophomore Industrial Design 3,ET,Ross Engineering,Ross Engineering Technology Building,349,MonWedFri,14:00,15:50,12,48.73450180732598,-122.48556231469836,main_campus,matched,
202620,Spring 2026,PME 331 0,22215,Injection Molding,ET,Ross Engineering,Ross Engineering Technology Building,113,Thu,09:00,11:50,5,48.73450180732598,-122.48556231469836,main_campus,matched,
202620,Spring 2026,PME 372 0,23347,Introduction to Composite Materials and Processes,ET,Ross Engineering,Ross Engineering Technology Building,112,Thu,09:00,10:50,12,48.73450180732598,-122.48556231469836,main_campus,matched,
202620,Spring 2026,MFGE 231 0,20985,Introduction to Metal Manufacturing Processes,ET,Ross Engineering,Ross Engineering Technology Building,136,Thu,10:00,11:50,15,48.73450180732598,-122.48556231469836,main_campus,matched,
202620,Spring 2026,MFGE 231 0,20986,Introduction to Metal Manufacturing Processes,ET,Ross Engineering,Ross Engineering Technology Building,136,Thu,13:00,14:50,14,48.73450180732598,-122.48556231469836,main_campus,matched,
202620,Spring 2026,MFGE 250 0,21901,Introduction to Manufacturing Automation,ET,Ross Engineering,Ross Engineering Technology Building,304,Thu,14:00,15:50,12,48.73450180732598,-122.48556231469836,main_campus,matched,
202620,Spring 2026,MFGE 231 0,20987,Introduction to Metal Manufacturing Processes,ET,Ross Engineering,Ross Engineering Technology Building,136,Thu,15:00,16:50,12,48.73450180732598,-122.48556231469836,main_campus,matched,
202620,Spring 2026,ENRG 374 0,22940,Power Electronics,ET,Ross Engineering,Ross Engineering Technology Building,328,Tue,10:00,11:50,0,48.73450180732598,-122.48556231469836,main_campus,matched,
202620,Spring 2026,MFGE 250 0,21899,Introduction to Manufacturing Automation,ET,Ross Engineering,Ross Engineering Technology Building,304,Tue,14:00,15:50,16,48.73450180732598,-122.48556231469836,main_campus,matched,
202620,Spring 2026,MFGE 250 0,21900,Introduction to Manufacturing Automation,ET,Ross Engineering,Ross Engineering Technology Building,304,Tue,16:00,17:50,15,48.73450180732598,-122.48556231469836,main_campus,matched,
202620,Spring 2026,MFGE 231 0,20985,Introduction to Metal Manufacturing Processes,ET,Ross Engineering,Ross Engineering Technology Building,106,TueThu,08:00,09:50,15,48.73450180732598,-122.48556231469836,main_campus,matched,
202620,Spring 2026,MFGE 231 0,20986,Introduction to Metal Manufacturing Processes,ET,Ross Engineering,Ross Engineering Technology Building,106,TueThu,08:00,09:50,14,48.73450180732598,-122.48556231469836,main_campus,matched,
202620,Spring 2026,MFGE 231 0,20987,Introduction to Metal Manufacturing Processes,ET,Ross Engineering,Ross Engineering Technology Building,106,TueThu,08:00,09:50,12,48.73450180732598,-122.48556231469836,main_campus,matched,
202620,Spring 2026,PME 371 0,22218,Introduction to Plastics Materials and Processes,ET,Ross Engineering,Ross Engineering Technology Building,328,TueThu,08:00,09:50,25,48.73450180732598,-122.48556231469836,main_campus,matched,
202620,Spring 2026,ENGR 101 0,22311,"Engineering, Design, &amp; Society",ET,Ross Engineering,Ross Engineering Technology Building,340,TueThu,08:30,09:50,35,48.73450180732598,-122.48556231469836,main_campus,matched,
202620,Spring 2026,ENGR 115 0,21826,Innovation in Design,ET,Ross Engineering,Ross Engineering Technology Building,321,TueThu,09:00,11:50,36,48.73450180732598,-122.48556231469836,main_campus,matched,
202620,Spring 2026,MFGE 365 0,21903,Machine Design,ET,Ross Engineering,Ross Engineering Technology Building,308,TueThu,10:00,11:50,29,48.73450180732598,-122.48556231469836,main_campus,matched,
202620,Spring 2026,ID 130 0,20976,History of Industrial Design,ET,Ross Engineering,Ross Engineering Technology Building,321,TueThu,12:00,13:50,34,48.73450180732598,-122.48556231469836,main_campus,matched,
202620,Spring 2026,PME 342 0,22217,Data Analysis and DOE,ET,Ross Engineering,Ross Engineering Technology Building,308,TueThu,12:00,13:50,30,48.73450180732598,-122.48556231469836,main_campus,matched,
202620,Spring 2026,PME 461 0,22220,Tooling for Plastics Process,ET,Ross Engineering,Ross Engineering Technology Building,107,TueThu,12:00,13:50,9,48.73450180732598,-122.48556231469836,main_campus,matched,
202620,Spring 2026,PME 461 0,22221,Tooling for Plastics Process,ET,Ross Engineering,Ross Engineering Technology Building,107,TueThu,12:00,13:50,10,48.73450180732598,-122.48556231469836,main_campus,matched,
202620,Spring 2026,PME 461 0,22303,Tooling for Plastics Process,ET,Ross Engineering,Ross Engineering Technology Building,107,TueThu,12:00,13:50,7,48.73450180732598,-122.48556231469836,main_campus,matched,
202620,Spring 2026,ENRG 374 0,22940,Power Electronics,ET,Ross Engineering,Ross Engineering Technology Building,333,TueThu,12:30,13:50,0,48.73450180732598,-122.48556231469836,main_campus,matched,
202620,Spring 2026,MFGE 250 0,21901,Introduction to Manufacturing Automation,ET,Ross Engineering,Ross Engineering Technology Building,331,TueThu,12:30,13:50,12,48.73450180732598,-122.48556231469836,main_campus,matched,
202620,Spring 2026,MFGE 250 0,21902,Introduction to Manufacturing Automation,ET,Ross Engineering,Ross Engineering Technology Building,331,TueThu,12:30,13:50,12,48.73450180732598,-122.48556231469836,main_campus,matched,
202620,Spring 2026,ID 240 0,21702,Two-Dimensional Design for Industrial Designers,ET,Ross Engineering,Ross Engineering Technology Building,331,TueThu,14:00,16:50,12,48.73450180732598,-122.48556231469836,main_campus,matched,
202620,Spring 2026,ID 430 0,20980,Senior Industrial Design III,ET,Ross Engineering,Ross Engineering Technology Building,350,TueThu,14:00,17:50,9,48.73450180732598,-122.48556231469836,main_campus,matched,
202620,Spring 2026,PME 331 0,22213,Injection Molding,ET,Ross Engineering,Ross Engineering Technology Building,107,TueThu,14:00,15:50,6,48.73450180732598,-122.48556231469836,main_campus,matched,
202620,Spring 2026,PME 331 0,22214,Injection Molding,ET,Ross Engineering,Ross Engineering Technology Building,107,TueThu,14:00,15:50,6,48.73450180732598,-122.48556231469836,main_campus,matched,
202620,Spring 2026,PME 331 0,22215,Injection Molding,ET,Ross Engineering,Ross Engineering Technology Building,107,TueThu,14:00,15:50,5,48.73450180732598,-122.48556231469836,main_campus,matched,
202620,Spring 2026,PME 331 0,22214,Injection Molding,ET,Ross Engineering,Ross Engineering Technology Building,113,Wed,09:00,11:50,6,48.73450180732598,-122.48556231469836,main_campus,matched,
202620,Spring 2026,PME 461 0,22221,Tooling for Plastics Process,ET,Ross Engineering,Ross Engineering Technology Building,136,Wed,09:00,11:50,10,48.73450180732598,-122.48556231469836,main_campus,matched,
202620,Spring 2026,MFGE 250 0,21899,Introduction to Manufacturing Automation,ET,Ross Engineering,Ross Engineering Technology Building,331,Wed,13:00,13:50,16,48.73450180732598,-122.48556231469836,main_campus,matched,
202620,Spring 2026,MFGE 250 0,21900,Introduction to Manufacturing Automation,ET,Ross Engineering,Ross Engineering Technology Building,331,Wed,13:00,13:50,15,48.73450180732598,-122.48556231469836,main_campus,matched,
202620,Spring 2026,PME 372 0,22219,Introduction to Composite Materials and Processes,ET,Ross Engineering,Ross Engineering Technology Building,112,Wed,15:00,16:50,13,48.73450180732598,-122.48556231469836,main_campus,matched,
202620,Spring 2026,FAIR 434P 0,23488,Field Ornithology,FA,Fairhaven College,Fairhaven College Building,318,Fri,08:00,12:50,20,48.73041132667618,-122.48560427410698,main_campus,needs_review,Banner uses FA for Fairhaven College; WWU ArcGIS building layer labels the same point FC. Review Fairhaven FA/FC code normalization before joining other campus datasets.
202620,Spring 2026,FAIR 336V 0,23783,Visual &amp; Sonic Poetics,FA,Fairhaven College,Fairhaven College Building,310,Fri,09:00,12:20,14,48.73041132667618,-122.48560427410698,main_campus,needs_review,Banner uses FA for Fairhaven College; WWU ArcGIS building layer labels the same point FC. Review Fairhaven FA/FC code normalization before joining other campus datasets.
202620,Spring 2026,FAIR 101A 0,21318,An Introduction to Interdisciplinary Study At Fairhaven College,FA,Fairhaven College,Fairhaven College Building,300B,Fri,10:00,11:20,25,48.73041132667618,-122.48560427410698,main_campus,needs_review,Banner uses FA for Fairhaven College; WWU ArcGIS building layer labels the same point FC. Review Fairhaven FA/FC code normalization before joining other campus datasets.
202620,Spring 2026,FAIR 301A 0,22001,Writing &amp; Transition Conference,FA,Fairhaven College,Fairhaven College Building,300A,Fri,10:00,11:50,32,48.73041132667618,-122.48560427410698,main_campus,needs_review,Banner uses FA for Fairhaven College; WWU ArcGIS building layer labels the same point FC. Review Fairhaven FA/FC code normalization before joining other campus datasets.
202620,Spring 2026,FAIR 436N 0,23587,Agroecology &amp; Permaculture,FA,Fairhaven College,Fairhaven College Building,340,Fri,10:00,14:50,14,48.73041132667618,-122.48560427410698,main_campus,needs_review,Banner uses FA for Fairhaven College; WWU ArcGIS building layer labels the same point FC. Review Fairhaven FA/FC code normalization before joining other campus datasets.
202620,Spring 2026,FAIR 336N 0,23789,Wild Foods,FA,Fairhaven College,Fairhaven College Building,318,Fri,13:00,16:50,18,48.73041132667618,-122.48560427410698,main_campus,needs_review,Banner uses FA for Fairhaven College; WWU ArcGIS building layer labels the same point FC. Review Fairhaven FA/FC code normalization before joining other campus datasets.
202620,Spring 2026,FAIR 330E 0,23513,Ethnobotany,FA,Fairhaven College,Fairhaven College Building,318,Mon,08:30,09:50,18,48.73041132667618,-122.48560427410698,main_campus,needs_review,Banner uses FA for Fairhaven College; WWU ArcGIS building layer labels the same point FC. Review Fairhaven FA/FC code normalization before joining other campus datasets.
202620,Spring 2026,FAIR 334P 0,23647,Field Botany,FA,Fairhaven College,Fairhaven College Building,318,Mon,10:00,13:50,17,48.73041132667618,-122.48560427410698,main_campus,needs_review,Banner uses FA for Fairhaven College; WWU ArcGIS building layer labels the same point FC. Review Fairhaven FA/FC code normalization before joining other campus datasets.
202620,Spring 2026,FAIR 297K 0,24018,Socially Engaged Puppetry,FA,Fairhaven College,Fairhaven College Building,310,MonWed,10:00,11:50,12,48.73041132667618,-122.48560427410698,main_campus,needs_review,Banner uses FA for Fairhaven College; WWU ArcGIS building layer labels the same point FC. Review Fairhaven FA/FC code normalization before joining other campus datasets.
202620,Spring 2026,FAIR 203A 0,23496,Social Relationships and Responsibility: Theories and Critiques,FA,Fairhaven College,Fairhaven College Building,349,MonWed,12:00,14:20,12,48.73041132667618,-122.48560427410698,main_campus,needs_review,Banner uses FA for Fairhaven College; WWU ArcGIS building layer labels the same point FC. Review Fairhaven FA/FC code normalization before joining other campus datasets.
202620,Spring 2026,FAIR 270H 0,23584,Introduction to Audio Recording,FA,Fairhaven College,Fairhaven College Building,307,MonWed,12:00,13:50,17,48.73041132667618,-122.48560427410698,main_campus,needs_review,Banner uses FA for Fairhaven College; WWU ArcGIS building layer labels the same point FC. Review Fairhaven FA/FC code normalization before joining other campus datasets.
202620,Spring 2026,FAIR 381G 0,23517,Interdis. Short Story Workshop,FA,Fairhaven College,Fairhaven College Building,340,MonWed,12:00,14:20,13,48.73041132667618,-122.48560427410698,main_campus,needs_review,Banner uses FA for Fairhaven College; WWU ArcGIS building layer labels the same point FC. Review Fairhaven FA/FC code normalization before joining other campus datasets.
202620,Spring 2026,FAIR 412E 0,23489,CRT &amp; The Law,FA,Fairhaven College,Fairhaven College Building,314,MonWed,12:00,14:20,20,48.73041132667618,-122.48560427410698,main_campus,needs_review,Banner uses FA for Fairhaven College; WWU ArcGIS building layer labels the same point FC. Review Fairhaven FA/FC code normalization before joining other campus datasets.
202620,Spring 2026,FAIR 201A 0,23512,Critical and Reflective Inquiry,FA,Fairhaven College,Fairhaven College Building,338,MonWed,12:30,14:50,14,48.73041132667618,-122.48560427410698,main_campus,needs_review,Banner uses FA for Fairhaven College; WWU ArcGIS building layer labels the same point FC. Review Fairhaven FA/FC code normalization before joining other campus datasets.
202620,Spring 2026,FAIR 403A 0,23505,Core:  Advanced Seminar,FA,Fairhaven College,Fairhaven College Building,349,MonWed,14:30,16:20,21,48.73041132667618,-122.48560427410698,main_campus,needs_review,Banner uses FA for Fairhaven College; WWU ArcGIS building layer labels the same point FC. Review Fairhaven FA/FC code normalization before joining other campus datasets.
202620,Spring 2026,FAIR 201A 0,23498,Critical and Reflective Inquiry,FA,Fairhaven College,Fairhaven College Building,314,MonWed,15:00,17:20,11,48.73041132667618,-122.48560427410698,main_campus,needs_review,Banner uses FA for Fairhaven College; WWU ArcGIS building layer labels the same point FC. Review Fairhaven FA/FC code normalization before joining other campus datasets.
202620,Spring 2026,FAIR 297Z 0,24016,Art and Anthrozoology: Exploring the Animal-Human Relationship through Art,FA,Fairhaven College,Fairhaven College Building,310,MonWed,15:00,16:50,9,48.73041132667618,-122.48560427410698,main_campus,needs_review,Banner uses FA for Fairhaven College; WWU ArcGIS building layer labels the same point FC. Review Fairhaven FA/FC code normalization before joining other campus datasets.
202620,Spring 2026,FAIR 303A 0,23499,Core:  Interdisciplinary Concentration Seminar,FA,Fairhaven College,Fairhaven College Building,300A,MonWed,15:00,17:20,32,48.73041132667618,-122.48560427410698,main_campus,needs_review,Banner uses FA for Fairhaven College; WWU ArcGIS building layer labels the same point FC. Review Fairhaven FA/FC code normalization before joining other campus datasets.
202620,Spring 2026,FAIR 334K 0,23594,Human Trafficking and Smuggling,FA,Fairhaven College,Fairhaven College Building,340,MonWed,15:00,17:20,11,48.73041132667618,-122.48560427410698,main_campus,needs_review,Banner uses FA for Fairhaven College; WWU ArcGIS building layer labels the same point FC. Review Fairhaven FA/FC code normalization before joining other campus datasets.
202620,Spring 2026,GLBL 335 0,23414,Human Trafficking and Smuggling,FA,Fairhaven College,Fairhaven College Building,340,MonWed,15:00,17:10,4,48.73041132667618,-122.48560427410698,main_campus,needs_review,Banner uses FA for Fairhaven College; WWU ArcGIS building layer labels the same point FC. Review Fairhaven FA/FC code normalization before joining other campus datasets.
202620,Spring 2026,FAIR 246 0,22395,Mariachi Music Performance and Culture,FA,Fairhaven College,Fairhaven College Building,300A,MonWed,18:00,19:20,10,48.73041132667618,-122.48560427410698,main_campus,needs_review,Banner uses FA for Fairhaven College; WWU ArcGIS building layer labels the same point FC. Review Fairhaven FA/FC code normalization before joining other campus datasets.
202620,Spring 2026,FAIR 330E 0,23513,Ethnobotany,FA,Fairhaven College,Fairhaven College Building,318,Thu,08:30,11:50,18,48.73041132667618,-122.48560427410698,main_campus,needs_review,Banner uses FA for Fairhaven College; WWU ArcGIS building layer labels the same point FC. Review Fairhaven FA/FC code normalization before joining other campus datasets.
202620,Spring 2026,FAIR 206A 0,23487,Core: Science and Our Place on the Planet I,FA,Fairhaven College,Fairhaven College Building,340,Thu,15:00,17:50,18,48.73041132667618,-122.48560427410698,main_campus,needs_review,Banner uses FA for Fairhaven College; WWU ArcGIS building layer labels the same point FC. Review Fairhaven FA/FC code normalization before joining other campus datasets.
202620,Spring 2026,FAIR 227J 0,23510,Walking,FA,Fairhaven College,Fairhaven College Building,338,Thu,15:00,17:50,16,48.73041132667618,-122.48560427410698,main_campus,needs_review,Banner uses FA for Fairhaven College; WWU ArcGIS building layer labels the same point FC. Review Fairhaven FA/FC code normalization before joining other campus datasets.
202620,Spring 2026,FAIR 434P 0,23488,Field Ornithology,FA,Fairhaven College,Fairhaven College Building,318,Tue,10:00,11:50,20,48.73041132667618,-122.48560427410698,main_campus,needs_review,Banner uses FA for Fairhaven College; WWU ArcGIS building layer labels the same point FC. Review Fairhaven FA/FC code normalization before joining other campus datasets.
202620,Spring 2026,FAIR 206A 0,23487,Core: Science and Our Place on the Planet I,FA,Fairhaven College,Fairhaven College Building,340,Tue,15:00,16:50,18,48.73041132667618,-122.48560427410698,main_campus,needs_review,Banner uses FA for Fairhaven College; WWU ArcGIS building layer labels the same point FC. Review Fairhaven FA/FC code normalization before joining other campus datasets.
202620,Spring 2026,FAIR 227J 0,23510,Walking,FA,Fairhaven College,Fairhaven College Building,338,Tue,15:00,16:50,16,48.73041132667618,-122.48560427410698,main_campus,needs_review,Banner uses FA for Fairhaven College; WWU ArcGIS building layer labels the same point FC. Review Fairhaven FA/FC code normalization before joining other campus datasets.
202620,Spring 2026,FAIR 336N 0,23789,Wild Foods,FA,Fairhaven College,Fairhaven College Building,318,Tue,15:30,17:20,18,48.73041132667618,-122.48560427410698,main_campus,needs_review,Banner uses FA for Fairhaven College; WWU ArcGIS building layer labels the same point FC. Review Fairhaven FA/FC code normalization before joining other campus datasets.
202620,Spring 2026,DISA 350 0,22910,Topics in Critical Disability Studies,FA,Fairhaven College,Fairhaven College Building,340,TueThu,09:00,11:20,0,48.73041132667618,-122.48560427410698,main_campus,needs_review,Banner uses FA for Fairhaven College; WWU ArcGIS building layer labels the same point FC. Review Fairhaven FA/FC code normalization before joining other campus datasets.
202620,Spring 2026,FAIR 319B 0,23494,Disability Law,FA,Fairhaven College,Fairhaven College Building,340,TueThu,09:00,11:20,11,48.73041132667618,-122.48560427410698,main_campus,needs_review,Banner uses FA for Fairhaven College; WWU ArcGIS building layer labels the same point FC. Review Fairhaven FA/FC code normalization before joining other campus datasets.
202620,Spring 2026,FAIR 367B 0,23495,Introduction to Political Economy,FA,Fairhaven College,Fairhaven College Building,349,TueThu,09:00,11:20,9,48.73041132667618,-122.48560427410698,main_campus,needs_review,Banner uses FA for Fairhaven College; WWU ArcGIS building layer labels the same point FC. Review Fairhaven FA/FC code normalization before joining other campus datasets.
202620,Spring 2026,FAIR 202A 0,23520,Core: Humanities and the Expressive Arts I,FA,Fairhaven College,Fairhaven College Building,310,TueThu,09:30,11:50,15,48.73041132667618,-122.48560427410698,main_campus,needs_review,Banner uses FA for Fairhaven College; WWU ArcGIS building layer labels the same point FC. Review Fairhaven FA/FC code normalization before joining other campus datasets.
202620,Spring 2026,FAIR 203A 0,23502,Social Relationships and Responsibility: Theories and Critiques,FA,Fairhaven College,Fairhaven College Building,307,TueThu,09:30,11:50,15,48.73041132667618,-122.48560427410698,main_campus,needs_review,Banner uses FA for Fairhaven College; WWU ArcGIS building layer labels the same point FC. Review Fairhaven FA/FC code normalization before joining other campus datasets.
202620,Spring 2026,FAIR 320 0,23490,Literature in Practice: The Poetics of Transgenerational Trauma,FA,Fairhaven College,Fairhaven College Building,314,TueThu,09:30,11:50,11,48.73041132667618,-122.48560427410698,main_campus,needs_review,Banner uses FA for Fairhaven College; WWU ArcGIS building layer labels the same point FC. Review Fairhaven FA/FC code normalization before joining other campus datasets.
202620,Spring 2026,FAIR 403A 0,23509,Core:  Advanced Seminar,FA,Fairhaven College,Fairhaven College Building,300A,TueThu,10:00,11:50,21,48.73041132667618,-122.48560427410698,main_campus,needs_review,Banner uses FA for Fairhaven College; WWU ArcGIS building layer labels the same point FC. Review Fairhaven FA/FC code normalization before joining other campus datasets.
202620,Spring 2026,FAIR 255Y 0,21319,Folk Music Experience,FA,Fairhaven College,Fairhaven College Building,300A,TueThu,12:00,12:50,28,48.73041132667618,-122.48560427410698,main_campus,needs_review,Banner uses FA for Fairhaven College; WWU ArcGIS building layer labels the same point FC. Review Fairhaven FA/FC code normalization before joining other campus datasets.
202620,Spring 2026,FAIR 311B 0,23508,The United States Legal System,FA,Fairhaven College,Fairhaven College Building,318,TueThu,12:00,14:20,19,48.73041132667618,-122.48560427410698,main_campus,needs_review,Banner uses FA for Fairhaven College; WWU ArcGIS building layer labels the same point FC. Review Fairhaven FA/FC code normalization before joining other campus datasets.
202620,Spring 2026,FAIR 334T 0,23506,Outback Farm &amp; Food Justice Praxis,FA,Fairhaven College,Fairhaven College Building,307,TueThu,12:00,14:20,19,48.73041132667618,-122.48560427410698,main_campus,needs_review,Banner uses FA for Fairhaven College; WWU ArcGIS building layer labels the same point FC. Review Fairhaven FA/FC code normalization before joining other campus datasets.
202620,Spring 2026,FAIR 336B 0,23503,Science Fiction Films,FA,Fairhaven College,Fairhaven College Building,349,TueThu,12:00,14:20,18,48.73041132667618,-122.48560427410698,main_campus,needs_review,Banner uses FA for Fairhaven College; WWU ArcGIS building layer labels the same point FC. Review Fairhaven FA/FC code normalization before joining other campus datasets.
202620,Spring 2026,FAIR 343U 0,23518,Rewilding Attachment,FA,Fairhaven College,Fairhaven College Building,310,TueThu,12:00,14:20,16,48.73041132667618,-122.48560427410698,main_campus,needs_review,Banner uses FA for Fairhaven College; WWU ArcGIS building layer labels the same point FC. Review Fairhaven FA/FC code normalization before joining other campus datasets.
202620,Spring 2026,FAIR 403A 0,23491,Core:  Advanced Seminar,FA,Fairhaven College,Fairhaven College Building,340,TueThu,12:30,14:20,17,48.73041132667618,-122.48560427410698,main_campus,needs_review,Banner uses FA for Fairhaven College; WWU ArcGIS building layer labels the same point FC. Review Fairhaven FA/FC code normalization before joining other campus datasets.
202620,Spring 2026,FAIR 403A 0,24263,Core:  Advanced Seminar,FA,Fairhaven College,Fairhaven College Building,314,TueThu,12:30,14:20,19,48.73041132667618,-122.48560427410698,main_campus,needs_review,Banner uses FA for Fairhaven College; WWU ArcGIS building layer labels the same point FC. Review Fairhaven FA/FC code normalization before joining other campus datasets.
202620,Spring 2026,FAIR 297W 0,24017,Approaches to Restorative Healing,FA,Fairhaven College,Fairhaven College Building,300A,TueThu,13:00,14:20,9,48.73041132667618,-122.48560427410698,main_campus,needs_review,Banner uses FA for Fairhaven College; WWU ArcGIS building layer labels the same point FC. Review Fairhaven FA/FC code normalization before joining other campus datasets.
202620,Spring 2026,FAIR 245 0,23507,Theory and Structure in Popular Music,FA,Fairhaven College,Fairhaven College Building,307,TueThu,15:00,16:50,18,48.73041132667618,-122.48560427410698,main_campus,needs_review,Banner uses FA for Fairhaven College; WWU ArcGIS building layer labels the same point FC. Review Fairhaven FA/FC code normalization before joining other campus datasets.
202620,Spring 2026,FAIR 336B 0,24001,Contested Bodies,FA,Fairhaven College,Fairhaven College Building,349,TueThu,15:00,17:20,9,48.73041132667618,-122.48560427410698,main_campus,needs_review,Banner uses FA for Fairhaven College; WWU ArcGIS building layer labels the same point FC. Review Fairhaven FA/FC code normalization before joining other campus datasets.
202620,Spring 2026,FAIR 336V 0,23519,Expressive Arts,FA,Fairhaven College,Fairhaven College Building,310,TueThu,15:00,17:20,24,48.73041132667618,-122.48560427410698,main_campus,needs_review,Banner uses FA for Fairhaven College; WWU ArcGIS building layer labels the same point FC. Review Fairhaven FA/FC code normalization before joining other campus datasets.
202620,Spring 2026,FAIR 393B 0,23511,"Rights, Liberties and Justice in the U.S.",FA,Fairhaven College,Fairhaven College Building,314,TueThu,15:00,17:20,18,48.73041132667618,-122.48560427410698,main_campus,needs_review,Banner uses FA for Fairhaven College; WWU ArcGIS building layer labels the same point FC. Review Fairhaven FA/FC code normalization before joining other campus datasets.
202620,Spring 2026,FAIR 471 0,23920,Capitalism &amp; Schooling: Neoliberal Education &amp; Abolitionist Alternatives,FA,Fairhaven College,Fairhaven College Building,300B,TueThu,15:00,17:20,8,48.73041132667618,-122.48560427410698,main_campus,needs_review,Banner uses FA for Fairhaven College; WWU ArcGIS building layer labels the same point FC. Review Fairhaven FA/FC code normalization before joining other campus datasets.
202620,Spring 2026,FAIR 280 0,23521,Professional Artist Practicum,FA,Fairhaven College,Fairhaven College Building,310,Wed,12:00,13:50,12,48.73041132667618,-122.48560427410698,main_campus,needs_review,Banner uses FA for Fairhaven College; WWU ArcGIS building layer labels the same point FC. Review Fairhaven FA/FC code normalization before joining other campus datasets.
202620,Spring 2026,FAIR 334P 0,23647,Field Botany,FA,Fairhaven College,Fairhaven College Building,318,Wed,12:00,13:50,17,48.73041132667618,-122.48560427410698,main_campus,needs_review,Banner uses FA for Fairhaven College; WWU ArcGIS building layer labels the same point FC. Review Fairhaven FA/FC code normalization before joining other campus datasets.
202620,Spring 2026,FAIR 343U 0,23973,Embodiment &amp; Consciousness,FA,Fairhaven College,Fairhaven College Building,314,WedFri,10:00,11:50,9,48.73041132667618,-122.48560427410698,main_campus,needs_review,Banner uses FA for Fairhaven College; WWU ArcGIS building layer labels the same point FC. Review Fairhaven FA/FC code normalization before joining other campus datasets.
202620,Spring 2026,FAIR 370J 0,23514,Studio Recording,FC,Fairhaven Housing/Dining,Fairhaven College Building,101F,MonWed,10:00,11:50,12,48.73041132667618,-122.48560427410698,main_campus,needs_review,"Banner says Fairhaven Housing/Dining; courses are in room 101F, matched to Fairhaven College Building. Review Fairhaven FA/FC code normalization before joining other campus datasets."
202620,Spring 2026,FAIR 370K 0,23515,Advanced Studio Recording,FC,Fairhaven Housing/Dining,Fairhaven College Building,101F,TueThu,10:00,11:50,11,48.73041132667618,-122.48560427410698,main_campus,needs_review,"Banner says Fairhaven Housing/Dining; courses are in room 101F, matched to Fairhaven College Building. Review Fairhaven FA/FC code normalization before joining other campus datasets."
202620,Spring 2026,ART 280 0,21842,Time and Motion,FI,Fine Arts Building,Fine Arts Building,211,MonWed,09:00,11:40,18,48.73517586726445,-122.48535364683764,main_campus,matched,
202620,Spring 2026,ART 304 0,22663,Figure Drawing and Issues of the Body,FI,Fine Arts Building,Fine Arts Building,125,MonWed,09:00,11:40,18,48.73517586726445,-122.48535364683764,main_campus,matched,
202620,Spring 2026,ART 320 0,23306,Painting I,FI,Fine Arts Building,Fine Arts Building,240,MonWed,09:00,11:40,19,48.73517586726445,-122.48535364683764,main_campus,matched,
202620,Spring 2026,DSGN 312 0,22084,Graphic Design in the 20th Century,FI,Fine Arts Building,Fine Arts Building,238,MonWed,09:00,10:50,36,48.73517586726445,-122.48535364683764,main_campus,matched,
202620,Spring 2026,DSGN 390 0,22749,Marketing for Designers,FI,Fine Arts Building,Fine Arts Building,101,MonWed,09:00,10:20,24,48.73517586726445,-122.48535364683764,main_campus,matched,
202620,Spring 2026,A/HI 475 066,20098,Senior Projects/Practicum,FI,Fine Arts Building,Fine Arts Building,232,MonWed,10:00,11:50,20,48.73517586726445,-122.48535364683764,main_campus,matched,
202620,Spring 2026,DSGN 362 0,22089,Motion 1,FI,Fine Arts Building,Fine Arts Building,110B,MonWed,11:00,13:50,18,48.73517586726445,-122.48535364683764,main_campus,matched,
202620,Spring 2026,DSGN 362 0,22089,Motion 1,FI,Fine Arts Building,Fine Arts Building,110A,MonWed,11:00,13:50,18,48.73517586726445,-122.48535364683764,main_campus,matched,
202620,Spring 2026,DSGN 372 0,22393,Digital Design 2,FI,Fine Arts Building,Fine Arts Building,101,MonWed,11:00,13:50,21,48.73517586726445,-122.48535364683764,main_campus,matched,
202620,Spring 2026,ART 120 0,20863,Surface and Color,FI,Fine Arts Building,Fine Arts Building,211,MonWed,12:10,14:50,15,48.73517586726445,-122.48535364683764,main_campus,matched,
202620,Spring 2026,ART 303 0,22662,Drawing Projects,FI,Fine Arts Building,Fine Arts Building,125,MonWed,12:10,14:50,18,48.73517586726445,-122.48535364683764,main_campus,matched,
202620,Spring 2026,ART 370 0,21144,B&amp;W Photography I,FI,Fine Arts Building,Fine Arts Building,202,MonWed,12:10,14:50,16,48.73517586726445,-122.48535364683764,main_campus,matched,
202620,Spring 2026,ART 494 0,23119,Advanced Studio Seminar,FI,Fine Arts Building,Fine Arts Building,230,MonWed,12:10,14:50,22,48.73517586726445,-122.48535364683764,main_campus,matched,
202620,Spring 2026,A/HI 212 0,22669,History of Western Art II,FI,Fine Arts Building,Fine Arts Building,238,MonWed,13:00,14:20,50,48.73517586726445,-122.48535364683764,main_campus,matched,
202620,Spring 2026,A/HI 411 0,23262,Contemporary Japanese Visual Culture,FI,Fine Arts Building,Fine Arts Building,232,MonWed,13:00,14:50,15,48.73517586726445,-122.48535364683764,main_campus,matched,
202620,Spring 2026,EAST 411 0,23575,Contemporary Japanese Visual Culture,FI,Fine Arts Building,Fine Arts Building,232,MonWed,13:00,14:50,4,48.73517586726445,-122.48535364683764,main_campus,matched,
202620,Spring 2026,DSGN 362 0,22090,Motion 1,FI,Fine Arts Building,Fine Arts Building,110B,MonWed,14:00,16:50,18,48.73517586726445,-122.48535364683764,main_campus,matched,
202620,Spring 2026,DSGN 362 0,22090,Motion 1,FI,Fine Arts Building,Fine Arts Building,110A,MonWed,14:00,16:50,18,48.73517586726445,-122.48535364683764,main_campus,matched,
202620,Spring 2026,DSGN 372 0,22394,Digital Design 2,FI,Fine Arts Building,Fine Arts Building,101,MonWed,14:00,16:50,16,48.73517586726445,-122.48535364683764,main_campus,matched,
202620,Spring 2026,A/HI 391 0,22425,18th and 19th Century Art,FI,Fine Arts Building,Fine Arts Building,238,MonWed,15:00,16:50,33,48.73517586726445,-122.48535364683764,main_campus,matched,
202620,Spring 2026,ART 110 0,21839,View and Gesture,FI,Fine Arts Building,Fine Arts Building,300,MonWed,15:20,18:00,17,48.73517586726445,-122.48535364683764,main_campus,matched,
202620,Spring 2026,ART 306 0,23305,Mixed Media on Paper,FI,Fine Arts Building,Fine Arts Building,125,MonWed,15:20,18:00,16,48.73517586726445,-122.48535364683764,main_campus,matched,
202620,Spring 2026,ART 353 0,21844,Printmaking: Etching,FI,Fine Arts Building,Fine Arts Building,214,MonWed,15:20,18:00,17,48.73517586726445,-122.48535364683764,main_campus,matched,
202620,Spring 2026,LING 201 0,20052,Introduction to Language and Linguistics,FI,Fine Arts Building,Fine Arts Building,238,MonWedFri,11:30,12:50,62,48.73517586726445,-122.48535364683764,main_campus,matched,
202620,Spring 2026,DSGN 341 0,20626,Graphic Design 3,FI,Fine Arts Building,Fine Arts Building,110B,TueThu,08:00,10:50,17,48.73517586726445,-122.48535364683764,main_campus,matched,
202620,Spring 2026,DSGN 341 0,20626,Graphic Design 3,FI,Fine Arts Building,Fine Arts Building,110A,TueThu,08:00,10:50,17,48.73517586726445,-122.48535364683764,main_campus,matched,
202620,Spring 2026,ART 498 0,22462,BFA Studio Seminar,FI,Fine Arts Building,Fine Arts Building,230,TueThu,09:00,11:40,11,48.73517586726445,-122.48535364683764,main_campus,matched,
202620,Spring 2026,ART 378 0,22460,Introduction to Art Education,FI,Fine Arts Building,Fine Arts Building,228,TueThu,09:30,11:35,18,48.73517586726445,-122.48535364683764,main_campus,matched,
202620,Spring 2026,A/HI 385 0,23263,African and Diasporic Cinema since 1960,FI,Fine Arts Building,Fine Arts Building,238,TueThu,10:00,11:50,38,48.73517586726445,-122.48535364683764,main_campus,matched,
202620,Spring 2026,DSGN 341 0,20627,Graphic Design 3,FI,Fine Arts Building,Fine Arts Building,110B,TueThu,11:00,13:50,20,48.73517586726445,-122.48535364683764,main_campus,matched,
202620,Spring 2026,DSGN 341 0,20627,Graphic Design 3,FI,Fine Arts Building,Fine Arts Building,110A,TueThu,11:00,13:50,20,48.73517586726445,-122.48535364683764,main_campus,matched,
202620,Spring 2026,DSGN 351 0,22087,Design Production,FI,Fine Arts Building,Fine Arts Building,102,TueThu,11:00,13:50,18,48.73517586726445,-122.48535364683764,main_campus,matched,
202620,Spring 2026,DSGN 351 0,22087,Design Production,FI,Fine Arts Building,Fine Arts Building,101,TueThu,11:00,13:50,18,48.73517586726445,-122.48535364683764,main_campus,matched,
202620,Spring 2026,ENVS 428 0,23972,Biogeography,FI,Fine Arts Building,Fine Arts Building,238,TueThu,12:00,13:50,18,48.73517586726445,-122.48535364683764,main_campus,matched,
202620,Spring 2026,ART 120 0,23791,Surface and Color,FI,Fine Arts Building,Fine Arts Building,211,TueThu,12:10,14:50,18,48.73517586726445,-122.48535364683764,main_campus,matched,
202620,Spring 2026,ART 361 0,23309,Surface Design,FI,Fine Arts Building,Fine Arts Building,226,TueThu,12:10,14:50,19,48.73517586726445,-122.48535364683764,main_campus,matched,
202620,Spring 2026,A/HI 438 0,23823,"Art, Gender, and Sexuality",FI,Fine Arts Building,Fine Arts Building,232,TueThu,13:00,14:50,19,48.73517586726445,-122.48535364683764,main_campus,matched,
202620,Spring 2026,ART 398 0,22677,Integrated Arts for Elementary Educators,FI,Fine Arts Building,Fine Arts Building,228,TueThu,13:30,14:50,20,48.73517586726445,-122.48535364683764,main_campus,matched,
202620,Spring 2026,DSGN 351 0,22088,Design Production,FI,Fine Arts Building,Fine Arts Building,102,TueThu,14:00,16:50,18,48.73517586726445,-122.48535364683764,main_campus,matched,
202620,Spring 2026,DSGN 351 0,22088,Design Production,FI,Fine Arts Building,Fine Arts Building,101,TueThu,14:00,16:50,18,48.73517586726445,-122.48535364683764,main_campus,matched,
202620,Spring 2026,ECON 482 0,21256,Advanced Topics in Environmental Economics,FI,Fine Arts Building,Fine Arts Building,238,TueThu,14:00,15:50,6,48.73517586726445,-122.48535364683764,main_campus,matched,
202620,Spring 2026,ART 350 0,23308,Printmaking I,FI,Fine Arts Building,Fine Arts Building,214,TueThu,15:20,18:00,16,48.73517586726445,-122.48535364683764,main_campus,matched,
202620,Spring 2026,ART 387 0,21845,2D Experimental Animation,FI,Fine Arts Building,Fine Arts Building,211,TueThu,15:20,18:00,17,48.73517586726445,-122.48535364683764,main_campus,matched,
202620,Spring 2026,DSGN 483 0,22750,Realities of Brand,FI,Fine Arts Building,Fine Arts Building,110A,TueThu,17:00,19:50,18,48.73517586726445,-122.48535364683764,main_campus,matched,
202620,Spring 2026,DSGN 483 0,22751,Environmental Graphic Design,FI,Fine Arts Building,Fine Arts Building,110B,TueThu,17:00,19:50,18,48.73517586726445,-122.48535364683764,main_campus,matched,
202620,Spring 2026,ENVS 204 1,23413,Human Geography,FR,Fraser Hall (Lecture Halls),Fraser Hall,101,MonTueWedFri,10:00,10:50,63,48.7371929463537,-122.48446084451443,main_campus,matched,
202620,Spring 2026,ANTH 201 01,22807,Introduction to Cultural Anthropology,FR,Fraser Hall (Lecture Halls),Fraser Hall,102,MonWedFri,10:00,11:20,59,48.7371929463537,-122.48446084451443,main_campus,matched,
202620,Spring 2026,GEOL 101 1,20060,Introduction to Geology,FR,Fraser Hall (Lecture Halls),Fraser Hall,201,MonWedFri,10:00,10:50,24,48.7371929463537,-122.48446084451443,main_campus,matched,
202620,Spring 2026,GEOL 101 2,20061,Introduction to Geology,FR,Fraser Hall (Lecture Halls),Fraser Hall,201,MonWedFri,10:00,10:50,19,48.7371929463537,-122.48446084451443,main_campus,matched,
202620,Spring 2026,GEOL 101 3,20568,Introduction to Geology,FR,Fraser Hall (Lecture Halls),Fraser Hall,201,MonWedFri,10:00,10:50,25,48.7371929463537,-122.48446084451443,main_campus,matched,
202620,Spring 2026,GEOL 101 4,20569,Introduction to Geology,FR,Fraser Hall (Lecture Halls),Fraser Hall,201,MonWedFri,10:00,10:50,14,48.7371929463537,-122.48446084451443,main_campus,matched,
202620,Spring 2026,CSCI 145 0,20057,Computer Programming and Linear Data Structures,FR,Fraser Hall (Lecture Halls),Fraser Hall,201,MonWedFri,11:00,11:50,11,48.7371929463537,-122.48446084451443,main_campus,matched,
202620,Spring 2026,CSCI 145 0,20452,Computer Programming and Linear Data Structures,FR,Fraser Hall (Lecture Halls),Fraser Hall,201,MonWedFri,11:00,11:50,8,48.7371929463537,-122.48446084451443,main_campus,matched,
202620,Spring 2026,CSCI 145 01,20056,Computer Programming and Linear Data Structures,FR,Fraser Hall (Lecture Halls),Fraser Hall,201,MonWedFri,11:00,11:50,4,48.7371929463537,-122.48446084451443,main_campus,matched,
202620,Spring 2026,ENVS 203 1,21160,Physical Geography,FR,Fraser Hall (Lecture Halls),Fraser Hall,101,MonWedFri,11:00,11:50,29,48.7371929463537,-122.48446084451443,main_campus,matched,
202620,Spring 2026,ENVS 203 2,21161,Physical Geography,FR,Fraser Hall (Lecture Halls),Fraser Hall,101,MonWedFri,11:00,11:50,29,48.7371929463537,-122.48446084451443,main_campus,matched,
202620,Spring 2026,ENVS 203 3,21162,Physical Geography,FR,Fraser Hall (Lecture Halls),Fraser Hall,101,MonWedFri,11:00,11:50,29,48.7371929463537,-122.48446084451443,main_campus,matched,
202620,Spring 2026,ENVS 203 4,21163,Physical Geography,FR,Fraser Hall (Lecture Halls),Fraser Hall,101,MonWedFri,11:00,11:50,30,48.7371929463537,-122.48446084451443,main_campus,matched,
202620,Spring 2026,THTR 101 0,20512,Introduction to the Art of the Theatre,FR,Fraser Hall (Lecture Halls),Fraser Hall,101,MonWedFri,13:00,13:50,126,48.7371929463537,-122.48446084451443,main_campus,matched,
202620,Spring 2026,ANTH 215 01,22810,Introductory Biological Anthropology,FR,Fraser Hall (Lecture Halls),Fraser Hall,101,MonWedFri,14:30,15:50,27,48.7371929463537,-122.48446084451443,main_campus,matched,
202620,Spring 2026,ANTH 215 02,22811,Introductory Biological Anthropology,FR,Fraser Hall (Lecture Halls),Fraser Hall,101,MonWedFri,14:30,15:50,27,48.7371929463537,-122.48446084451443,main_campus,matched,
202620,Spring 2026,ANTH 215 03,22812,Introductory Biological Anthropology,FR,Fraser Hall (Lecture Halls),Fraser Hall,101,MonWedFri,14:30,15:50,26,48.7371929463537,-122.48446084451443,main_campus,matched,
202620,Spring 2026,THTR 201 01,20868,Introduction to the Cinema,FR,Fraser Hall (Lecture Halls),Fraser Hall,102,Thu,15:00,17:50,159,48.7371929463537,-122.48446084451443,main_campus,matched,
202620,Spring 2026,THTR 201 01,20868,Introduction to the Cinema,FR,Fraser Hall (Lecture Halls),Fraser Hall,102,Tue,15:00,15:50,159,48.7371929463537,-122.48446084451443,main_campus,matched,
202620,Spring 2026,ENG 464 0,21982,Topics in Film: Third Cinema,FR,Fraser Hall (Lecture Halls),Fraser Hall,101,Tue,16:00,18:50,20,48.7371929463537,-122.48446084451443,main_campus,matched,
202620,Spring 2026,CLST 350 0,21825,Greek Mythology,FR,Fraser Hall (Lecture Halls),Fraser Hall,102,TueThu,08:00,10:10,144,48.7371929463537,-122.48446084451443,main_campus,matched,
202620,Spring 2026,CLST 360 0,23268,Masterworks of Ancient Greek Literature,FR,Fraser Hall (Lecture Halls),Fraser Hall,201,TueThu,08:00,10:10,41,48.7371929463537,-122.48446084451443,main_campus,matched,
202620,Spring 2026,ANTH 201 02,22808,Introduction to Cultural Anthropology,FR,Fraser Hall (Lecture Halls),Fraser Hall,102,TueThu,12:00,13:50,119,48.7371929463537,-122.48446084451443,main_campus,matched,
202620,Spring 2026,COMM 220 0,21746,Communication Theory,FR,Fraser Hall (Lecture Halls),Fraser Hall,101,TueThu,12:00,14:20,92,48.7371929463537,-122.48446084451443,main_campus,matched,
202620,Spring 2026,ENVS 201 1,23410,Understanding Environmental Information,HH,Haggard Hall,Haggard Hall,101,Fri,08:00,09:50,28,48.73728606777458,-122.48613458465347,main_campus,matched,
202620,Spring 2026,ESCI 340 0,22512,Biostatistical Analysis,HH,Haggard Hall,Haggard Hall,233,Fri,08:30,09:50,29,48.73728606777458,-122.48613458465347,main_campus,matched,
202620,Spring 2026,ENVS 201 2,23411,Understanding Environmental Information,HH,Haggard Hall,Haggard Hall,101,Fri,10:00,11:50,26,48.73728606777458,-122.48613458465347,main_campus,matched,
202620,Spring 2026,MATH 447 0,21771,Multivariate Statistics,HH,Haggard Hall,Haggard Hall,233,MonTueThuFri,10:00,10:50,27,48.73728606777458,-122.48613458465347,main_campus,matched,
202620,Spring 2026,ACCT 475 0,21760,Income Taxation II,HH,Haggard Hall,Haggard Hall,345,MonWed,10:00,11:50,25,48.73728606777458,-122.48613458465347,main_campus,matched,
202620,Spring 2026,COMM 319 0,22447,Health Communication,HH,Haggard Hall,Haggard Hall,112,MonWed,10:00,11:50,30,48.73728606777458,-122.48613458465347,main_campus,matched,
202620,Spring 2026,MPAC 575 0,21761,Seminar in Taxation,HH,Haggard Hall,Haggard Hall,345,MonWed,10:00,11:50,1,48.73728606777458,-122.48613458465347,main_campus,matched,
202620,Spring 2026,COMM 325 0,21600,Intercultural Communication,HH,Haggard Hall,Haggard Hall,153,MonWed,12:00,13:50,27,48.73728606777458,-122.48613458465347,main_campus,matched,
202620,Spring 2026,SEC 513 0,21385,"Seminar in Education, Culture, and Equity",HH,Haggard Hall,Haggard Hall,345,MonWed,12:00,14:20,13,48.73728606777458,-122.48613458465347,main_campus,matched,
202620,Spring 2026,THTR 321 01,22559,3D Digital Modeling and Design,HH,Haggard Hall,Haggard Hall,101,MonWed,12:00,13:50,17,48.73728606777458,-122.48613458465347,main_campus,matched,
202620,Spring 2026,CHEM 472 C70,20561,Biochemistry II,HH,Haggard Hall,Haggard Hall,253,MonWedFri,08:30,09:50,28,48.73728606777458,-122.48613458465347,main_campus,matched,
202620,Spring 2026,ENG 335 0,23354,GlobalTexts:SouthAsianDiaspora,HH,Haggard Hall,Haggard Hall,153,MonWedFri,08:30,09:50,13,48.73728606777458,-122.48613458465347,main_campus,matched,
202620,Spring 2026,HIST 320 0,23389,War in the Middle Ages,HH,Haggard Hall,Haggard Hall,353,MonWedFri,10:00,11:20,30,48.73728606777458,-122.48613458465347,main_campus,matched,
202620,Spring 2026,HIST 104 0,23383,Introduction to American Civilization: American History Since 1865,HH,Haggard Hall,Haggard Hall,353,MonWedFri,11:30,12:50,52,48.73728606777458,-122.48613458465347,main_campus,matched,
202620,Spring 2026,BIOL 327 0,24089,Fundamentals of Molecular Biology,HH,Haggard Hall,Haggard Hall,253,MonWedFri,13:00,14:20,39,48.73728606777458,-122.48613458465347,main_campus,matched,
202620,Spring 2026,HIST 263 0,23908,African American History since 1865,HH,Haggard Hall,Haggard Hall,353,MonWedFri,13:00,14:20,41,48.73728606777458,-122.48613458465347,main_campus,matched,
202620,Spring 2026,HIST 275 0,23387,North American Indigenous History,HH,Haggard Hall,Haggard Hall,112,MonWedFri,13:00,14:20,34,48.73728606777458,-122.48613458465347,main_campus,matched,
202620,Spring 2026,PSY 307 0,22698,Experimental Approaches to Research and Statistics,HH,Haggard Hall,Haggard Hall,233,MonWedFri,13:00,14:20,32,48.73728606777458,-122.48613458465347,main_campus,matched,
202620,Spring 2026,THTR 416 01,23219,Advanced Costume Design,HH,Haggard Hall,Haggard Hall,253,TueThu,08:00,09:50,8,48.73728606777458,-122.48613458465347,main_campus,matched,
202620,Spring 2026,ACCT 240 S01,20001,Financial Accounting,HH,Haggard Hall,Haggard Hall,153,TueThu,10:00,11:50,26,48.73728606777458,-122.48613458465347,main_campus,matched,
202620,Spring 2026,ANTH 353 0,23963,Sex and Gender in Culture,HH,Haggard Hall,Haggard Hall,345,TueThu,10:00,11:50,38,48.73728606777458,-122.48613458465347,main_campus,matched,
202620,Spring 2026,ENVS 467 1,23438,"Power, (in)Justice and the Environment",HH,Haggard Hall,Haggard Hall,253,TueThu,10:00,11:50,21,48.73728606777458,-122.48613458465347,main_campus,matched,
202620,Spring 2026,ENVS 567 2,23441,"Power, Privilege, and the Environment",HH,Haggard Hall,Haggard Hall,253,TueThu,10:00,11:50,2,48.73728606777458,-122.48613458465347,main_campus,matched,
202620,Spring 2026,LIBR 297E 01,23958,"Writing, Research, and Artificial Intelligence",HH,Haggard Hall,Haggard Hall,222,TueThu,10:00,11:50,20,48.73728606777458,-122.48613458465347,main_campus,matched,
202620,Spring 2026,MGMT 311 0,20303,Introduction to Management and Organizational Behavior,HH,Haggard Hall,Haggard Hall,353,TueThu,10:00,11:50,50,48.73728606777458,-122.48613458465347,main_campus,matched,
202620,Spring 2026,MKTG 483 S25,22495,Integrated Marketing Communications,HH,Haggard Hall,Haggard Hall,101,TueThu,10:00,11:50,12,48.73728606777458,-122.48613458465347,main_campus,matched,
202620,Spring 2026,PHIL 115 0,23921,Introduction to Philosophy: Ethics and the Environment,HH,Haggard Hall,Haggard Hall,112,TueThu,10:00,11:15,36,48.73728606777458,-122.48613458465347,main_campus,matched,
202620,Spring 2026,EAST 297D 0,23715,Introduction to Mongolian Studies,HH,Haggard Hall,Haggard Hall,222,TueThu,12:00,13:50,9,48.73728606777458,-122.48613458465347,main_campus,matched,
202620,Spring 2026,ETHN 201 0,23900,Introduction to Ethnic Studies,HH,Haggard Hall,Haggard Hall,353,TueThu,12:00,13:50,29,48.73728606777458,-122.48613458465347,main_campus,matched,
202620,Spring 2026,HIST 123 0,23954,"World History, 1500 to the Present",HH,Haggard Hall,Haggard Hall,253,TueThu,12:00,13:50,43,48.73728606777458,-122.48613458465347,main_campus,matched,
202620,Spring 2026,LIBR 297D 0,23714,Introduction to Mongolian Studies,HH,Haggard Hall,Haggard Hall,222,TueThu,12:00,13:50,3,48.73728606777458,-122.48613458465347,main_campus,matched,
202620,Spring 2026,MKTG 380 0,23118,Principles of Marketing,HH,Haggard Hall,Haggard Hall,345,TueThu,12:00,13:50,40,48.73728606777458,-122.48613458465347,main_campus,matched,
202620,Spring 2026,FIN 444 S25,23002,Financial Institutions and Markets,HH,Haggard Hall,Haggard Hall,353,TueThu,14:00,15:50,35,48.73728606777458,-122.48613458465347,main_campus,matched,
202620,Spring 2026,HIST 112 0,21712,Introduction to Western Civilization: 476-1713,HH,Haggard Hall,Haggard Hall,112,TueThu,14:00,15:50,50,48.73728606777458,-122.48613458465347,main_campus,matched,
202620,Spring 2026,HSP 385 H1,21253,Applied Research Methods,HH,Haggard Hall,Haggard Hall,101,TueThu,14:00,15:50,21,48.73728606777458,-122.48613458465347,main_campus,matched,
202620,Spring 2026,MKTG 381 S25,20269,Fundamentals of Marketing Research,HH,Haggard Hall,Haggard Hall,233,TueThu,14:00,15:50,36,48.73728606777458,-122.48613458465347,main_campus,matched,
202620,Spring 2026,MKTG 487 S25,21830,Nonprofit Marketing,HH,Haggard Hall,Haggard Hall,253,TueThu,14:00,15:50,27,48.73728606777458,-122.48613458465347,main_campus,matched,
202620,Spring 2026,SPED 510 0,22067,Secondary Students with Special Needs,HH,Haggard Hall,Haggard Hall,253,TueThu,16:00,17:50,13,48.73728606777458,-122.48613458465347,main_campus,matched,
202620,Spring 2026,ENG 101 0,20040,Writing Your Way Through WWU,HU,Humanities Bldg,Humanities Building,104,Fri,08:30,09:50,12,48.737449727750146,-122.48509791354425,main_campus,matched,
202620,Spring 2026,ENG 101 0,20042,Writing Your Way Through WWU,HU,Humanities Bldg,Humanities Building,105,Fri,08:30,09:50,10,48.737449727750146,-122.48509791354425,main_campus,matched,
202620,Spring 2026,ENG 101 0,20046,Writing Your Way Through WWU,HU,Humanities Bldg,Humanities Building,104,Fri,10:00,11:20,20,48.737449727750146,-122.48509791354425,main_campus,matched,
202620,Spring 2026,ENG 101 0,20190,Writing Your Way Through WWU,HU,Humanities Bldg,Humanities Building,105,Fri,10:00,11:20,18,48.737449727750146,-122.48509791354425,main_campus,matched,
202620,Spring 2026,ENG 101 0,20369,Writing Your Way Through WWU,HU,Humanities Bldg,Humanities Building,105,Fri,11:30,12:50,13,48.737449727750146,-122.48509791354425,main_campus,matched,
202620,Spring 2026,ENG 101 0,20372,Writing Your Way Through WWU,HU,Humanities Bldg,Humanities Building,104,Fri,11:30,12:50,22,48.737449727750146,-122.48509791354425,main_campus,matched,
202620,Spring 2026,ENG 101 0,20616,Writing Your Way Through WWU,HU,Humanities Bldg,Humanities Building,105,Fri,13:00,14:20,18,48.737449727750146,-122.48509791354425,main_campus,matched,
202620,Spring 2026,ENG 101 0,20996,Writing Your Way Through WWU,HU,Humanities Bldg,Humanities Building,104,Fri,13:00,14:20,5,48.737449727750146,-122.48509791354425,main_campus,matched,
202620,Spring 2026,THTR 364 01,20381,Movement Studio II: Suzuki/Viewpoints,HU,Humanities Bldg,Humanities Building,106,Fri,14:00,14:50,9,48.737449727750146,-122.48509791354425,main_campus,matched,
202620,Spring 2026,ENG 101 0,23358,Writing Your Way Through WWU,HU,Humanities Bldg,Humanities Building,104,Fri,14:30,15:50,16,48.737449727750146,-122.48509791354425,main_campus,matched,
202620,Spring 2026,ENG 101 0,20043,Writing Your Way Through WWU,HU,Humanities Bldg,Humanities Building,104,Mon,08:30,09:50,6,48.737449727750146,-122.48509791354425,main_campus,matched,
202620,Spring 2026,ENG 101 0,20045,Writing Your Way Through WWU,HU,Humanities Bldg,Humanities Building,105,Mon,08:30,09:50,13,48.737449727750146,-122.48509791354425,main_campus,matched,
202620,Spring 2026,ENG 101 0,20047,Writing Your Way Through WWU,HU,Humanities Bldg,Humanities Building,105,Mon,10:00,11:20,21,48.737449727750146,-122.48509791354425,main_campus,matched,
202620,Spring 2026,ENG 101 0,20050,Writing Your Way Through WWU,HU,Humanities Bldg,Humanities Building,104,Mon,10:00,11:20,21,48.737449727750146,-122.48509791354425,main_campus,matched,
202620,Spring 2026,ENG 101 0,20286,Writing Your Way Through WWU,HU,Humanities Bldg,Humanities Building,105,Mon,11:30,12:50,22,48.737449727750146,-122.48509791354425,main_campus,matched,
202620,Spring 2026,ENG 101 0,20370,Writing Your Way Through WWU,HU,Humanities Bldg,Humanities Building,104,Mon,11:30,12:50,7,48.737449727750146,-122.48509791354425,main_campus,matched,
202620,Spring 2026,ENG 101 0,20380,Writing Your Way Through WWU,HU,Humanities Bldg,Humanities Building,105,Mon,13:00,14:20,20,48.737449727750146,-122.48509791354425,main_campus,matched,
202620,Spring 2026,ENG 101 0,22474,Writing Your Way Through WWU,HU,Humanities Bldg,Humanities Building,104,Mon,13:00,14:20,16,48.737449727750146,-122.48509791354425,main_campus,matched,
202620,Spring 2026,ENG 101 0,20041,Writing Your Way Through WWU,HU,Humanities Bldg,Humanities Building,108,MonFri,08:30,09:50,10,48.737449727750146,-122.48509791354425,main_campus,matched,
202620,Spring 2026,ENG 101 0,20048,Writing Your Way Through WWU,HU,Humanities Bldg,Humanities Building,108,MonFri,10:00,11:20,20,48.737449727750146,-122.48509791354425,main_campus,matched,
202620,Spring 2026,ENG 101 0,20371,Writing Your Way Through WWU,HU,Humanities Bldg,Humanities Building,108,MonFri,11:30,12:50,22,48.737449727750146,-122.48509791354425,main_campus,matched,
202620,Spring 2026,ENG 101 0,20995,Writing Your Way Through WWU,HU,Humanities Bldg,Humanities Building,108,MonFri,13:00,14:20,14,48.737449727750146,-122.48509791354425,main_campus,matched,
202620,Spring 2026,ENG 101 0,23357,Writing Your Way Through WWU,HU,Humanities Bldg,Humanities Building,108,MonFri,14:30,15:50,14,48.737449727750146,-122.48509791354425,main_campus,matched,
202620,Spring 2026,SEC 531 0,21384,Teaching Adolescents,HU,Humanities Bldg,Humanities Building,106,MonWed,10:00,11:50,13,48.737449727750146,-122.48509791354425,main_campus,matched,
202620,Spring 2026,SEC 426 S04,20202,Social Studies for the Secondary School,HU,Humanities Bldg,Humanities Building,106,MonWed,12:00,13:50,16,48.737449727750146,-122.48509791354425,main_campus,matched,
202620,Spring 2026,AECI 407 01,21210,Capstone Lab,HU,Humanities Bldg,Humanities Building,106,MonWed,14:00,15:50,17,48.737449727750146,-122.48509791354425,main_campus,matched,
202620,Spring 2026,ENG 301 0,20067,Wrtg&amp;Public:Sound&amp;Agency,HU,Humanities Bldg,Humanities Building,109,MonWedFri,08:30,09:50,19,48.737449727750146,-122.48509791354425,main_campus,matched,
202620,Spring 2026,ENG 350 0,21757,Introduction to Creative Writing,HU,Humanities Bldg,Humanities Building,107,MonWedFri,08:30,09:50,19,48.737449727750146,-122.48509791354425,main_campus,matched,
202620,Spring 2026,ENG 441 0,21759,Language and the Secondary Classroom,HU,Humanities Bldg,Humanities Building,101,MonWedFri,08:30,09:50,18,48.737449727750146,-122.48509791354425,main_campus,matched,
202620,Spring 2026,ENG 459 0,22172,Editing and Publishing,HU,Humanities Bldg,Humanities Building,101,MonWedFri,10:00,11:20,20,48.737449727750146,-122.48509791354425,main_campus,matched,
202620,Spring 2026,ENG 462 0,23870,ProfWrtg:StorytellingResearch,HU,Humanities Bldg,Humanities Building,109,MonWedFri,10:00,11:20,20,48.737449727750146,-122.48509791354425,main_campus,matched,
202620,Spring 2026,LING 402 0,23195,Japanese Linguistics,HU,Humanities Bldg,Humanities Building,107,MonWedFri,10:00,11:20,9,48.737449727750146,-122.48509791354425,main_campus,matched,
202620,Spring 2026,SPAN 305 0,22586,Third-Year Conversation,HU,Humanities Bldg,Humanities Building,102,MonWedFri,10:00,11:20,22,48.737449727750146,-122.48509791354425,main_campus,matched,
202620,Spring 2026,CHIN 203 0,22534,Second-Year Chinese,HU,Humanities Bldg,Humanities Building,101,MonWedFri,11:30,12:50,8,48.737449727750146,-122.48509791354425,main_campus,matched,
202620,Spring 2026,ENG 351 0,22399,Introduction to Fiction Writing,HU,Humanities Bldg,Humanities Building,102,MonWedFri,11:30,12:50,20,48.737449727750146,-122.48509791354425,main_campus,matched,
202620,Spring 2026,ENG 424 0,22401,MajFilmmakers:Kathryn Bigelow,HU,Humanities Bldg,Humanities Building,107,MonWedFri,11:30,12:50,20,48.737449727750146,-122.48509791354425,main_campus,matched,
202620,Spring 2026,CHIN 303 0,22537,Third-Year Chinese,HU,Humanities Bldg,Humanities Building,107,MonWedFri,13:00,14:20,9,48.737449727750146,-122.48509791354425,main_campus,matched,
202620,Spring 2026,ENG 314 0,21753,Critical Theories and Practices: 19th Century to Present,HU,Humanities Bldg,Humanities Building,109,MonWedFri,13:00,14:20,20,48.737449727750146,-122.48509791354425,main_campus,matched,
202620,Spring 2026,ENG 418 0,20315,Sr Sem: Emily Dickinson,HU,Humanities Bldg,Humanities Building,304,MonWedFri,13:00,14:20,12,48.737449727750146,-122.48509791354425,main_campus,matched,
202620,Spring 2026,ENG 459 0,20359,Editing and Publishing,HU,Humanities Bldg,Humanities Building,101,MonWedFri,13:00,14:20,20,48.737449727750146,-122.48509791354425,main_campus,matched,
202620,Spring 2026,SPAN 302 0,22584,Grammar Review and Composition,HU,Humanities Bldg,Humanities Building,102,MonWedFri,13:00,14:20,15,48.737449727750146,-122.48509791354425,main_campus,matched,
202620,Spring 2026,ENG 202 0,20860,Writing About Literature,HU,Humanities Bldg,Humanities Building,109,MonWedFri,14:30,15:50,23,48.737449727750146,-122.48509791354425,main_campus,matched,
202620,Spring 2026,ENG 311 0,21023,Seminar in Literature &amp; Culture: The 20-21st Century,HU,Humanities Bldg,Humanities Building,101,MonWedFri,14:30,15:50,19,48.737449727750146,-122.48509791354425,main_campus,matched,
202620,Spring 2026,ENG 313 0,20068,Critical Theories and Practices: Pre-Socratic to 19th Century,HU,Humanities Bldg,Humanities Building,107,MonWedFri,14:30,15:50,20,48.737449727750146,-122.48509791354425,main_campus,matched,
202620,Spring 2026,ENG 451 0,20116,Creative Writing Seminar - Fiction,HU,Humanities Bldg,Humanities Building,102,MonWedFri,14:30,15:50,19,48.737449727750146,-122.48509791354425,main_campus,matched,
202620,Spring 2026,ENG 302 0,20412,Technical Writing,HU,Humanities Bldg,Humanities Building,105,TueThu,08:00,09:50,18,48.737449727750146,-122.48509791354425,main_campus,matched,
202620,Spring 2026,ENG 350 01,21122,Introduction to Creative Writing,HU,Humanities Bldg,Humanities Building,107,TueThu,08:00,09:50,20,48.737449727750146,-122.48509791354425,main_campus,matched,
202620,Spring 2026,ENG 354 0,20257,Introduction to Creative Nonfiction Writing,HU,Humanities Bldg,Humanities Building,109,TueThu,08:00,09:50,14,48.737449727750146,-122.48509791354425,main_campus,matched,
202620,Spring 2026,ENG 423 0,20374,Maj Auth: John Milton,HU,Humanities Bldg,Humanities Building,108,TueThu,08:00,09:50,11,48.737449727750146,-122.48509791354425,main_campus,matched,
202620,Spring 2026,ENG 510 0,23356,SemInRhetoric:The Bodymind,HU,Humanities Bldg,Humanities Building,304,TueThu,08:00,09:50,4,48.737449727750146,-122.48509791354425,main_campus,matched,
202620,Spring 2026,THTR 416 02,23604,Advanced Costume Design,HU,Humanities Bldg,Humanities Building,102,TueThu,08:00,09:50,7,48.737449727750146,-122.48509791354425,main_campus,matched,
202620,Spring 2026,ENG 302 0,20113,Technical Writing,HU,Humanities Bldg,Humanities Building,104,TueThu,10:00,11:50,19,48.737449727750146,-122.48509791354425,main_campus,matched,
202620,Spring 2026,ENG 302 0,20350,Technical Writing,HU,Humanities Bldg,Humanities Building,105,TueThu,10:00,11:50,20,48.737449727750146,-122.48509791354425,main_campus,matched,
202620,Spring 2026,ENG 309 0,21021,Seminar in Literature &amp; Culture: The Long 18th Century,HU,Humanities Bldg,Humanities Building,101,TueThu,10:00,11:50,21,48.737449727750146,-122.48509791354425,main_campus,matched,
202620,Spring 2026,ENG 350 0,20114,Introduction to Creative Writing,HU,Humanities Bldg,Humanities Building,107,TueThu,10:00,11:50,20,48.737449727750146,-122.48509791354425,main_campus,matched,
202620,Spring 2026,ENG 371 0,22935,Rhetorical Theory: Advertising,HU,Humanities Bldg,Humanities Building,109,TueThu,10:00,11:50,18,48.737449727750146,-122.48509791354425,main_campus,matched,
202620,Spring 2026,ENG 598 0,21233,Sem Tch Eng:,HU,Humanities Bldg,Humanities Building,304,TueThu,10:00,11:50,4,48.737449727750146,-122.48509791354425,main_campus,matched,
202620,Spring 2026,ETHN 205 0,23820,Introduction to Asian American Studies,HU,Humanities Bldg,Humanities Building,102,TueThu,10:00,11:50,19,48.737449727750146,-122.48509791354425,main_campus,matched,
202620,Spring 2026,SEC 432 S09,20072,"Secondary School Methods III - Management, Motivation and Discipline",HU,Humanities Bldg,Humanities Building,106,TueThu,10:00,11:50,13,48.737449727750146,-122.48509791354425,main_campus,matched,
202620,Spring 2026,SEC 532 0,21386,Curriculum and Instruction in Secondary Schools,HU,Humanities Bldg,Humanities Building,108,TueThu,10:00,11:50,13,48.737449727750146,-122.48509791354425,main_campus,matched,
202620,Spring 2026,ENG 201 0,21587,WritinHumanit:,HU,Humanities Bldg,Humanities Building,109,TueThu,12:00,13:50,24,48.737449727750146,-122.48509791354425,main_campus,matched,
202620,Spring 2026,ENG 202 0,20104,Writing About Literature,HU,Humanities Bldg,Humanities Building,106,TueThu,12:00,13:50,23,48.737449727750146,-122.48509791354425,main_campus,matched,
202620,Spring 2026,ENG 302 0,20259,Technical Writing,HU,Humanities Bldg,Humanities Building,104,TueThu,12:00,13:50,20,48.737449727750146,-122.48509791354425,main_campus,matched,
202620,Spring 2026,ENG 302 0,23948,Technical Writing,HU,Humanities Bldg,Humanities Building,105,TueThu,12:00,13:50,20,48.737449727750146,-122.48509791354425,main_campus,matched,
202620,Spring 2026,ENG 351 0,20240,Introduction to Fiction Writing,HU,Humanities Bldg,Humanities Building,102,TueThu,12:00,13:50,21,48.737449727750146,-122.48509791354425,main_campus,matched,
202620,Spring 2026,ENG 444 O,20075,Teaching English Language Arts in the Secondary Schools II,HU,Humanities Bldg,Humanities Building,108,TueThu,12:00,13:50,24,48.737449727750146,-122.48509791354425,main_campus,matched,
202620,Spring 2026,ENG 505 0,23355,Seminar in the Writing of Nonfiction,HU,Humanities Bldg,Humanities Building,101,TueThu,12:00,13:50,12,48.737449727750146,-122.48509791354425,main_campus,matched,
202620,Spring 2026,ENG 302 0,20305,Technical Writing,HU,Humanities Bldg,Humanities Building,104,TueThu,14:00,15:50,20,48.737449727750146,-122.48509791354425,main_campus,matched,
202620,Spring 2026,ENG 313 0,22169,Critical Theories and Practices: Pre-Socratic to 19th Century,HU,Humanities Bldg,Humanities Building,106,TueThu,14:00,15:50,19,48.737449727750146,-122.48509791354425,main_campus,matched,
202620,Spring 2026,ENG 350 0,21756,Introduction to Creative Writing,HU,Humanities Bldg,Humanities Building,108,TueThu,14:00,15:50,20,48.737449727750146,-122.48509791354425,main_campus,matched,
202620,Spring 2026,ENG 353 0,20069,Introduction to Poetry Writing,HU,Humanities Bldg,Humanities Building,101,TueThu,14:00,15:50,20,48.737449727750146,-122.48509791354425,main_campus,matched,
202620,Spring 2026,ENG 385 0,21145,Systems Thinking,HU,Humanities Bldg,Humanities Building,105,TueThu,14:00,15:50,17,48.737449727750146,-122.48509791354425,main_campus,matched,
202620,Spring 2026,ENG 401 0,22170,TopicsinRhet: Global Rhetorics,HU,Humanities Bldg,Humanities Building,304,TueThu,14:00,15:50,10,48.737449727750146,-122.48509791354425,main_campus,matched,
202620,Spring 2026,ENG 504 0,22403,Seminar in Writing Poetry,HU,Humanities Bldg,Humanities Building,102,TueThu,14:00,15:50,12,48.737449727750146,-122.48509791354425,main_campus,matched,
202620,Spring 2026,ENG 570 0,23778,Lit&amp;CulturalCrit: Fugitive Lit,HU,Humanities Bldg,Humanities Building,107,TueThu,14:00,15:50,5,48.737449727750146,-122.48509791354425,main_campus,matched,
202620,Spring 2026,ENG 351 0,20356,Introduction to Fiction Writing,HU,Humanities Bldg,Humanities Building,102,TueThu,16:00,17:50,20,48.737449727750146,-122.48509791354425,main_campus,matched,
202620,Spring 2026,ENG 560 0,22404,StdsInBritishLit:VictorianPulp,HU,Humanities Bldg,Humanities Building,304,TueThu,16:00,17:50,9,48.737449727750146,-122.48509791354425,main_campus,matched,
202620,Spring 2026,ESCI 330 0,23910,Natural History of the Pacific Northwest,HU,Humanities Bldg,Humanities Building,108,Wed,08:00,11:20,20,48.737449727750146,-122.48509791354425,main_campus,matched,
202620,Spring 2026,ENG 101 0,20039,Writing Your Way Through WWU,HU,Humanities Bldg,Humanities Building,104,Wed,08:30,09:50,15,48.737449727750146,-122.48509791354425,main_campus,matched,
202620,Spring 2026,ENG 101 0,20041,Writing Your Way Through WWU,HU,Humanities Bldg,Humanities Building,105,Wed,08:30,09:50,10,48.737449727750146,-122.48509791354425,main_campus,matched,
202620,Spring 2026,ENG 101 0,20048,Writing Your Way Through WWU,HU,Humanities Bldg,Humanities Building,105,Wed,10:00,11:20,20,48.737449727750146,-122.48509791354425,main_campus,matched,
202620,Spring 2026,ENG 101 0,20189,Writing Your Way Through WWU,HU,Humanities Bldg,Humanities Building,104,Wed,10:00,11:20,20,48.737449727750146,-122.48509791354425,main_campus,matched,
202620,Spring 2026,ENG 101 0,20287,Writing Your Way Through WWU,HU,Humanities Bldg,Humanities Building,105,Wed,11:30,12:50,22,48.737449727750146,-122.48509791354425,main_campus,matched,
202620,Spring 2026,ENG 101 0,20371,Writing Your Way Through WWU,HU,Humanities Bldg,Humanities Building,104,Wed,11:30,12:50,22,48.737449727750146,-122.48509791354425,main_campus,matched,
202620,Spring 2026,ECE 498 1,21073,Seminar in Early Childhood Education,HU,Humanities Bldg,Humanities Building,108,Wed,13:00,13:50,14,48.737449727750146,-122.48509791354425,main_campus,matched,
202620,Spring 2026,ENG 101 0,20995,Writing Your Way Through WWU,HU,Humanities Bldg,Humanities Building,105,Wed,13:00,14:20,14,48.737449727750146,-122.48509791354425,main_campus,matched,
202620,Spring 2026,ENG 101 0,21205,Writing Your Way Through WWU,HU,Humanities Bldg,Humanities Building,104,Wed,13:00,14:20,12,48.737449727750146,-122.48509791354425,main_campus,matched,
202620,Spring 2026,ECE 439 1,21072,Curriculum Planning in Early Childhood Education,HU,Humanities Bldg,Humanities Building,108,Wed,14:00,18:50,14,48.737449727750146,-122.48509791354425,main_campus,matched,
202620,Spring 2026,ENG 101 0,22475,Writing Your Way Through WWU,HU,Humanities Bldg,Humanities Building,105,Wed,14:30,15:50,4,48.737449727750146,-122.48509791354425,main_campus,matched,
202620,Spring 2026,ENG 101 0,23357,Writing Your Way Through WWU,HU,Humanities Bldg,Humanities Building,104,Wed,14:30,15:50,14,48.737449727750146,-122.48509791354425,main_campus,matched,
202620,Spring 2026,CHEM 162 C27,21344,General Chemistry II,IS,Interdisciplinary Science Bldg,Interdisciplinary Science Building,330,Fri,09:00,10:50,22,48.733581222370745,-122.48748594728482,main_campus,matched,
202620,Spring 2026,CHEM 162 C28,21345,General Chemistry II,IS,Interdisciplinary Science Bldg,Interdisciplinary Science Building,340,Fri,09:00,10:50,23,48.733581222370745,-122.48748594728482,main_campus,matched,
202620,Spring 2026,BIOL 101 0,21044,Introduction to Biology w/lab,IS,Interdisciplinary Science Bldg,Interdisciplinary Science Building,220,Fri,10:00,11:50,24,48.733581222370745,-122.48748594728482,main_campus,matched,
202620,Spring 2026,CHEM 162 C23,21340,General Chemistry II,IS,Interdisciplinary Science Bldg,Interdisciplinary Science Building,330,Fri,11:00,12:50,23,48.733581222370745,-122.48748594728482,main_campus,matched,
202620,Spring 2026,CHEM 162 C24,21341,General Chemistry II,IS,Interdisciplinary Science Bldg,Interdisciplinary Science Building,340,Fri,11:00,12:50,10,48.733581222370745,-122.48748594728482,main_campus,matched,
202620,Spring 2026,MACS 303 1,21832,Integrated Marine Science Core: Marine Ecological Processes,IS,Interdisciplinary Science Bldg,Interdisciplinary Science Building,410,Fri,11:00,13:50,32,48.733581222370745,-122.48748594728482,main_campus,matched,
202620,Spring 2026,BIOL 101 0,21045,Introduction to Biology w/lab,IS,Interdisciplinary Science Bldg,Interdisciplinary Science Building,220,Fri,12:00,13:50,23,48.733581222370745,-122.48748594728482,main_campus,matched,
202620,Spring 2026,BIOL 452 0,23631,Systematic Botany w/lab,IS,Interdisciplinary Science Bldg,Interdisciplinary Science Building,240,Fri,13:00,16:50,24,48.733581222370745,-122.48748594728482,main_campus,matched,
202620,Spring 2026,BIOL 101 0,21046,Introduction to Biology w/lab,IS,Interdisciplinary Science Bldg,Interdisciplinary Science Building,220,Fri,14:00,15:50,22,48.733581222370745,-122.48748594728482,main_campus,matched,
202620,Spring 2026,BIOL 412 0,23634,Animal Communication w/lab,IS,Interdisciplinary Science Bldg,Interdisciplinary Science Building,240,Mon,13:00,16:50,16,48.733581222370745,-122.48748594728482,main_campus,matched,
202620,Spring 2026,BIOL 324 0,23609,Methods in Molecular Biology w/lab,IS,Interdisciplinary Science Bldg,Interdisciplinary Science Building,244,Mon,15:00,15:50,16,48.733581222370745,-122.48748594728482,main_campus,matched,
202620,Spring 2026,BIOL 324 0,23610,Methods in Molecular Biology w/lab,IS,Interdisciplinary Science Bldg,Interdisciplinary Science Building,244,Mon,15:00,15:50,16,48.733581222370745,-122.48748594728482,main_campus,matched,
202620,Spring 2026,CHEM 462 C66,21831,Physical Chemistry,IS,Interdisciplinary Science Bldg,Interdisciplinary Science Building,242,MonTueWedFri,09:00,09:50,16,48.733581222370745,-122.48748594728482,main_campus,matched,
202620,Spring 2026,BIOL 412 0,23634,Animal Communication w/lab,IS,Interdisciplinary Science Bldg,Interdisciplinary Science Building,240,MonWed,10:00,11:20,16,48.733581222370745,-122.48748594728482,main_campus,matched,
202620,Spring 2026,MACS 303 1,21832,Integrated Marine Science Core: Marine Ecological Processes,IS,Interdisciplinary Science Bldg,Interdisciplinary Science Building,410,MonWed,11:00,12:20,32,48.733581222370745,-122.48748594728482,main_campus,matched,
202620,Spring 2026,COMM 425 0,21898,Issues in Intercultural Communication,IS,Interdisciplinary Science Bldg,Interdisciplinary Science Building,242,MonWed,12:00,13:50,19,48.733581222370745,-122.48748594728482,main_campus,matched,
202620,Spring 2026,SOC 321 01,23553,Demography,IS,Interdisciplinary Science Bldg,Interdisciplinary Science Building,310,MonWed,14:30,16:20,19,48.733581222370745,-122.48748594728482,main_campus,matched,
202620,Spring 2026,BIOL 401 0,23637,Mechanisms of Neurodegeneration,IS,Interdisciplinary Science Bldg,Interdisciplinary Science Building,310,MonWedFri,08:30,09:20,12,48.733581222370745,-122.48748594728482,main_campus,matched,
202620,Spring 2026,CHEM 225 C42,21076,"General Chemistry III, Honors",IS,Interdisciplinary Science Bldg,Interdisciplinary Science Building,242,MonWedFri,10:00,10:50,17,48.733581222370745,-122.48748594728482,main_campus,matched,
202620,Spring 2026,CHEM 473 C71,20135,Molecular Biology,IS,Interdisciplinary Science Bldg,Interdisciplinary Science Building,244,MonWedFri,10:00,10:50,34,48.733581222370745,-122.48748594728482,main_campus,matched,
202620,Spring 2026,WGSS 212 1,21250,Introduction to Feminist Theory,IS,Interdisciplinary Science Bldg,Interdisciplinary Science Building,310,MonWedFri,10:00,11:20,28,48.733581222370745,-122.48748594728482,main_campus,matched,
202620,Spring 2026,CHEM 333 0,21643,Analytical Chemistry,IS,Interdisciplinary Science Bldg,Interdisciplinary Science Building,242,MonWedFri,11:00,11:50,23,48.733581222370745,-122.48748594728482,main_campus,matched,
202620,Spring 2026,CHEM 434 CS,22653,Instrumental Analysis,IS,Interdisciplinary Science Bldg,Interdisciplinary Science Building,244,MonWedFri,11:00,11:50,9,48.733581222370745,-122.48748594728482,main_campus,matched,
202620,Spring 2026,CHEM 534 CS,22654,Instrumental Analysis,IS,Interdisciplinary Science Bldg,Interdisciplinary Science Building,244,MonWedFri,11:00,11:50,1,48.733581222370745,-122.48748594728482,main_campus,matched,
202620,Spring 2026,BIOL 321 0,23606,Genetics,IS,Interdisciplinary Science Bldg,Interdisciplinary Science Building,310,MonWedFri,11:30,12:50,30,48.733581222370745,-122.48748594728482,main_campus,matched,
202620,Spring 2026,BIOL 452 0,23631,Systematic Botany w/lab,IS,Interdisciplinary Science Bldg,Interdisciplinary Science Building,240,MonWedFri,12:00,12:50,24,48.733581222370745,-122.48748594728482,main_campus,matched,
202620,Spring 2026,CHEM 426 0,23254,Chemistry of Macromolecules,IS,Interdisciplinary Science Bldg,Interdisciplinary Science Building,244,MonWedFri,12:00,12:50,24,48.733581222370745,-122.48748594728482,main_campus,matched,
202620,Spring 2026,CHEM 526 0,23255,Chemistry of Macromolecules,IS,Interdisciplinary Science Bldg,Interdisciplinary Science Building,244,MonWedFri,12:00,12:50,2,48.733581222370745,-122.48748594728482,main_campus,matched,
202620,Spring 2026,SOC 330 01,22347,"The Self, Emotions, and Society",IS,Interdisciplinary Science Bldg,Interdisciplinary Science Building,244,MonWedFri,13:00,14:20,28,48.733581222370745,-122.48748594728482,main_campus,matched,
202620,Spring 2026,SOC 381 01,23556,Sociology of Culture,IS,Interdisciplinary Science Bldg,Interdisciplinary Science Building,310,MonWedFri,13:00,14:20,32,48.733581222370745,-122.48748594728482,main_campus,matched,
202620,Spring 2026,CHEM 163 C31,21348,General Chemistry III,IS,Interdisciplinary Science Bldg,Interdisciplinary Science Building,440,Thu,08:00,10:50,31,48.733581222370745,-122.48748594728482,main_campus,matched,
202620,Spring 2026,CHEM 161 C11,21332,General Chemistry I,IS,Interdisciplinary Science Bldg,Interdisciplinary Science Building,330,Thu,09:00,10:50,24,48.733581222370745,-122.48748594728482,main_campus,matched,
202620,Spring 2026,CHEM 161 C12,21333,General Chemistry I,IS,Interdisciplinary Science Bldg,Interdisciplinary Science Building,340,Thu,09:00,10:50,17,48.733581222370745,-122.48748594728482,main_campus,matched,
202620,Spring 2026,ESCI 494 01,21701,Marine Conservation,IS,Interdisciplinary Science Bldg,Interdisciplinary Science Building,244,Thu,09:00,11:50,17,48.733581222370745,-122.48748594728482,main_campus,matched,
202620,Spring 2026,BIOL 101 0,22175,Introduction to Biology w/lab,IS,Interdisciplinary Science Bldg,Interdisciplinary Science Building,220,Thu,10:00,11:50,22,48.733581222370745,-122.48748594728482,main_campus,matched,
202620,Spring 2026,BIOL 101 0,22177,Introduction to Biology w/lab,IS,Interdisciplinary Science Bldg,Interdisciplinary Science Building,230,Thu,10:00,11:50,24,48.733581222370745,-122.48748594728482,main_campus,matched,
202620,Spring 2026,CHEM 161 C15,21336,General Chemistry I,IS,Interdisciplinary Science Bldg,Interdisciplinary Science Building,330,Thu,11:00,12:50,12,48.733581222370745,-122.48748594728482,main_campus,matched,
202620,Spring 2026,CHEM 161 C16,21337,General Chemistry I,IS,Interdisciplinary Science Bldg,Interdisciplinary Science Building,340,Thu,11:00,12:50,2,48.733581222370745,-122.48748594728482,main_campus,matched,
202620,Spring 2026,CHEM 163 C39,21356,General Chemistry III,IS,Interdisciplinary Science Bldg,Interdisciplinary Science Building,440,Thu,11:00,13:50,32,48.733581222370745,-122.48748594728482,main_campus,matched,
202620,Spring 2026,BIOL 101 0,21039,Introduction to Biology w/lab,IS,Interdisciplinary Science Bldg,Interdisciplinary Science Building,230,Thu,12:00,13:50,22,48.733581222370745,-122.48748594728482,main_campus,matched,
202620,Spring 2026,BIOL 101 0,22176,Introduction to Biology w/lab,IS,Interdisciplinary Science Bldg,Interdisciplinary Science Building,220,Thu,12:00,13:50,23,48.733581222370745,-122.48748594728482,main_campus,matched,
202620,Spring 2026,MACS 410 0,23589,Marine Mammals,IS,Interdisciplinary Science Bldg,Interdisciplinary Science Building,410,Thu,12:00,15:50,21,48.733581222370745,-122.48748594728482,main_campus,matched,
202620,Spring 2026,CHEM 161 C05,21326,General Chemistry I,IS,Interdisciplinary Science Bldg,Interdisciplinary Science Building,330,Thu,13:00,14:50,24,48.733581222370745,-122.48748594728482,main_campus,matched,
202620,Spring 2026,CHEM 161 C06,21327,General Chemistry I,IS,Interdisciplinary Science Bldg,Interdisciplinary Science Building,340,Thu,13:00,14:50,17,48.733581222370745,-122.48748594728482,main_campus,matched,
202620,Spring 2026,ESCI 361 02,23031,Water Quality,IS,Interdisciplinary Science Bldg,Interdisciplinary Science Building,320,Thu,13:30,17:20,16,48.733581222370745,-122.48748594728482,main_campus,matched,
202620,Spring 2026,BIOL 101 0,21038,Introduction to Biology w/lab,IS,Interdisciplinary Science Bldg,Interdisciplinary Science Building,230,Thu,14:00,15:50,24,48.733581222370745,-122.48748594728482,main_campus,matched,
202620,Spring 2026,BIOL 101 0,21040,Introduction to Biology w/lab,IS,Interdisciplinary Science Bldg,Interdisciplinary Science Building,220,Thu,14:00,15:50,21,48.733581222370745,-122.48748594728482,main_campus,matched,
202620,Spring 2026,CHEM 163 C30,21347,General Chemistry III,IS,Interdisciplinary Science Bldg,Interdisciplinary Science Building,440,Thu,14:00,16:50,32,48.733581222370745,-122.48748594728482,main_campus,matched,
202620,Spring 2026,CHEM 163 C32,21349,General Chemistry III,IS,Interdisciplinary Science Bldg,Interdisciplinary Science Building,440,Tue,08:00,10:50,32,48.733581222370745,-122.48748594728482,main_campus,matched,
202620,Spring 2026,SPED 303 1,23526,Educational Psychology,IS,Interdisciplinary Science Bldg,Interdisciplinary Science Building,244,Tue,08:00,10:50,20,48.733581222370745,-122.48748594728482,main_campus,matched,
202620,Spring 2026,BIOL 101 0,21035,Introduction to Biology w/lab,IS,Interdisciplinary Science Bldg,Interdisciplinary Science Building,230,Tue,10:00,11:50,23,48.733581222370745,-122.48748594728482,main_campus,matched,
202620,Spring 2026,CHEM 161 C07,21328,General Chemistry I,IS,Interdisciplinary Science Bldg,Interdisciplinary Science Building,330,Tue,11:00,12:50,21,48.733581222370745,-122.48748594728482,main_campus,matched,
202620,Spring 2026,CHEM 161 C08,21329,General Chemistry I,IS,Interdisciplinary Science Bldg,Interdisciplinary Science Building,340,Tue,11:00,12:50,19,48.733581222370745,-122.48748594728482,main_campus,matched,
202620,Spring 2026,CHEM 163 C34,21351,General Chemistry III,IS,Interdisciplinary Science Bldg,Interdisciplinary Science Building,440,Tue,11:00,13:50,30,48.733581222370745,-122.48748594728482,main_campus,matched,
202620,Spring 2026,BIOL 101 0,21036,Introduction to Biology w/lab,IS,Interdisciplinary Science Bldg,Interdisciplinary Science Building,230,Tue,12:00,13:50,22,48.733581222370745,-122.48748594728482,main_campus,matched,
202620,Spring 2026,CHEM 161 C13,21334,General Chemistry I,IS,Interdisciplinary Science Bldg,Interdisciplinary Science Building,330,Tue,13:00,14:50,18,48.733581222370745,-122.48748594728482,main_campus,matched,
202620,Spring 2026,CHEM 161 C14,21335,General Chemistry I,IS,Interdisciplinary Science Bldg,Interdisciplinary Science Building,340,Tue,13:00,14:50,5,48.733581222370745,-122.48748594728482,main_campus,matched,
202620,Spring 2026,CHEM 465 C67,22657,Physical/Inorganic Chemistry Laboratory II,IS,Interdisciplinary Science Bldg,Interdisciplinary Science Building,242,Tue,13:00,13:50,16,48.733581222370745,-122.48748594728482,main_campus,matched,
202620,Spring 2026,ESCI 361 01,23030,Water Quality,IS,Interdisciplinary Science Bldg,Interdisciplinary Science Building,320,Tue,13:30,17:20,16,48.733581222370745,-122.48748594728482,main_campus,matched,
202620,Spring 2026,BIOL 101 0,21037,Introduction to Biology w/lab,IS,Interdisciplinary Science Bldg,Interdisciplinary Science Building,230,Tue,14:00,15:50,24,48.733581222370745,-122.48748594728482,main_campus,matched,
202620,Spring 2026,CHEM 163 C29,21346,General Chemistry III,IS,Interdisciplinary Science Bldg,Interdisciplinary Science Building,440,Tue,14:00,16:50,30,48.733581222370745,-122.48748594728482,main_campus,matched,
202620,Spring 2026,CHEM 161 C09,21330,General Chemistry I,IS,Interdisciplinary Science Bldg,Interdisciplinary Science Building,330,Tue,15:00,16:50,23,48.733581222370745,-122.48748594728482,main_campus,matched,
202620,Spring 2026,CHEM 161 C10,21331,General Chemistry I,IS,Interdisciplinary Science Bldg,Interdisciplinary Science Building,340,Tue,15:00,16:50,24,48.733581222370745,-122.48748594728482,main_campus,matched,
202620,Spring 2026,MACS 111 0,21802,Curr. Topics Marine Science I,IS,Interdisciplinary Science Bldg,Interdisciplinary Science Building,410,Tue,15:00,15:50,3,48.733581222370745,-122.48748594728482,main_campus,matched,
202620,Spring 2026,MSCI 410 02,22353,Laboratory Techniques in Materials Science,IS,Interdisciplinary Science Bldg,Interdisciplinary Science Building,242,TueFri,14:00,14:50,10,48.733581222370745,-122.48748594728482,main_campus,matched,
202620,Spring 2026,BIOL 324 0,23610,Methods in Molecular Biology w/lab,IS,Interdisciplinary Science Bldg,Interdisciplinary Science Building,420,TueThu,10:00,12:50,16,48.733581222370745,-122.48748594728482,main_campus,matched,
202620,Spring 2026,ECON 410 0,22916,Benefit-Cost Analysis,IS,Interdisciplinary Science Bldg,Interdisciplinary Science Building,310,TueThu,10:00,11:50,23,48.733581222370745,-122.48748594728482,main_campus,matched,
202620,Spring 2026,MACS 418 0,23348,Paleoceanography,IS,Interdisciplinary Science Bldg,Interdisciplinary Science Building,410,TueThu,10:00,11:50,19,48.733581222370745,-122.48748594728482,main_campus,matched,
202620,Spring 2026,SOC 385 01,22748,Homelessness &amp; Housing Policy,IS,Interdisciplinary Science Bldg,Interdisciplinary Science Building,242,TueThu,10:00,11:50,16,48.733581222370745,-122.48748594728482,main_campus,matched,
202620,Spring 2026,JOUR 480 0,20604,Senior Seminar,IS,Interdisciplinary Science Bldg,Interdisciplinary Science Building,244,TueThu,12:00,13:50,16,48.733581222370745,-122.48748594728482,main_campus,matched,
202620,Spring 2026,MKTG 473 S25,22243,Innovation,IS,Interdisciplinary Science Bldg,Interdisciplinary Science Building,310,TueThu,12:00,13:50,33,48.733581222370745,-122.48748594728482,main_campus,matched,
202620,Spring 2026,ESCI 494 01,21701,Marine Conservation,IS,Interdisciplinary Science Bldg,Interdisciplinary Science Building,310,TueThu,14:00,15:15,17,48.733581222370745,-122.48748594728482,main_campus,matched,
202620,Spring 2026,MGMT 319 0,22334,Communication Skills for Managers,IS,Interdisciplinary Science Bldg,Interdisciplinary Science Building,244,TueThu,14:00,15:50,25,48.733581222370745,-122.48748594728482,main_campus,matched,
202620,Spring 2026,ANTH 457 0,23869,The Anthropology of Death and Dying,IS,Interdisciplinary Science Bldg,Interdisciplinary Science Building,242,TueThu,15:00,17:20,15,48.733581222370745,-122.48748594728482,main_campus,matched,
202620,Spring 2026,CHEM 163 C38,21355,General Chemistry III,IS,Interdisciplinary Science Bldg,Interdisciplinary Science Building,440,Wed,08:00,10:50,31,48.733581222370745,-122.48748594728482,main_campus,matched,
202620,Spring 2026,CHEM 436 CO,22655,Instrumental Analysis Lab,IS,Interdisciplinary Science Bldg,Interdisciplinary Science Building,244,Wed,09:00,09:50,7,48.733581222370745,-122.48748594728482,main_campus,matched,
202620,Spring 2026,CHEM 536 CO,22656,Instrumental Analysis Laboratory,IS,Interdisciplinary Science Bldg,Interdisciplinary Science Building,244,Wed,09:00,09:50,0,48.733581222370745,-122.48748594728482,main_campus,matched,
202620,Spring 2026,BIOL 101 0,21041,Introduction to Biology w/lab,IS,Interdisciplinary Science Bldg,Interdisciplinary Science Building,230,Wed,10:00,11:50,24,48.733581222370745,-122.48748594728482,main_campus,matched,
202620,Spring 2026,BIOL 101 0,21047,Introduction to Biology w/lab,IS,Interdisciplinary Science Bldg,Interdisciplinary Science Building,220,Wed,10:00,11:50,22,48.733581222370745,-122.48748594728482,main_campus,matched,
202620,Spring 2026,BIOL 101 0,21042,Introduction to Biology w/lab,IS,Interdisciplinary Science Bldg,Interdisciplinary Science Building,230,Wed,12:00,13:50,23,48.733581222370745,-122.48748594728482,main_campus,matched,
202620,Spring 2026,BIOL 101 0,21594,Introduction to Biology w/lab,IS,Interdisciplinary Science Bldg,Interdisciplinary Science Building,220,Wed,12:00,13:50,22,48.733581222370745,-122.48748594728482,main_campus,matched,
202620,Spring 2026,BIOL 101 0,21043,Introduction to Biology w/lab,IS,Interdisciplinary Science Bldg,Interdisciplinary Science Building,230,Wed,14:00,15:50,23,48.733581222370745,-122.48748594728482,main_campus,matched,
202620,Spring 2026,BIOL 101 0,22003,Introduction to Biology w/lab,IS,Interdisciplinary Science Bldg,Interdisciplinary Science Building,220,Wed,14:00,15:50,24,48.733581222370745,-122.48748594728482,main_campus,matched,
202620,Spring 2026,CHEM 163 C33,21350,General Chemistry III,IS,Interdisciplinary Science Bldg,Interdisciplinary Science Building,440,Wed,14:00,16:50,32,48.733581222370745,-122.48748594728482,main_campus,matched,
202620,Spring 2026,CHEM 162 C21,21338,General Chemistry II,IS,Interdisciplinary Science Bldg,Interdisciplinary Science Building,330,Wed,15:00,16:50,24,48.733581222370745,-122.48748594728482,main_campus,matched,
202620,Spring 2026,CHEM 162 C25,21342,General Chemistry II,IS,Interdisciplinary Science Bldg,Interdisciplinary Science Building,340,Wed,15:00,16:50,23,48.733581222370745,-122.48748594728482,main_campus,matched,
202620,Spring 2026,CHEM 465 C68,22684,Physical/Inorganic Chemistry Laboratory II,IS,Interdisciplinary Science Bldg,Interdisciplinary Science Building,244,Wed,15:00,15:50,12,48.733581222370745,-122.48748594728482,main_campus,matched,
202620,Spring 2026,CHEM 162 C22,21339,General Chemistry II,IS,Interdisciplinary Science Bldg,Interdisciplinary Science Building,330,Wed,17:00,18:50,21,48.733581222370745,-122.48748594728482,main_campus,matched,
202620,Spring 2026,CHEM 162 C26,21343,General Chemistry II,IS,Interdisciplinary Science Bldg,Interdisciplinary Science Building,340,Wed,17:00,18:50,23,48.733581222370745,-122.48748594728482,main_campus,matched,
202620,Spring 2026,CHEM 163 C40,21357,General Chemistry III,IS,Interdisciplinary Science Bldg,Interdisciplinary Science Building,440,Wed,17:00,19:50,31,48.733581222370745,-122.48748594728482,main_campus,matched,
202620,Spring 2026,BIOL 324 0,23609,Methods in Molecular Biology w/lab,IS,Interdisciplinary Science Bldg,Interdisciplinary Science Building,420,WedFri,14:00,16:50,16,48.733581222370745,-122.48748594728482,main_campus,matched,
202620,Spring 2026,ENGR 352 0,22078,Introduction to Automation and Control,KB,Kaiser Borsari Hall,Kaiser Borsari,211,Fri,10:00,11:50,33,48.732440371233835,-122.48482879265816,main_campus,matched,
202620,Spring 2026,EECE 444 0,23863,Embedded Systems,KB,Kaiser Borsari Hall,Kaiser Borsari,209,Fri,11:00,12:50,17,48.732440371233835,-122.48482879265816,main_campus,matched,
202620,Spring 2026,EECE 401 0,22071,Capstone Project Introduction,KB,Kaiser Borsari Hall,Kaiser Borsari,303,Fri,15:00,15:50,50,48.732440371233835,-122.48482879265816,main_campus,matched,
202620,Spring 2026,EECE 433 0,23333,Digital Signal Processing,KB,Kaiser Borsari Hall,Kaiser Borsari,209,Mon,11:00,12:50,12,48.732440371233835,-122.48482879265816,main_campus,matched,
202620,Spring 2026,CSCI 497E 0,23888,"AI for STEM - Hype, Reality, and Promise",KB,Kaiser Borsari Hall,Kaiser Borsari,311,MonTueWedFri,11:00,11:50,18,48.732440371233835,-122.48482879265816,main_campus,matched,
202620,Spring 2026,CSCI 597E 0,23889,"AI for STEM - Hype, Reality, and Promise",KB,Kaiser Borsari Hall,Kaiser Borsari,311,MonTueWedFri,11:00,11:50,13,48.732440371233835,-122.48482879265816,main_campus,matched,
202620,Spring 2026,CISS 346 0,23226,Secure Software Development,KB,Kaiser Borsari Hall,Kaiser Borsari,307,MonTueWedFri,14:00,14:50,32,48.732440371233835,-122.48482879265816,main_campus,matched,
202620,Spring 2026,CSCI 305 0,22858,Analysis of Algorithms and Data Structures I,KB,Kaiser Borsari Hall,Kaiser Borsari,307,MonTueWedFri,15:00,15:50,30,48.732440371233835,-122.48482879265816,main_campus,matched,
202620,Spring 2026,CSCI 342 0,23233,Web Programming,KB,Kaiser Borsari Hall,Kaiser Borsari,311,MonTueWedFri,16:00,16:50,30,48.732440371233835,-122.48482879265816,main_campus,matched,
202620,Spring 2026,EECE 503 0,23334,Data-Driven Engineering,KB,Kaiser Borsari Hall,Kaiser Borsari,213,MonWed,16:30,18:20,9,48.732440371233835,-122.48482879265816,main_campus,matched,
202620,Spring 2026,EECE 344 0,23070,Embedded Microcontrollers II,KB,Kaiser Borsari Hall,Kaiser Borsari,303,MonWedFri,09:00,09:50,29,48.732440371233835,-122.48482879265816,main_campus,matched,
202620,Spring 2026,EECE 344 02,23071,Embedded Microcontrollers II,KB,Kaiser Borsari Hall,Kaiser Borsari,303,MonWedFri,09:00,09:50,31,48.732440371233835,-122.48482879265816,main_campus,matched,
202620,Spring 2026,EECE 433 0,23333,Digital Signal Processing,KB,Kaiser Borsari Hall,Kaiser Borsari,213,MonWedFri,09:00,09:50,12,48.732440371233835,-122.48482879265816,main_campus,matched,
202620,Spring 2026,EECE 321 0,22630,Electronic Systems,KB,Kaiser Borsari Hall,Kaiser Borsari,213,MonWedFri,10:00,10:50,28,48.732440371233835,-122.48482879265816,main_campus,matched,
202620,Spring 2026,EECE 321 0,22631,Electronic Systems,KB,Kaiser Borsari Hall,Kaiser Borsari,213,MonWedFri,10:00,10:50,3,48.732440371233835,-122.48482879265816,main_campus,matched,
202620,Spring 2026,CSCI 172 0,23230,Introduction to Robotics,KB,Kaiser Borsari Hall,Kaiser Borsari,311,MonWedFri,13:00,13:50,24,48.732440371233835,-122.48482879265816,main_campus,matched,
202620,Spring 2026,EECE 385 0,22327,Cyber-Physical Systems,KB,Kaiser Borsari Hall,Kaiser Borsari,213,MonWedFri,13:00,13:50,17,48.732440371233835,-122.48482879265816,main_campus,matched,
202620,Spring 2026,DATA 311 0,23237,Fundamentals of Data Science,KB,Kaiser Borsari Hall,Kaiser Borsari,311,MonWedFri,14:00,14:50,9,48.732440371233835,-122.48482879265816,main_campus,matched,
202620,Spring 2026,DATA 311 0,23238,Fundamentals of Data Science,KB,Kaiser Borsari Hall,Kaiser Borsari,311,MonWedFri,14:00,14:50,4,48.732440371233835,-122.48482879265816,main_campus,matched,
202620,Spring 2026,EECE 444 0,23862,Embedded Systems,KB,Kaiser Borsari Hall,Kaiser Borsari,303,MonWedFri,14:00,14:50,30,48.732440371233835,-122.48482879265816,main_campus,matched,
202620,Spring 2026,EECE 444 0,23863,Embedded Systems,KB,Kaiser Borsari Hall,Kaiser Borsari,303,MonWedFri,14:00,14:50,17,48.732440371233835,-122.48482879265816,main_campus,matched,
202620,Spring 2026,EECE 344 0,23070,Embedded Microcontrollers II,KB,Kaiser Borsari Hall,Kaiser Borsari,211,Thu,09:00,10:50,29,48.732440371233835,-122.48482879265816,main_campus,matched,
202620,Spring 2026,EECE 374 0,22633,Power Electronics,KB,Kaiser Borsari Hall,Kaiser Borsari,103,Thu,10:00,11:50,5,48.732440371233835,-122.48482879265816,main_campus,matched,
202620,Spring 2026,EECE 385 0,22327,Cyber-Physical Systems,KB,Kaiser Borsari Hall,Kaiser Borsari,209,Thu,10:00,11:50,17,48.732440371233835,-122.48482879265816,main_campus,matched,
202620,Spring 2026,ENRG 374 0,23426,Power Electronics,KB,Kaiser Borsari Hall,Kaiser Borsari,103,Thu,10:00,11:50,0,48.732440371233835,-122.48482879265816,main_campus,matched,
202620,Spring 2026,EECE 111 0,21681,Circuit Analysis I,KB,Kaiser Borsari Hall,Kaiser Borsari,303,Thu,13:00,14:50,38,48.732440371233835,-122.48482879265816,main_campus,matched,
202620,Spring 2026,EECE 497A 0,23969,Professional Engineering Licensure,KB,Kaiser Borsari Hall,Kaiser Borsari,213,Thu,16:30,18:20,24,48.732440371233835,-122.48482879265816,main_campus,matched,
202620,Spring 2026,EECE 344 02,23071,Embedded Microcontrollers II,KB,Kaiser Borsari Hall,Kaiser Borsari,211,Tue,09:00,10:50,31,48.732440371233835,-122.48482879265816,main_campus,matched,
202620,Spring 2026,EECE 321 0,22630,Electronic Systems,KB,Kaiser Borsari Hall,Kaiser Borsari,209,Tue,10:00,11:50,28,48.732440371233835,-122.48482879265816,main_campus,matched,
202620,Spring 2026,EECE 321 0,22631,Electronic Systems,KB,Kaiser Borsari Hall,Kaiser Borsari,209,Tue,10:00,11:50,3,48.732440371233835,-122.48482879265816,main_campus,matched,
202620,Spring 2026,EECE 374 0,22632,Power Electronics,KB,Kaiser Borsari Hall,Kaiser Borsari,103,Tue,10:00,11:50,10,48.732440371233835,-122.48482879265816,main_campus,matched,
202620,Spring 2026,EECE 111 0,21682,Circuit Analysis I,KB,Kaiser Borsari Hall,Kaiser Borsari,303,Tue,15:00,16:50,23,48.732440371233835,-122.48482879265816,main_campus,matched,
202620,Spring 2026,EECE 346 0,22324,Probability and Statistics for Electrical and Computer Engineering,KB,Kaiser Borsari Hall,Kaiser Borsari,303,TueThu,11:00,12:50,54,48.732440371233835,-122.48482879265816,main_campus,matched,
202620,Spring 2026,EECE 374 0,22632,Power Electronics,KB,Kaiser Borsari Hall,Kaiser Borsari,213,TueThu,12:30,13:50,10,48.732440371233835,-122.48482879265816,main_campus,matched,
202620,Spring 2026,EECE 374 0,22633,Power Electronics,KB,Kaiser Borsari Hall,Kaiser Borsari,213,TueThu,12:30,13:50,5,48.732440371233835,-122.48482879265816,main_campus,matched,
202620,Spring 2026,ENRG 374 0,23426,Power Electronics,KB,Kaiser Borsari Hall,Kaiser Borsari,213,TueThu,12:30,13:50,0,48.732440371233835,-122.48482879265816,main_campus,matched,
202620,Spring 2026,EECE 404 0,22329,Capstone Project IV,KB,Kaiser Borsari Hall,Kaiser Borsari,103,TueThu,15:00,16:20,13,48.732440371233835,-122.48482879265816,main_campus,matched,
202620,Spring 2026,EECE 404 0,22331,Capstone Project IV,KB,Kaiser Borsari Hall,Kaiser Borsari,205,TueThu,15:00,16:20,16,48.732440371233835,-122.48482879265816,main_campus,matched,
202620,Spring 2026,EECE 404 0,22634,Capstone Project IV,KB,Kaiser Borsari Hall,Kaiser Borsari,203,TueThu,15:00,16:20,17,48.732440371233835,-122.48482879265816,main_campus,matched,
202620,Spring 2026,EECE 444 0,23862,Embedded Systems,KB,Kaiser Borsari Hall,Kaiser Borsari,209,Wed,11:00,12:50,30,48.732440371233835,-122.48482879265816,main_campus,matched,
202620,Spring 2026,EECE 310 0,21684,Continuous Systems,KB,Kaiser Borsari Hall,Kaiser Borsari,303,WedFri,10:00,11:50,53,48.732440371233835,-122.48482879265816,main_campus,matched,
202620,Spring 2026,I T 344 2,20390,Foundations of Technology in Teaching and Learning,MH,Miller Hall,Miller Hall,103,Mon,08:00,08:50,13,48.73645701682739,-122.4847315527236,main_campus,matched,
202620,Spring 2026,I T 442 2,20395,Digital Decisions: Technology for Educators,MH,Miller Hall,Miller Hall,035,Mon,08:30,09:50,10,48.73645701682739,-122.4847315527236,main_campus,matched,
202620,Spring 2026,I T 442 1,20394,Digital Decisions: Technology for Educators,MH,Miller Hall,Miller Hall,035,Mon,12:00,13:20,11,48.73645701682739,-122.4847315527236,main_campus,matched,
202620,Spring 2026,ASLC 101 0,22384,Elementary ASL/Culture II,MH,Miller Hall,Miller Hall,152,Mon,13:00,15:20,37,48.73645701682739,-122.4847315527236,main_campus,matched,
202620,Spring 2026,ASLC 102 0,22687,Elementary ASL II,MH,Miller Hall,Miller Hall,113,Mon,16:30,18:50,15,48.73645701682739,-122.4847315527236,main_campus,matched,
202620,Spring 2026,SPED 462 0,21269,"Teaching for Learning, Motivation, and Achievement in a Diverse Society",MH,Miller Hall,Miller Hall,231,Mon,16:30,20:20,28,48.73645701682739,-122.4847315527236,main_campus,matched,
202620,Spring 2026,MLE 442 0,22197,"Language, Culture, and Equity in the Classroom",MH,Miller Hall,Miller Hall,239,Mon,17:00,19:50,14,48.73645701682739,-122.4847315527236,main_campus,matched,
202620,Spring 2026,SPED 463 0,22455,Curriculum-Based Evaluation: Data-Based Assessment for Effective Decision Making,MH,Miller Hall,Miller Hall,112,Mon,17:00,20:50,22,48.73645701682739,-122.4847315527236,main_campus,matched,
202620,Spring 2026,ENG 101 0,20039,Writing Your Way Through WWU,MH,Miller Hall,Miller Hall,015,MonFri,08:30,09:50,15,48.73645701682739,-122.4847315527236,main_campus,matched,
202620,Spring 2026,ENG 101 0,20189,Writing Your Way Through WWU,MH,Miller Hall,Miller Hall,015,MonFri,10:00,11:20,20,48.73645701682739,-122.4847315527236,main_campus,matched,
202620,Spring 2026,ENG 101 0,20287,Writing Your Way Through WWU,MH,Miller Hall,Miller Hall,015,MonFri,11:30,12:50,22,48.73645701682739,-122.4847315527236,main_campus,matched,
202620,Spring 2026,ENG 101 0,21205,Writing Your Way Through WWU,MH,Miller Hall,Miller Hall,015,MonFri,13:00,14:20,12,48.73645701682739,-122.4847315527236,main_campus,matched,
202620,Spring 2026,MLE 445 0,22201,"Methods for Teaching Developing, Expanding, and Bridging Multilingual Learners",MH,Miller Hall,Miller Hall,105,MonFri,13:30,15:20,13,48.73645701682739,-122.4847315527236,main_campus,matched,
202620,Spring 2026,ENG 101 0,22475,Writing Your Way Through WWU,MH,Miller Hall,Miller Hall,015,MonFri,14:30,15:50,4,48.73645701682739,-122.4847315527236,main_campus,matched,
202620,Spring 2026,MATH 341 0,20203,Probability and Statistical Inference,MH,Miller Hall,Miller Hall,105,MonTueThuFri,10:00,10:50,32,48.73645701682739,-122.4847315527236,main_campus,matched,
202620,Spring 2026,MATH 226 0,20030,Limits and Infinite Series,MH,Miller Hall,Miller Hall,105,MonTueThuFri,11:00,11:50,22,48.73645701682739,-122.4847315527236,main_campus,matched,
202620,Spring 2026,MATH 343 0,21157,Statistical Methods II,MH,Miller Hall,Miller Hall,103,MonTueThuFri,11:00,11:50,22,48.73645701682739,-122.4847315527236,main_campus,matched,
202620,Spring 2026,MATH 226 0,20635,Limits and Infinite Series,MH,Miller Hall,Miller Hall,113,MonTueThuFri,12:00,12:50,25,48.73645701682739,-122.4847315527236,main_campus,matched,
202620,Spring 2026,MATH 341 0,20877,Probability and Statistical Inference,MH,Miller Hall,Miller Hall,105,MonTueThuFri,12:00,12:50,31,48.73645701682739,-122.4847315527236,main_campus,matched,
202620,Spring 2026,SPED 489 0,21272,Practicum IV - Interventions,MH,Miller Hall,Miller Hall,OFC,MonTueWedThu,08:00,11:50,8,48.73645701682739,-122.4847315527236,main_campus,matched,
202620,Spring 2026,TEOP 494 0,22391,Inclusive Environments Student Teaching,MH,Miller Hall,Miller Hall,OFC,MonTueWedThuFri,08:00,12:00,7,48.73645701682739,-122.4847315527236,main_campus,matched,
202620,Spring 2026,MATH 125 0,20021,Calculus and Analytic Geometry II,MH,Miller Hall,Miller Hall,103,MonTueWedThuFri,10:00,10:50,30,48.73645701682739,-122.4847315527236,main_campus,matched,
202620,Spring 2026,MATH 115 0,20014,Precalculus II,MH,Miller Hall,Miller Hall,131,MonTueWedThuFri,12:00,12:50,30,48.73645701682739,-122.4847315527236,main_campus,matched,
202620,Spring 2026,MATH 114 0,20906,Precalculus I,MH,Miller Hall,Miller Hall,231,MonTueWedThuFri,13:00,13:50,29,48.73645701682739,-122.4847315527236,main_campus,matched,
202620,Spring 2026,SPED 480 0,20517,"Practicum III - Individual/Group Intervention, Reading",MH,Miller Hall,Miller Hall,OFC,MonTueWedThuFri,13:00,15:50,19,48.73645701682739,-122.4847315527236,main_campus,matched,
202620,Spring 2026,SPED 363 0,23905,Secondary Students With Special Needs,MH,Miller Hall,Miller Hall,113,MonWed,08:00,09:50,18,48.73645701682739,-122.4847315527236,main_campus,matched,
202620,Spring 2026,SPED 364 0,21728,Teaching Each Student,MH,Miller Hall,Miller Hall,005,MonWed,08:00,09:50,19,48.73645701682739,-122.4847315527236,main_campus,matched,
202620,Spring 2026,ENG 101 0,20042,Writing Your Way Through WWU,MH,Miller Hall,Miller Hall,017,MonWed,08:30,09:50,10,48.73645701682739,-122.4847315527236,main_campus,matched,
202620,Spring 2026,ELED 460 0,21768,Children&#39;s Literature in the Classroom,MH,Miller Hall,Miller Hall,039,MonWed,10:00,12:20,20,48.73645701682739,-122.4847315527236,main_campus,matched,
202620,Spring 2026,ENG 101 0,20046,Writing Your Way Through WWU,MH,Miller Hall,Miller Hall,017,MonWed,10:00,11:20,20,48.73645701682739,-122.4847315527236,main_campus,matched,
202620,Spring 2026,HLED 449 0,21980,Ecology of Infectious Disease,MH,Miller Hall,Miller Hall,152,MonWed,10:00,11:50,20,48.73645701682739,-122.4847315527236,main_campus,matched,
202620,Spring 2026,HSP 406 H1,20382,Inequity in Global Policy and Institutions: Implications for Human Services Professionals,MH,Miller Hall,Miller Hall,114,MonWed,10:00,11:50,18,48.73645701682739,-122.4847315527236,main_campus,matched,
202620,Spring 2026,MGMT 414 0,20284,Leadership Practicum,MH,Miller Hall,Miller Hall,235,MonWed,10:00,11:50,26,48.73645701682739,-122.4847315527236,main_campus,matched,
202620,Spring 2026,RECR 399 0,23640,Nature Connectedness: Exploring the Positive Impact of Nature on Well-Being,MH,Miller Hall,Miller Hall,038,MonWed,10:00,11:50,49,48.73645701682739,-122.4847315527236,main_campus,matched,
202620,Spring 2026,SPED 310 0,20898,"Education, Culture, and Equity",MH,Miller Hall,Miller Hall,112,MonWed,10:00,11:50,9,48.73645701682739,-122.4847315527236,main_campus,matched,
202620,Spring 2026,SPED 310 1,22127,"Education, Culture, and Equity",MH,Miller Hall,Miller Hall,112,MonWed,10:00,11:50,18,48.73645701682739,-122.4847315527236,main_campus,matched,
202620,Spring 2026,SPED 363 0,22065,Secondary Students With Special Needs,MH,Miller Hall,Miller Hall,113,MonWed,10:00,11:50,25,48.73645701682739,-122.4847315527236,main_campus,matched,
202620,Spring 2026,ENG 101 0,20372,Writing Your Way Through WWU,MH,Miller Hall,Miller Hall,017,MonWed,11:30,12:50,22,48.73645701682739,-122.4847315527236,main_campus,matched,
202620,Spring 2026,ESCI 459 01,20423,Aquatic Toxicology,MH,Miller Hall,Miller Hall,235,MonWed,12:00,13:20,38,48.73645701682739,-122.4847315527236,main_campus,matched,
202620,Spring 2026,ESCI 559 0,22496,Aquatic Toxicology,MH,Miller Hall,Miller Hall,235,MonWed,12:00,13:20,0,48.73645701682739,-122.4847315527236,main_campus,matched,
202620,Spring 2026,ENG 101 0,20616,Writing Your Way Through WWU,MH,Miller Hall,Miller Hall,017,MonWed,13:00,14:20,18,48.73645701682739,-122.4847315527236,main_campus,matched,
202620,Spring 2026,ELED 424 0,21121,Language Arts in the Elementary Curriculum,MH,Miller Hall,Miller Hall,115,MonWed,14:00,15:50,7,48.73645701682739,-122.4847315527236,main_campus,matched,
202620,Spring 2026,ESJ 411 0,22261,Education and Social Justice,MH,Miller Hall,Miller Hall,235,MonWed,14:00,15:50,18,48.73645701682739,-122.4847315527236,main_campus,matched,
202620,Spring 2026,HSP 325 H02,22863, Introduction to Interviewing and Interventions in Human Services,MH,Miller Hall,Miller Hall,005,MonWed,14:00,15:50,20,48.73645701682739,-122.4847315527236,main_campus,matched,
202620,Spring 2026,I T 443 1,20396,Digital Decisions: Technology for Educators,MH,Miller Hall,Miller Hall,035,MonWed,14:00,15:20,12,48.73645701682739,-122.4847315527236,main_campus,matched,
202620,Spring 2026,OPS 455 0,22437,"Environmental, Social and Governance Strategies for Operations and Supply Chain Management",MH,Miller Hall,Miller Hall,231,MonWed,14:00,15:50,12,48.73645701682739,-122.4847315527236,main_campus,matched,
202620,Spring 2026,SPED 460 325,20074,Creating an Inclusive Classroom,MH,Miller Hall,Miller Hall,038,MonWed,14:00,15:50,29,48.73645701682739,-122.4847315527236,main_campus,matched,
202620,Spring 2026,SPED 488 0,21271,Math Instruction and Interventions,MH,Miller Hall,Miller Hall,112,MonWed,14:00,15:50,9,48.73645701682739,-122.4847315527236,main_campus,matched,
202620,Spring 2026,ENG 101 0,23358,Writing Your Way Through WWU,MH,Miller Hall,Miller Hall,017,MonWed,14:30,15:50,16,48.73645701682739,-122.4847315527236,main_campus,matched,
202620,Spring 2026,ESJ 416 0,23864,Advanced Topics in Social Justice Education: Critical Race Theory in Education,MH,Miller Hall,Miller Hall,239,MonWed,15:00,16:50,6,48.73645701682739,-122.4847315527236,main_campus,matched,
202620,Spring 2026,GERM 450 0,22544,Holocaust Representations,MH,Miller Hall,Miller Hall,131,MonWed,15:00,17:10,12,48.73645701682739,-122.4847315527236,main_campus,matched,
202620,Spring 2026,AECI 303 01,21209,Conducting the Enterprise,MH,Miller Hall,Miller Hall,114,MonWed,16:00,17:50,16,48.73645701682739,-122.4847315527236,main_campus,matched,
202620,Spring 2026,ART 109 001,20224,Visual Dialogue,MH,Miller Hall,Miller Hall,138,MonWed,16:00,17:20,125,48.73645701682739,-122.4847315527236,main_campus,matched,
202620,Spring 2026,FREN 342 0,22528,Introduction &agrave; la litt&eacute;rature fran&ccedil;aise III,MH,Miller Hall,Miller Hall,123,MonWed,17:00,19:10,11,48.73645701682739,-122.4847315527236,main_campus,matched,
202620,Spring 2026,MLE 441 0,23048,"Language, Culture, and Equity: From Global to Local",MH,Miller Hall,Miller Hall,005,MonWed,17:00,19:20,21,48.73645701682739,-122.4847315527236,main_campus,matched,
202620,Spring 2026,ENG 319 0,21024,Survey in Literature &amp; Culture: The Long 18th Century,MH,Miller Hall,Miller Hall,235,MonWedFri,08:30,09:50,26,48.73645701682739,-122.4847315527236,main_campus,matched,
202620,Spring 2026,ETHN 201 0,23427,Introduction to Ethnic Studies,MH,Miller Hall,Miller Hall,131,MonWedFri,08:30,09:50,26,48.73645701682739,-122.4847315527236,main_campus,matched,
202620,Spring 2026,GREK 203 0,22607,Intermediate Greek,MH,Miller Hall,Miller Hall,123,MonWedFri,08:30,09:50,6,48.73645701682739,-122.4847315527236,main_campus,matched,
202620,Spring 2026,SPAN 103 0,22575,Elementary Spanish 3,MH,Miller Hall,Miller Hall,239,MonWedFri,08:30,09:50,17,48.73645701682739,-122.4847315527236,main_campus,matched,
202620,Spring 2026,SPAN 202 0,22578,Intermediate Spanish,MH,Miller Hall,Miller Hall,114,MonWedFri,08:30,09:50,4,48.73645701682739,-122.4847315527236,main_campus,matched,
202620,Spring 2026,SPAN 340 0,22589,Introduction to Hispanic Literature,MH,Miller Hall,Miller Hall,121,MonWedFri,08:30,09:50,7,48.73645701682739,-122.4847315527236,main_campus,matched,
202620,Spring 2026,ENG 202 0,20531,Writing About Literature,MH,Miller Hall,Miller Hall,115,MonWedFri,10:00,11:20,19,48.73645701682739,-122.4847315527236,main_campus,matched,
202620,Spring 2026,ENG 318 0,21755,Survey in Literature &amp; Culture: Early Modern,MH,Miller Hall,Miller Hall,139,MonWedFri,10:00,11:20,41,48.73645701682739,-122.4847315527236,main_campus,matched,
202620,Spring 2026,FREN 103 0,22523,Elementary French,MH,Miller Hall,Miller Hall,156,MonWedFri,10:00,11:20,14,48.73645701682739,-122.4847315527236,main_campus,matched,
202620,Spring 2026,FREN 104 0,22525,Review of Elementary French,MH,Miller Hall,Miller Hall,231,MonWedFri,10:00,11:20,13,48.73645701682739,-122.4847315527236,main_campus,matched,
202620,Spring 2026,GERM 103 0,22538,"Elementary German: Language, Communication &amp; Culture",MH,Miller Hall,Miller Hall,135,MonWedFri,10:00,11:20,8,48.73645701682739,-122.4847315527236,main_campus,matched,
202620,Spring 2026,GERM 203 0,22540,"Intermediate German: Language, Communication &amp; Culture",MH,Miller Hall,Miller Hall,121,MonWedFri,10:00,11:20,17,48.73645701682739,-122.4847315527236,main_campus,matched,
202620,Spring 2026,HNRS 217 0,22012,Colloquium in Linguistics,MH,Miller Hall,Miller Hall,011,MonWedFri,10:00,11:20,18,48.73645701682739,-122.4847315527236,main_campus,matched,
202620,Spring 2026,JAPN 203 0,22570,Second-Year Japanese,MH,Miller Hall,Miller Hall,022,MonWedFri,10:00,11:20,16,48.73645701682739,-122.4847315527236,main_campus,matched,
202620,Spring 2026,LAT 103 0,22611,Elementary Latin,MH,Miller Hall,Miller Hall,005,MonWedFri,10:00,11:20,14,48.73645701682739,-122.4847315527236,main_campus,matched,
202620,Spring 2026,SOC 268 01,22922,Gender and Society,MH,Miller Hall,Miller Hall,138,MonWedFri,10:00,11:20,50,48.73645701682739,-122.4847315527236,main_campus,matched,
202620,Spring 2026,SOC 268 FR,23785,Gender and Society,MH,Miller Hall,Miller Hall,138,MonWedFri,10:00,11:20,49,48.73645701682739,-122.4847315527236,main_campus,matched,
202620,Spring 2026,SOC 268 SO,23784,Gender and Society,MH,Miller Hall,Miller Hall,138,MonWedFri,10:00,11:20,28,48.73645701682739,-122.4847315527236,main_campus,matched,
202620,Spring 2026,SPAN 103 0,22576,Elementary Spanish 3,MH,Miller Hall,Miller Hall,239,MonWedFri,10:00,11:20,16,48.73645701682739,-122.4847315527236,main_campus,matched,
202620,Spring 2026,SPAN 104 0,22577,Review of Elementary Spanish,MH,Miller Hall,Miller Hall,056,MonWedFri,10:00,11:20,13,48.73645701682739,-122.4847315527236,main_campus,matched,
202620,Spring 2026,SPAN 202 0,22579,Intermediate Spanish,MH,Miller Hall,Miller Hall,123,MonWedFri,10:00,11:20,23,48.73645701682739,-122.4847315527236,main_campus,matched,
202620,Spring 2026,SPAN 450 0,22593,Studies in Hispanic Literature,MH,Miller Hall,Miller Hall,154,MonWedFri,10:00,11:20,25,48.73645701682739,-122.4847315527236,main_campus,matched,
202620,Spring 2026,CHIN 103 0,22532,First-Year Chinese,MH,Miller Hall,Miller Hall,115,MonWedFri,11:30,12:50,17,48.73645701682739,-122.4847315527236,main_campus,matched,
202620,Spring 2026,ENG 331 0,23352,Studies in Gender Theory,MH,Miller Hall,Miller Hall,005,MonWedFri,11:30,12:50,10,48.73645701682739,-122.4847315527236,main_campus,matched,
202620,Spring 2026,FREN 203 0,22526,Intermediate French,MH,Miller Hall,Miller Hall,231,MonWedFri,11:30,12:50,11,48.73645701682739,-122.4847315527236,main_campus,matched,
202620,Spring 2026,FREN 397E 0,23899,Cultures and Societies of the Francophone Caribbean,MH,Miller Hall,Miller Hall,022,MonWedFri,11:30,12:50,4,48.73645701682739,-122.4847315527236,main_campus,matched,
202620,Spring 2026,GERM 306 0,23190,Drama-Based Language Learning,MH,Miller Hall,Miller Hall,154,MonWedFri,11:30,12:50,8,48.73645701682739,-122.4847315527236,main_campus,matched,
202620,Spring 2026,GREK 103 0,22606,Elementary Greek,MH,Miller Hall,Miller Hall,056,MonWedFri,11:30,12:50,11,48.73645701682739,-122.4847315527236,main_campus,matched,
202620,Spring 2026,HNRS 220 0,23332,Colloquium in Global Humanities,MH,Miller Hall,Miller Hall,011,MonWedFri,11:30,12:50,8,48.73645701682739,-122.4847315527236,main_campus,matched,
202620,Spring 2026,HUMA 121 0,22117,Ancient Mediterranean,MH,Miller Hall,Miller Hall,139,MonWedFri,11:30,12:50,41,48.73645701682739,-122.4847315527236,main_campus,matched,
202620,Spring 2026,LING 310 0,20931,Introduction to Linguistic Analysis,MH,Miller Hall,Miller Hall,156,MonWedFri,11:30,12:50,28,48.73645701682739,-122.4847315527236,main_campus,matched,
202620,Spring 2026,LING 312 0,22293,Phonology,MH,Miller Hall,Miller Hall,021,MonWedFri,11:30,12:50,16,48.73645701682739,-122.4847315527236,main_campus,matched,
202620,Spring 2026,RUSS 203 0,23192,Intermediate Russian III,MH,Miller Hall,Miller Hall,135,MonWedFri,11:30,12:50,15,48.73645701682739,-122.4847315527236,main_campus,matched,
202620,Spring 2026,SPAN 203 0,22581,Intermediate Spanish,MH,Miller Hall,Miller Hall,123,MonWedFri,11:30,12:50,3,48.73645701682739,-122.4847315527236,main_campus,matched,
202620,Spring 2026,SPAN 302 0,22583,Grammar Review and Composition,MH,Miller Hall,Miller Hall,121,MonWedFri,11:30,12:50,5,48.73645701682739,-122.4847315527236,main_campus,matched,
202620,Spring 2026,WGSS 211 1,21112,"Introduction to Women, Gender, &amp; Sexuality Studies",MH,Miller Hall,Miller Hall,239,MonWedFri,11:30,12:50,31,48.73645701682739,-122.4847315527236,main_campus,matched,
202620,Spring 2026,CHEM 486 0,23256,Computational Chemistry,MH,Miller Hall,Miller Hall,103,MonWedFri,12:00,12:50,15,48.73645701682739,-122.4847315527236,main_campus,matched,
202620,Spring 2026,CHEM 586 0,23257,Computational Chemistry,MH,Miller Hall,Miller Hall,103,MonWedFri,12:00,12:50,4,48.73645701682739,-122.4847315527236,main_campus,matched,
202620,Spring 2026,ANTH 102 0,22806,Introduction to Human Origins,MH,Miller Hall,Miller Hall,138,MonWedFri,13:00,14:20,123,48.73645701682739,-122.4847315527236,main_campus,matched,
202620,Spring 2026,ENG 202 0,20527,Writing About Literature,MH,Miller Hall,Miller Hall,039,MonWedFri,13:00,14:20,22,48.73645701682739,-122.4847315527236,main_campus,matched,
202620,Spring 2026,ENG 466 0,22173,Screenwriting,MH,Miller Hall,Miller Hall,139,MonWedFri,13:00,14:20,21,48.73645701682739,-122.4847315527236,main_campus,matched,
202620,Spring 2026,FREN 103 0,22524,Elementary French,MH,Miller Hall,Miller Hall,103,MonWedFri,13:00,14:20,10,48.73645701682739,-122.4847315527236,main_campus,matched,
202620,Spring 2026,GERM 103 0,22539,"Elementary German: Language, Communication &amp; Culture",MH,Miller Hall,Miller Hall,135,MonWedFri,13:00,14:20,19,48.73645701682739,-122.4847315527236,main_campus,matched,
202620,Spring 2026,GERM 203 0,22541,"Intermediate German: Language, Communication &amp; Culture",MH,Miller Hall,Miller Hall,131,MonWedFri,13:00,14:20,6,48.73645701682739,-122.4847315527236,main_campus,matched,
202620,Spring 2026,GERM 330 0,23191,Topics in German Culture,MH,Miller Hall,Miller Hall,123,MonWedFri,13:00,14:20,10,48.73645701682739,-122.4847315527236,main_campus,matched,
202620,Spring 2026,JAPN 103 0,22567,First-Year Japanese,MH,Miller Hall,Miller Hall,121,MonWedFri,13:00,14:20,20,48.73645701682739,-122.4847315527236,main_campus,matched,
202620,Spring 2026,JAPN 203 0,22569,Second-Year Japanese,MH,Miller Hall,Miller Hall,154,MonWedFri,13:00,14:20,8,48.73645701682739,-122.4847315527236,main_campus,matched,
202620,Spring 2026,JAPN 397D 0,24014,Premodern Japanese Literature - Ghosts of Premodern Japan,MH,Miller Hall,Miller Hall,022,MonWedFri,13:00,14:20,10,48.73645701682739,-122.4847315527236,main_campus,matched,
202620,Spring 2026,MATH 309 0,20958,Introduction to Proof in Discrete Mathematics,MH,Miller Hall,Miller Hall,113,MonWedFri,13:00,14:20,24,48.73645701682739,-122.4847315527236,main_campus,matched,
202620,Spring 2026,PHIL 420 01,23245,Ethical Theory II,MH,Miller Hall,Miller Hall,038,MonWedFri,13:00,13:50,31,48.73645701682739,-122.4847315527236,main_campus,matched,
202620,Spring 2026,SPAN 203 0,22580,Intermediate Spanish,MH,Miller Hall,Miller Hall,056,MonWedFri,13:00,14:20,16,48.73645701682739,-122.4847315527236,main_campus,matched,
202620,Spring 2026,SPAN 401 0,22591,Advanced Grammar and Composition,MH,Miller Hall,Miller Hall,114,MonWedFri,13:00,14:20,24,48.73645701682739,-122.4847315527236,main_campus,matched,
202620,Spring 2026,WGSS 213 0,23093,Intro to Sxlty &amp; Queer Studies,MH,Miller Hall,Miller Hall,239,MonWedFri,13:00,14:20,30,48.73645701682739,-122.4847315527236,main_campus,matched,
202620,Spring 2026,WGSS 335 0,23344,Queer Comix &amp; Graphic Novels,MH,Miller Hall,Miller Hall,156,MonWedFri,13:00,14:20,27,48.73645701682739,-122.4847315527236,main_campus,matched,
202620,Spring 2026,ARAB 203 0,22531,Intermediate Arabic,MH,Miller Hall,Miller Hall,013,MonWedFri,14:30,15:50,5,48.73645701682739,-122.4847315527236,main_campus,matched,
202620,Spring 2026,EAST 201 0,22366,Introduction to East Asian Civilizations,MH,Miller Hall,Miller Hall,139,MonWedFri,14:30,15:50,21,48.73645701682739,-122.4847315527236,main_campus,matched,
202620,Spring 2026,EAST 375 0,23574,Buddhism,MH,Miller Hall,Miller Hall,103,MonWedFri,14:30,15:50,13,48.73645701682739,-122.4847315527236,main_campus,matched,
202620,Spring 2026,ENG 367 0,22934,Equity and Representation in Film and Media,MH,Miller Hall,Miller Hall,039,MonWedFri,14:30,15:50,24,48.73645701682739,-122.4847315527236,main_campus,matched,
202620,Spring 2026,HIST 280 0,23013,Introduction to East Asian Civilizations,MH,Miller Hall,Miller Hall,139,MonWedFri,14:30,15:50,23,48.73645701682739,-122.4847315527236,main_campus,matched,
202620,Spring 2026,JAPN 303 0,22572,Third-Year Japanese,MH,Miller Hall,Miller Hall,121,MonWedFri,14:30,15:50,23,48.73645701682739,-122.4847315527236,main_campus,matched,
202620,Spring 2026,JAPN 450 0,22574,"Japanese Culture, History and Society",MH,Miller Hall,Miller Hall,154,MonWedFri,14:30,15:50,13,48.73645701682739,-122.4847315527236,main_campus,matched,
202620,Spring 2026,LING 321 0,23199,Morphology and Syntax,MH,Miller Hall,Miller Hall,113,MonWedFri,14:30,15:50,16,48.73645701682739,-122.4847315527236,main_campus,matched,
202620,Spring 2026,REL 375 0,23215,Buddhism,MH,Miller Hall,Miller Hall,103,MonWedFri,14:30,15:50,16,48.73645701682739,-122.4847315527236,main_campus,matched,
202620,Spring 2026,WGSS 314 0,23590,Gender Across Borders,MH,Miller Hall,Miller Hall,156,MonWedFri,14:30,15:50,7,48.73645701682739,-122.4847315527236,main_campus,matched,
202620,Spring 2026,SPED 440 230,20388,Practicum I - General Education,MH,Miller Hall,Miller Hall,OFC,Thu,08:00,16:30,26,48.73645701682739,-122.4847315527236,main_campus,matched,
202620,Spring 2026,LDST 101 0,22044,Introduction to Leadership Studies,MH,Miller Hall,Miller Hall,011,Thu,14:00,15:20,8,48.73645701682739,-122.4847315527236,main_campus,matched,
202620,Spring 2026,LING 305 0,22292,Experimental Methods in Language Sciences,MH,Miller Hall,Miller Hall,031,Thu,14:00,15:50,18,48.73645701682739,-122.4847315527236,main_campus,matched,
202620,Spring 2026,SMNR 201 SS2,22271,Financial Literacy 1,MH,Miller Hall,Miller Hall,156,Thu,14:00,15:50,9,48.73645701682739,-122.4847315527236,main_campus,matched,
202620,Spring 2026,DIAD 205 0,22686,"Disability, Diversity, and the Mass Media",MH,Miller Hall,Miller Hall,239,Thu,16:00,17:50,30,48.73645701682739,-122.4847315527236,main_campus,matched,
202620,Spring 2026,DRR 360 0,22888,Maestrxs Apprentice Seminar,MH,Miller Hall,Miller Hall,OFC,Thu,17:00,17:50,10,48.73645701682739,-122.4847315527236,main_campus,matched,
202620,Spring 2026,NURS 422 1,21202,Organizational Change for Quality and Safety in Healthcare,MH,Miller Hall,Miller Hall,156,Tue,08:30,11:50,15,48.73645701682739,-122.4847315527236,main_campus,matched,
202620,Spring 2026,ECE 436 1,20894,Child Guidance: Principles and Practices,MH,Miller Hall,Miller Hall,015,Tue,10:00,12:50,18,48.73645701682739,-122.4847315527236,main_campus,matched,
202620,Spring 2026,LDST 101 0,21375,Introduction to Leadership Studies,MH,Miller Hall,Miller Hall,011,Tue,12:00,13:20,7,48.73645701682739,-122.4847315527236,main_campus,matched,
202620,Spring 2026,LDST 201 0,23705,Introduction to Leading with Emotional and Social Intelligence,MH,Miller Hall,Miller Hall,039,Tue,12:00,13:50,29,48.73645701682739,-122.4847315527236,main_campus,matched,
202620,Spring 2026,NURS 432 1,21203,Community-Based Care for Vulnerable Populations,MH,Miller Hall,Miller Hall,156,Tue,13:00,16:20,14,48.73645701682739,-122.4847315527236,main_campus,matched,
202620,Spring 2026,LING 305 0,22292,Experimental Methods in Language Sciences,MH,Miller Hall,Miller Hall,011,Tue,14:00,15:50,18,48.73645701682739,-122.4847315527236,main_campus,matched,
202620,Spring 2026,SMNR 201 SS1,22207,Excursions to Creative Industr,MH,Miller Hall,Miller Hall,013,Tue,14:00,15:50,8,48.73645701682739,-122.4847315527236,main_campus,matched,
202620,Spring 2026,I T 544 0,23704,Instructional Technology and Education,MH,Miller Hall,Miller Hall,035,Tue,15:00,16:50,15,48.73645701682739,-122.4847315527236,main_campus,matched,
202620,Spring 2026,DIAD 205 0,22389,"Disability, Diversity, and the Mass Media",MH,Miller Hall,Miller Hall,239,Tue,16:00,17:50,28,48.73645701682739,-122.4847315527236,main_campus,matched,
202620,Spring 2026,I T 442 01,21227,Digital Decisions: Technology for Educators,MH,Miller Hall,Miller Hall,035,Tue,16:30,19:20,14,48.73645701682739,-122.4847315527236,main_campus,matched,
202620,Spring 2026,SEC 692 0,21655,Graduate Research Seminar I,MH,Miller Hall,Miller Hall,154,Tue,17:00,18:50,15,48.73645701682739,-122.4847315527236,main_campus,matched,
202620,Spring 2026,SPED 487 0,21270,Written Expression Instruction and Interventions,MH,Miller Hall,Miller Hall,131,Tue,17:00,20:50,8,48.73645701682739,-122.4847315527236,main_campus,matched,
202620,Spring 2026,SEC 693 0,21656,Graduate Research Seminar II,MH,Miller Hall,Miller Hall,235,Tue,18:00,19:50,14,48.73645701682739,-122.4847315527236,main_campus,matched,
202620,Spring 2026,ELED 480 1,21277,Literacy: Beginning Communicators,MH,Miller Hall,Miller Hall,035,TueThu,08:00,10:20,20,48.73645701682739,-122.4847315527236,main_campus,matched,
202620,Spring 2026,ENG 202 0,24012,Writing About Literature,MH,Miller Hall,Miller Hall,112,TueThu,08:00,09:50,23,48.73645701682739,-122.4847315527236,main_campus,matched,
202620,Spring 2026,ENG 307 0,21750,Seminar in Literature &amp; Culture: Medieval,MH,Miller Hall,Miller Hall,154,TueThu,08:00,09:50,19,48.73645701682739,-122.4847315527236,main_campus,matched,
202620,Spring 2026,LANG 420 0,23331,World Language Instruction: Theory and Method II,MH,Miller Hall,Miller Hall,123,TueThu,08:00,09:50,10,48.73645701682739,-122.4847315527236,main_campus,matched,
202620,Spring 2026,SEC 431 0,21586,Secondary School Methods II-Assessment and Long Term Planning,MH,Miller Hall,Miller Hall,239,TueThu,08:00,09:50,13,48.73645701682739,-122.4847315527236,main_campus,matched,
202620,Spring 2026,SEC 514 0,21762,Teaching and Learning in Secondary Schools I,MH,Miller Hall,Miller Hall,013,TueThu,08:00,09:50,13,48.73645701682739,-122.4847315527236,main_campus,matched,
202620,Spring 2026,SPAN 397A 0,23328,Topics in Hispanic Culture,MH,Miller Hall,Miller Hall,022,TueThu,08:00,10:10,9,48.73645701682739,-122.4847315527236,main_campus,matched,
202620,Spring 2026,SALI 201 0,21622,Introduction to the Salish Sea,MH,Miller Hall,Miller Hall,139,TueThu,09:00,10:50,38,48.73645701682739,-122.4847315527236,main_campus,matched,
202620,Spring 2026,A/HI 241 0,23266,Visual Culture in Western Europe and America in the 20th Century,MH,Miller Hall,Miller Hall,138,TueThu,10:00,11:20,142,48.73645701682739,-122.4847315527236,main_campus,matched,
202620,Spring 2026,C2C 203 0,21178,C2C-Mentoring&amp;Soc Just. w/lab,MH,Miller Hall,Miller Hall,005,TueThu,10:00,11:20,29,48.73645701682739,-122.4847315527236,main_campus,matched,
202620,Spring 2026,ENG 347 0,20294,Studies in Young Adult Literature,MH,Miller Hall,Miller Hall,039,TueThu,10:00,11:50,36,48.73645701682739,-122.4847315527236,main_campus,matched,
202620,Spring 2026,ENG 364 0,20357,Introduction to Film Studies,MH,Miller Hall,Miller Hall,135,TueThu,10:00,11:50,34,48.73645701682739,-122.4847315527236,main_campus,matched,
202620,Spring 2026,ETHN 201 0,22690,Introduction to Ethnic Studies,MH,Miller Hall,Miller Hall,131,TueThu,10:00,11:50,30,48.73645701682739,-122.4847315527236,main_campus,matched,
202620,Spring 2026,FAIR 370I 0,23585,Introduction to Pro Tools,MH,Miller Hall,Miller Hall,031,TueThu,10:00,11:50,12,48.73645701682739,-122.4847315527236,main_campus,matched,
202620,Spring 2026,GLBL 201 0,22853,Introduction to Global Studies,MH,Miller Hall,Miller Hall,239,TueThu,10:00,11:50,39,48.73645701682739,-122.4847315527236,main_campus,matched,
202620,Spring 2026,HIST 220 0,22620,Introduction to South Asian History,MH,Miller Hall,Miller Hall,152,TueThu,10:00,11:50,44,48.73645701682739,-122.4847315527236,main_campus,matched,
202620,Spring 2026,HIST 383 0,23397,Modern Iraq,MH,Miller Hall,Miller Hall,154,TueThu,10:00,11:50,28,48.73645701682739,-122.4847315527236,main_campus,matched,
202620,Spring 2026,HSP 410 H1,22379,Mental Health:  Individuals and Systems,MH,Miller Hall,Miller Hall,114,TueThu,10:00,11:50,24,48.73645701682739,-122.4847315527236,main_campus,matched,
202620,Spring 2026,HSP 454 H1,22865,Families in Poverty,MH,Miller Hall,Miller Hall,056,TueThu,10:00,11:50,23,48.73645701682739,-122.4847315527236,main_campus,matched,
202620,Spring 2026,LING 411 0,23595,Topics in Phonetics and Phonology,MH,Miller Hall,Miller Hall,017,TueThu,10:00,11:50,11,48.73645701682739,-122.4847315527236,main_campus,matched,
202620,Spring 2026,PHIL 350 01,23243,Political Philosophy,MH,Miller Hall,Miller Hall,038,TueThu,10:00,11:15,39,48.73645701682739,-122.4847315527236,main_campus,matched,
202620,Spring 2026,SOC 383 0,24300,Sociology of Risk,MH,Miller Hall,Miller Hall,113,TueThu,10:00,11:50,27,48.73645701682739,-122.4847315527236,main_campus,matched,
202620,Spring 2026,SPAN 404 0,23329,Spanish Linguistics,MH,Miller Hall,Miller Hall,013,TueThu,10:00,11:50,21,48.73645701682739,-122.4847315527236,main_campus,matched,
202620,Spring 2026,SPED 474 0,22674,Students with Complex Needs,MH,Miller Hall,Miller Hall,112,TueThu,10:00,11:50,26,48.73645701682739,-122.4847315527236,main_campus,matched,
202620,Spring 2026,SPED 479 0,21379,Developmental and Remedial Reading Instruction for Inclusive Settings,MH,Miller Hall,Miller Hall,115,TueThu,10:00,11:50,17,48.73645701682739,-122.4847315527236,main_campus,matched,
202620,Spring 2026,THTR 485 01,20644,Dramatic Writing Workshop,MH,Miller Hall,Miller Hall,011,TueThu,10:00,11:50,13,48.73645701682739,-122.4847315527236,main_campus,matched,
202620,Spring 2026,WGSS 213 0,21397,Intro to Sxlty &amp; Queer Studies,MH,Miller Hall,Miller Hall,231,TueThu,10:00,11:50,33,48.73645701682739,-122.4847315527236,main_campus,matched,
202620,Spring 2026,WGSS 350 0,21376,Feminist and Queer Methodologies,MH,Miller Hall,Miller Hall,235,TueThu,10:00,11:50,30,48.73645701682739,-122.4847315527236,main_campus,matched,
202620,Spring 2026,BUS 200 0,23695,Introduction to Business in Society,MH,Miller Hall,Miller Hall,152,TueThu,12:00,13:50,49,48.73645701682739,-122.4847315527236,main_campus,matched,
202620,Spring 2026,ECON 325 0,23339,Labor Market Economics,MH,Miller Hall,Miller Hall,139,TueThu,12:00,13:50,34,48.73645701682739,-122.4847315527236,main_campus,matched,
202620,Spring 2026,ELED 305 0,22183,Development and Learning in a Diverse Classroom,MH,Miller Hall,Miller Hall,005,TueThu,12:00,14:20,20,48.73645701682739,-122.4847315527236,main_campus,matched,
202620,Spring 2026,ENG 310 0,21022,Seminar in Literature &amp; Culture: The Long 19th Century,MH,Miller Hall,Miller Hall,038,TueThu,12:00,13:50,20,48.73645701682739,-122.4847315527236,main_campus,matched,
202620,Spring 2026,ENG 317 0,21809,Survey in Literature &amp; Culture: Medieval,MH,Miller Hall,Miller Hall,239,TueThu,12:00,13:50,37,48.73645701682739,-122.4847315527236,main_campus,matched,
202620,Spring 2026,ENG 423 0,20198,Maj Auth: &Eacute;douard Glissant,MH,Miller Hall,Miller Hall,017,TueThu,12:00,13:50,11,48.73645701682739,-122.4847315527236,main_campus,matched,
202620,Spring 2026,ENG 451 0,20411,Creative Writing Seminar - Fiction,MH,Miller Hall,Miller Hall,056,TueThu,12:00,13:50,20,48.73645701682739,-122.4847315527236,main_campus,matched,
202620,Spring 2026,ETHN 310 0,23429,Asian American Diasporas,MH,Miller Hall,Miller Hall,135,TueThu,12:00,13:50,6,48.73645701682739,-122.4847315527236,main_campus,matched,
202620,Spring 2026,HIST 386 0,23717,Southern Africa,MH,Miller Hall,Miller Hall,114,TueThu,12:00,13:50,29,48.73645701682739,-122.4847315527236,main_campus,matched,
202620,Spring 2026,HSP 435 H1,21659,"Human Service Organizations: Context, structure and practice",MH,Miller Hall,Miller Hall,154,TueThu,12:00,13:50,21,48.73645701682739,-122.4847315527236,main_campus,matched,
202620,Spring 2026,HUMA 323 0,23678,"The Romantic Paradox: Love, Life and Death",MH,Miller Hall,Miller Hall,115,TueThu,12:00,13:50,25,48.73645701682739,-122.4847315527236,main_campus,matched,
202620,Spring 2026,SEC 411 0,22426,Philosophical Foundations of Education,MH,Miller Hall,Miller Hall,235,TueThu,12:00,13:50,18,48.73645701682739,-122.4847315527236,main_campus,matched,
202620,Spring 2026,SOC 322 0,23945,Enslaving Others: Past and Present,MH,Miller Hall,Miller Hall,112,TueThu,12:00,13:50,26,48.73645701682739,-122.4847315527236,main_campus,matched,
202620,Spring 2026,SPAN 312 0,23582,Spanish as a Heritage Language II,MH,Miller Hall,Miller Hall,121,TueThu,12:00,13:50,24,48.73645701682739,-122.4847315527236,main_campus,matched,
202620,Spring 2026,SPAN 440 0,22592,Sociol&iacute;ng&uuml;&iacute;stica Hisp&aacute;nica,MH,Miller Hall,Miller Hall,123,TueThu,12:00,13:50,6,48.73645701682739,-122.4847315527236,main_campus,matched,
202620,Spring 2026,SPED 457 0,22382,Students w/ Disabilities,MH,Miller Hall,Miller Hall,103,TueThu,12:00,13:50,25,48.73645701682739,-122.4847315527236,main_campus,matched,
202620,Spring 2026,A/HI 251 0,23264,Arts of Africa after 1900,MH,Miller Hall,Miller Hall,138,TueThu,13:00,14:20,134,48.73645701682739,-122.4847315527236,main_campus,matched,
202620,Spring 2026,THTR 228 01,23220,Understanding Plays,MH,Miller Hall,Miller Hall,131,TueThu,13:00,14:20,45,48.73645701682739,-122.4847315527236,main_campus,matched,
202620,Spring 2026,ANTH 303 0,22817,Qualitative Methods in Anthropology,MH,Miller Hall,Miller Hall,039,TueThu,14:00,15:50,30,48.73645701682739,-122.4847315527236,main_campus,matched,
202620,Spring 2026,ANTH 335 02,22820,Quantitative Methods in Anthropology,MH,Miller Hall,Miller Hall,038,TueThu,14:00,15:50,32,48.73645701682739,-122.4847315527236,main_campus,matched,
202620,Spring 2026,DISA 201 0,23310,Stories of Disability in the World,MH,Miller Hall,Miller Hall,239,TueThu,14:00,15:40,23,48.73645701682739,-122.4847315527236,main_campus,matched,
202620,Spring 2026,DRR 109 0,22907,Introduction to the Scholarship of Teaching and Learning,MH,Miller Hall,Miller Hall,139,TueThu,14:00,15:50,24,48.73645701682739,-122.4847315527236,main_campus,matched,
202620,Spring 2026,ENG 202 0,21382,Writing About Literature,MH,Miller Hall,Miller Hall,113,TueThu,14:00,15:50,12,48.73645701682739,-122.4847315527236,main_campus,matched,
202620,Spring 2026,ENG 410 0,20623,Lit Hist: Gothic Sensations,MH,Miller Hall,Miller Hall,154,TueThu,14:00,15:50,20,48.73645701682739,-122.4847315527236,main_campus,matched,
202620,Spring 2026,ENRG 449 0,21582,Northwest Energy Systems Transitions,MH,Miller Hall,Miller Hall,105,TueThu,14:00,15:50,10,48.73645701682739,-122.4847315527236,main_campus,matched,
202620,Spring 2026,ENRG 549 0,24046,Energy Systems Transitions,MH,Miller Hall,Miller Hall,105,TueThu,14:00,15:50,1,48.73645701682739,-122.4847315527236,main_campus,matched,
202620,Spring 2026,ENVS 449 1,22448,Northwest Energy Systems Transitions,MH,Miller Hall,Miller Hall,105,TueThu,14:00,15:50,0,48.73645701682739,-122.4847315527236,main_campus,matched,
202620,Spring 2026,GLBL 201 0,22854,Introduction to Global Studies,MH,Miller Hall,Miller Hall,231,TueThu,14:00,15:50,40,48.73645701682739,-122.4847315527236,main_campus,matched,
202620,Spring 2026,HNRS 201 0,23247,Colloquium in Philosophy,MH,Miller Hall,Miller Hall,015,TueThu,14:00,15:15,15,48.73645701682739,-122.4847315527236,main_campus,matched,
202620,Spring 2026,HSP 325 H1,20383, Introduction to Interviewing and Interventions in Human Services,MH,Miller Hall,Miller Hall,115,TueThu,14:00,15:50,10,48.73645701682739,-122.4847315527236,main_campus,matched,
202620,Spring 2026,HSP 406 H01,22864,Inequity in Global Policy and Institutions: Implications for Human Services Professionals,MH,Miller Hall,Miller Hall,114,TueThu,14:00,15:50,11,48.73645701682739,-122.4847315527236,main_campus,matched,
202620,Spring 2026,HSP 467 H1,22912,Ecopsychology,MH,Miller Hall,Miller Hall,112,TueThu,14:00,15:50,9,48.73645701682739,-122.4847315527236,main_campus,matched,
202620,Spring 2026,HUMA 273 0,22298,Art and Society in China and Japan,MH,Miller Hall,Miller Hall,235,TueThu,14:00,15:50,37,48.73645701682739,-122.4847315527236,main_campus,matched,
202620,Spring 2026,LING 311 0,23054,Phonetics,MH,Miller Hall,Miller Hall,017,TueThu,14:00,15:50,19,48.73645701682739,-122.4847315527236,main_campus,matched,
202620,Spring 2026,LING 421 0,22294,Romance Languages Morphosyntax,MH,Miller Hall,Miller Hall,056,TueThu,14:00,15:50,11,48.73645701682739,-122.4847315527236,main_campus,matched,
202620,Spring 2026,MKTG 380 S01,20268,Principles of Marketing,MH,Miller Hall,Miller Hall,152,TueThu,14:00,15:50,7,48.73645701682739,-122.4847315527236,main_campus,matched,
202620,Spring 2026,SPAN 332 0,22587,Culture of Latin America,MH,Miller Hall,Miller Hall,121,TueThu,14:00,15:50,21,48.73645701682739,-122.4847315527236,main_campus,matched,
202620,Spring 2026,SPED 469 1,23527,"Professional Collaboration: Working with Families, Colleagues, and Community to Promote Student Succ",MH,Miller Hall,Miller Hall,103,TueThu,14:00,15:50,15,48.73645701682739,-122.4847315527236,main_campus,matched,
202620,Spring 2026,WGSS 363 0,21833,Feminist Food Justice,MH,Miller Hall,Miller Hall,135,TueThu,14:00,15:50,31,48.73645701682739,-122.4847315527236,main_campus,matched,
202620,Spring 2026,CLST 297A 0,23995,Bioscientific and Medical Terminology,MH,Miller Hall,Miller Hall,123,TueThu,15:00,17:10,25,48.73645701682739,-122.4847315527236,main_campus,matched,
202620,Spring 2026,THTR 384 01,21564,Introduction to Dramatic Writing,MH,Miller Hall,Miller Hall,131,TueThu,15:00,16:50,24,48.73645701682739,-122.4847315527236,main_campus,matched,
202620,Spring 2026,SEC 411 0,21155,Philosophical Foundations of Education,MH,Miller Hall,Miller Hall,135,TueThu,16:30,18:20,18,48.73645701682739,-122.4847315527236,main_campus,matched,
202620,Spring 2026,SEC 425 0,21156,"Developmental Reading, Writing and Learning in Secondary Schools",MH,Miller Hall,Miller Hall,156,TueThu,16:30,18:20,12,48.73645701682739,-122.4847315527236,main_campus,matched,
202620,Spring 2026,MLE 444 0,22200,Understanding and Teaching Disciplinary Language,MH,Miller Hall,Miller Hall,139,TueThu,17:00,19:20,11,48.73645701682739,-122.4847315527236,main_campus,matched,
202620,Spring 2026,I T 442 2,20395,Digital Decisions: Technology for Educators,MH,Miller Hall,Miller Hall,OFC,Wed,08:30,09:50,10,48.73645701682739,-122.4847315527236,main_campus,matched,
202620,Spring 2026,NURS 560 1,23314,"Curriculum Design, Program Evaluation, and Quality Enhancement",MH,Miller Hall,Miller Hall,105,Wed,09:00,13:50,1,48.73645701682739,-122.4847315527236,main_campus,matched,
202620,Spring 2026,NURS 566 1,23318,Strategic Financial Management,MH,Miller Hall,Miller Hall,015,Wed,09:00,13:50,3,48.73645701682739,-122.4847315527236,main_campus,matched,
202620,Spring 2026,HNRS 390 0,21598,Honors Capstone Project Preparation,MH,Miller Hall,Miller Hall,103,Wed,11:00,11:50,20,48.73645701682739,-122.4847315527236,main_campus,matched,
202620,Spring 2026,I T 442 1,20394,Digital Decisions: Technology for Educators,MH,Miller Hall,Miller Hall,035,Wed,12:00,13:40,11,48.73645701682739,-122.4847315527236,main_campus,matched,
202620,Spring 2026,ELED 310 2,20993,"Education, Culture, and Equity",MH,Miller Hall,Miller Hall,105,Wed,14:00,17:50,25,48.73645701682739,-122.4847315527236,main_campus,matched,
202620,Spring 2026,SEC 534 0,21592,"Management, Motivation and Discipline in the Secondary Schools",MH,Miller Hall,Miller Hall,156,Wed,16:00,19:50,14,48.73645701682739,-122.4847315527236,main_campus,matched,
202620,Spring 2026,SPED 465 0,22456,Assessment for Special Education and General Education Teachers,MH,Miller Hall,Miller Hall,235,Wed,16:00,19:50,26,48.73645701682739,-122.4847315527236,main_campus,matched,
202620,Spring 2026,ENG 101 0,20043,Writing Your Way Through WWU,MH,Miller Hall,Miller Hall,013,WedFri,08:30,09:50,6,48.73645701682739,-122.4847315527236,main_campus,matched,
202620,Spring 2026,ENG 101 0,20045,Writing Your Way Through WWU,MH,Miller Hall,Miller Hall,011,WedFri,08:30,09:50,13,48.73645701682739,-122.4847315527236,main_campus,matched,
202620,Spring 2026,ENG 101 0,20050,Writing Your Way Through WWU,MH,Miller Hall,Miller Hall,013,WedFri,10:00,11:20,21,48.73645701682739,-122.4847315527236,main_campus,matched,
202620,Spring 2026,ENG 101 0,20286,Writing Your Way Through WWU,MH,Miller Hall,Miller Hall,013,WedFri,11:30,12:50,22,48.73645701682739,-122.4847315527236,main_campus,matched,
202620,Spring 2026,ENG 101 0,20380,Writing Your Way Through WWU,MH,Miller Hall,Miller Hall,011,WedFri,13:00,14:20,20,48.73645701682739,-122.4847315527236,main_campus,matched,
202620,Spring 2026,ENG 101 0,22474,Writing Your Way Through WWU,MH,Miller Hall,Miller Hall,013,WedFri,13:00,14:20,16,48.73645701682739,-122.4847315527236,main_campus,matched,
202620,Spring 2026,HNRS 350 0,22161,This is a Place We Made,OM,Old Main,Old Main Building,330B,Mon,14:00,16:50,10,48.73770309890446,-122.48441042926405,main_campus,matched,
202620,Spring 2026,HIST 103 0,23381,Introduction to American Civilization: American History to 1865,OM,Old Main,Old Main Building,482,MonFri,10:00,11:20,36,48.73770309890446,-122.48441042926405,main_campus,matched,
202620,Spring 2026,HIST 103 02,23382,Introduction to American Civilization: American History to 1865,OM,Old Main,Old Main Building,482,MonFri,10:00,11:20,30,48.73770309890446,-122.48441042926405,main_campus,matched,
202620,Spring 2026,MATH 157 0,20023,Calculus with Applications to Business and Economics,OM,Old Main,Old Main Building,483,MonTueThuFri,09:00,09:50,51,48.73770309890446,-122.48441042926405,main_campus,matched,
202620,Spring 2026,MATH 157 0,20024,Calculus with Applications to Business and Economics,OM,Old Main,Old Main Building,483,MonTueThuFri,10:00,10:50,51,48.73770309890446,-122.48441042926405,main_campus,matched,
202620,Spring 2026,MATH 331 0,20033,Ordinary Differential Equations,OM,Old Main,Old Main Building,587,MonTueThuFri,12:00,12:50,34,48.73770309890446,-122.48441042926405,main_campus,matched,
202620,Spring 2026,MATH 112 0,20320,Functions and Algebraic Methods,OM,Old Main,Old Main Building,587,MonTueWedThuFri,09:00,09:50,32,48.73770309890446,-122.48441042926405,main_campus,matched,
202620,Spring 2026,MATH 124 0,20015,Calculus and Analytic Geometry I,OM,Old Main,Old Main Building,585,MonTueWedThuFri,09:00,09:50,35,48.73770309890446,-122.48441042926405,main_campus,matched,
202620,Spring 2026,MATH 114 0,20010,Precalculus I,OM,Old Main,Old Main Building,587,MonTueWedThuFri,10:00,10:50,27,48.73770309890446,-122.48441042926405,main_campus,matched,
202620,Spring 2026,MATH 115 0,20013,Precalculus II,OM,Old Main,Old Main Building,587,MonTueWedThuFri,11:00,11:50,21,48.73770309890446,-122.48441042926405,main_campus,matched,
202620,Spring 2026,MATH 124 0,20018,Calculus and Analytic Geometry I,OM,Old Main,Old Main Building,482,MonTueWedThuFri,12:00,12:50,34,48.73770309890446,-122.48441042926405,main_campus,matched,
202620,Spring 2026,MATH 112 0,22094,Functions and Algebraic Methods,OM,Old Main,Old Main Building,482,MonTueWedThuFri,13:00,13:50,44,48.73770309890446,-122.48441042926405,main_campus,matched,
202620,Spring 2026,MATH 112 0,22459,Functions and Algebraic Methods,OM,Old Main,Old Main Building,585,MonTueWedThuFri,13:00,13:50,33,48.73770309890446,-122.48441042926405,main_campus,matched,
202620,Spring 2026,MATH 124 0,20579,Calculus and Analytic Geometry I,OM,Old Main,Old Main Building,587,MonTueWedThuFri,13:00,13:50,35,48.73770309890446,-122.48441042926405,main_campus,matched,
202620,Spring 2026,MATH 112 0,22471,Functions and Algebraic Methods,OM,Old Main,Old Main Building,585,MonTueWedThuFri,14:00,14:50,35,48.73770309890446,-122.48441042926405,main_campus,matched,
202620,Spring 2026,MATH 124 0,20630,Calculus and Analytic Geometry I,OM,Old Main,Old Main Building,587,MonTueWedThuFri,14:00,14:50,35,48.73770309890446,-122.48441042926405,main_campus,matched,
202620,Spring 2026,HNRS 350 0,22168,Black Feminist Sci-Fi,OM,Old Main,Old Main Building,330B,MonWed,08:30,09:50,12,48.73770309890446,-122.48441042926405,main_campus,matched,
202620,Spring 2026,HNRS 106 0,21745,Navigating the Human Experience - Post-modernity B,OM,Old Main,Old Main Building,330A,MonWed,09:00,10:40,24,48.73770309890446,-122.48441042926405,main_campus,matched,
202620,Spring 2026,HNRS 106 0,22485,Navigating the Human Experience - Post-modernity B,OM,Old Main,Old Main Building,330C,MonWed,09:00,10:40,11,48.73770309890446,-122.48441042926405,main_campus,matched,
202620,Spring 2026,C2C 203 0,21179,C2C-Mentoring&amp;Soc Just. w/lab,OM,Old Main,Old Main Building,585,MonWed,10:00,11:20,28,48.73770309890446,-122.48441042926405,main_campus,matched,
202620,Spring 2026,HNRS 350 0,22163,Exploring the First Amendment,OM,Old Main,Old Main Building,330B,MonWed,10:00,11:20,14,48.73770309890446,-122.48441042926405,main_campus,matched,
202620,Spring 2026,HNRS 106 0,21255,Navigating the Human Experience - Post-modernity B,OM,Old Main,Old Main Building,330C,MonWed,11:00,12:40,14,48.73770309890446,-122.48441042926405,main_campus,matched,
202620,Spring 2026,HNRS 106 0,22014,Navigating the Human Experience - Post-modernity B,OM,Old Main,Old Main Building,330A,MonWed,11:00,12:40,23,48.73770309890446,-122.48441042926405,main_campus,matched,
202620,Spring 2026,HNRS 350 0,22166,Interrogating the Manosphere,OM,Old Main,Old Main Building,330B,MonWed,12:00,13:20,13,48.73770309890446,-122.48441042926405,main_campus,matched,
202620,Spring 2026,HNRS 105 0,20440,Navigating the Human Experience - Post-modernity A,OM,Old Main,Old Main Building,330C,MonWed,13:00,14:40,19,48.73770309890446,-122.48441042926405,main_campus,matched,
202620,Spring 2026,HNRS 105 0,20272,Navigating the Human Experience - Post-modernity A,OM,Old Main,Old Main Building,330C,MonWed,15:00,16:40,22,48.73770309890446,-122.48441042926405,main_campus,matched,
202620,Spring 2026,HIST 141 0,23386,History of the American West,OM,Old Main,Old Main Building,482,MonWedFri,08:30,09:50,31,48.73770309890446,-122.48441042926405,main_campus,matched,
202620,Spring 2026,SPAN 203 0,22582,Intermediate Spanish,OM,Old Main,Old Main Building,580,MonWedFri,10:00,11:20,21,48.73770309890446,-122.48441042926405,main_campus,matched,
202620,Spring 2026,THTR 370 0,22517,Play Direction,OM,Old Main,Old Main Building,100L,MonWedFri,10:00,11:50,20,48.73770309890446,-122.48441042926405,main_campus,matched,
202620,Spring 2026,ENG 202 0,20195,Writing About Literature,OM,Old Main,Old Main Building,585,MonWedFri,11:30,12:50,24,48.73770309890446,-122.48441042926405,main_campus,matched,
202620,Spring 2026,ENG 364 0,22400,Introduction to Film Studies,OM,Old Main,Old Main Building,580,MonWedFri,11:30,12:50,33,48.73770309890446,-122.48441042926405,main_campus,matched,
202620,Spring 2026,HUMA 275 0,23368,Humanities of Japan,OM,Old Main,Old Main Building,483,MonWedFri,11:30,12:50,45,48.73770309890446,-122.48441042926405,main_campus,matched,
202620,Spring 2026,CHIN 103 0,22533,First-Year Chinese,OM,Old Main,Old Main Building,580,MonWedFri,13:00,14:20,8,48.73770309890446,-122.48441042926405,main_campus,matched,
202620,Spring 2026,ENG 334 0,23353,TextsAcrossN.AmandEur:1960sLit,OM,Old Main,Old Main Building,483,MonWedFri,13:00,14:20,46,48.73770309890446,-122.48441042926405,main_campus,matched,
202620,Spring 2026,HNRS 106 0,23788,Navigating the Human Experience - Post-modernity B,OM,Old Main,Old Main Building,330A,MonWedFri,13:00,14:10,23,48.73770309890446,-122.48441042926405,main_campus,matched,
202620,Spring 2026,CHIN 402 0,23330,Chinese Language and Linguistics,OM,Old Main,Old Main Building,580,MonWedFri,14:30,15:50,2,48.73770309890446,-122.48441042926405,main_campus,matched,
202620,Spring 2026,HNRS 105 0,22444,Navigating the Human Experience - Post-modernity A,OM,Old Main,Old Main Building,330A,MonWedFri,14:30,15:40,23,48.73770309890446,-122.48441042926405,main_campus,matched,
202620,Spring 2026,THTR 428 01,21403,Mental Health in Contemp THTR,OM,Old Main,Old Main Building,585,MonWedFri,15:00,15:50,25,48.73770309890446,-122.48441042926405,main_campus,matched,
202620,Spring 2026,HNRS 390 0,22318,Honors Capstone Project Preparation,OM,Old Main,Old Main Building,330A,Thu,16:00,16:50,20,48.73770309890446,-122.48441042926405,main_campus,matched,
202620,Spring 2026,C/AM 394 0,23467,History of the Salish Sea,OM,Old Main,Old Main Building,585,TueThu,10:00,11:50,5,48.73770309890446,-122.48441042926405,main_campus,matched,
202620,Spring 2026,EAST 202 0,23570,East Asian History in the Early-Modern and Modern Eras,OM,Old Main,Old Main Building,482,TueThu,10:00,11:50,32,48.73770309890446,-122.48441042926405,main_campus,matched,
202620,Spring 2026,HIST 281 0,23380,East Asian History in the Early-Modern and Modern Eras,OM,Old Main,Old Main Building,482,TueThu,10:00,11:50,18,48.73770309890446,-122.48441042926405,main_campus,matched,
202620,Spring 2026,HIST 394 01,23374,History of the Salish Sea,OM,Old Main,Old Main Building,585,TueThu,10:00,11:50,24,48.73770309890446,-122.48441042926405,main_campus,matched,
202620,Spring 2026,HNRS 105 0,21315,Navigating the Human Experience - Post-modernity A,OM,Old Main,Old Main Building,330C,TueThu,10:00,11:40,24,48.73770309890446,-122.48441042926405,main_campus,matched,
202620,Spring 2026,HNRS 350 0,21595,History of Time,OM,Old Main,Old Main Building,330B,TueThu,10:00,11:20,16,48.73770309890446,-122.48441042926405,main_campus,matched,
202620,Spring 2026,THTR 382 01,20204,Theatre History III,OM,Old Main,Old Main Building,100L,TueThu,10:00,11:50,41,48.73770309890446,-122.48441042926405,main_campus,matched,
202620,Spring 2026,BIOL 349 0,23626,Human Physiology w/lab,OM,Old Main,Old Main Building,483,TueThu,11:00,12:20,18,48.73770309890446,-122.48441042926405,main_campus,matched,
202620,Spring 2026,BIOL 349 0,23627,Human Physiology w/lab,OM,Old Main,Old Main Building,483,TueThu,11:00,12:20,12,48.73770309890446,-122.48441042926405,main_campus,matched,
202620,Spring 2026,BIOL 349 0,23628,Human Physiology w/lab,OM,Old Main,Old Main Building,483,TueThu,11:00,12:20,18,48.73770309890446,-122.48441042926405,main_campus,matched,
202620,Spring 2026,HNRS 105 0,22317,Navigating the Human Experience - Post-modernity A,OM,Old Main,Old Main Building,330A,TueThu,12:00,13:40,22,48.73770309890446,-122.48441042926405,main_campus,matched,
202620,Spring 2026,HNRS 106 0,22443,Navigating the Human Experience - Post-modernity B,OM,Old Main,Old Main Building,330C,TueThu,12:00,13:40,21,48.73770309890446,-122.48441042926405,main_campus,matched,
202620,Spring 2026,HNRS 350 0,23639,Climate Change History of Futu,OM,Old Main,Old Main Building,330B,TueThu,12:00,13:20,10,48.73770309890446,-122.48441042926405,main_campus,matched,
202620,Spring 2026,ENG 453 0,20316,Creative Writing Seminar - Poetry,OM,Old Main,Old Main Building,580,TueThu,14:00,15:50,19,48.73770309890446,-122.48441042926405,main_campus,matched,
202620,Spring 2026,HNRS 105 0,22007,Navigating the Human Experience - Post-modernity A,OM,Old Main,Old Main Building,330C,TueThu,14:00,15:40,23,48.73770309890446,-122.48441042926405,main_campus,matched,
202620,Spring 2026,HNRS 252 0,22159,Colloquium in Sociology,OM,Old Main,Old Main Building,330A,TueThu,14:00,15:50,17,48.73770309890446,-122.48441042926405,main_campus,matched,
202620,Spring 2026,HNRS 350 0,22165,Finding Your Writing Voices,OM,Old Main,Old Main Building,330B,TueThu,14:00,15:20,16,48.73770309890446,-122.48441042926405,main_campus,matched,
202620,Spring 2026,PHIL 120 0,23027,Critical Thinking,OM,Old Main,Old Main Building,482,TueThu,14:00,15:15,42,48.73770309890446,-122.48441042926405,main_campus,matched,
202620,Spring 2026,PHIL 425 01,23246,Philosophy of Mind,OM,Old Main,Old Main Building,483,TueThu,14:00,15:15,40,48.73770309890446,-122.48441042926405,main_campus,matched,
202620,Spring 2026,CLST 450 0,22608,Sophistry,OM,Old Main,Old Main Building,585,TueThu,15:00,17:10,16,48.73770309890446,-122.48441042926405,main_campus,matched,
202620,Spring 2026,THTR 366 01,23274,Musical Theatre,OM,Old Main,Old Main Building,100L,TueThu,15:00,16:20,20,48.73770309890446,-122.48441042926405,main_campus,matched,
202620,Spring 2026,HNRS 350 0,22164,Food and Chemistry,OM,Old Main,Old Main Building,330B,TueThu,15:30,16:50,11,48.73770309890446,-122.48441042926405,main_campus,matched,
202620,Spring 2026,HIST 103 0,23381,Introduction to American Civilization: American History to 1865,OM,Old Main,Old Main Building,482,Wed,10:00,11:20,36,48.73770309890446,-122.48441042926405,main_campus,matched,
202620,Spring 2026,HIST 103 02,23382,Introduction to American Civilization: American History to 1865,OM,Old Main,Old Main Building,483,Wed,10:00,11:20,30,48.73770309890446,-122.48441042926405,main_campus,matched,
202620,Spring 2026,HNRS 350 0,22160,A Time for Gifts,OM,Old Main,Old Main Building,330B,Wed,14:00,16:50,17,48.73770309890446,-122.48441042926405,main_campus,matched,
202620,Spring 2026,FAIR 235C 0,23586,Experiential Farm Skills: Spring,OS,Outback Student Pavilion,Outback Student Pavilion,X101,Wed,13:00,14:50,18,48.72853447721283,-122.4864945090451,main_campus,matched,
202620,Spring 2026,MUS 264N 0,22208,High Brass Ped: French Horn,PA,Performing Arts Center,Performing Arts Center,155,Fri,09:00,09:50,8,48.737911088267616,-122.48719381874768,main_campus,matched,
202620,Spring 2026,MUS 266 0,22847,Jazz Pedagogy for Music Teachers,PA,Performing Arts Center,Performing Arts Center,024,Fri,09:00,09:50,11,48.737911088267616,-122.48719381874768,main_campus,matched,
202620,Spring 2026,THTR 355 1,20870,Mainstage Season: Assistant Design/Stage Manager,PA,Performing Arts Center,Performing Arts Center,OFC,Fri,09:00,09:50,6,48.737911088267616,-122.48719381874768,main_campus,matched,
202620,Spring 2026,THTR 355 2,20950,Mainstage Season: Assistant Design/Stage Manager,PA,Performing Arts Center,Performing Arts Center,OFC,Fri,09:00,09:50,4,48.737911088267616,-122.48719381874768,main_campus,matched,
202620,Spring 2026,THTR 355 3,22091,Mainstage Season: Assistant Design/Stage Manager,PA,Performing Arts Center,Performing Arts Center,OFC,Fri,09:00,09:50,2,48.737911088267616,-122.48719381874768,main_campus,matched,
202620,Spring 2026,THTR 455 1,20235,Mainstage Season: Lead Design/Stage Management,PA,Performing Arts Center,Performing Arts Center,OFC,Fri,09:00,09:50,2,48.737911088267616,-122.48719381874768,main_campus,matched,
202620,Spring 2026,THTR 455 2,20872,Mainstage Season: Lead Design/Stage Management,PA,Performing Arts Center,Performing Arts Center,OFC,Fri,09:00,09:50,4,48.737911088267616,-122.48719381874768,main_campus,matched,
202620,Spring 2026,THTR 455 3,22092,Mainstage Season: Lead Design/Stage Management,PA,Performing Arts Center,Performing Arts Center,OFC,Fri,09:00,09:50,2,48.737911088267616,-122.48719381874768,main_campus,matched,
202620,Spring 2026,MUS 469 510,20078,Music Teaching Practicum II,PA,Performing Arts Center,Performing Arts Center,016,Fri,11:00,11:50,24,48.737911088267616,-122.48719381874768,main_campus,matched,
202620,Spring 2026,THTR 364 02,20416,Movement Studio II: Suzuki/Viewpoints,PA,Performing Arts Center,Performing Arts Center,399,Fri,13:00,13:50,12,48.737911088267616,-122.48719381874768,main_campus,matched,
202620,Spring 2026,MUS 432 01,21295,Electroacoustic Music,PA,Performing Arts Center,Performing Arts Center,166,Fri,14:00,15:50,6,48.737911088267616,-122.48719381874768,main_campus,matched,
202620,Spring 2026,MUS 281 0,22372,Bassoon Ensemble,PA,Performing Arts Center,Performing Arts Center,155,Fri,16:00,16:50,5,48.737911088267616,-122.48719381874768,main_campus,matched,
202620,Spring 2026,THTR 460 01,22521,Acting Studio III: Audition Technique and Professional Preparation,PA,Performing Arts Center,Performing Arts Center,399,Mon,15:00,16:50,10,48.737911088267616,-122.48719381874768,main_campus,matched,
202620,Spring 2026,MUS 282 0,21119,Guitar Ensemble,PA,Performing Arts Center,Performing Arts Center,016,Mon,16:00,16:50,8,48.737911088267616,-122.48719381874768,main_campus,matched,
202620,Spring 2026,MUS 231 0,20851,Elementary Composition,PA,Performing Arts Center,Performing Arts Center,OFC,Mon,16:30,17:50,4,48.737911088267616,-122.48719381874768,main_campus,matched,
202620,Spring 2026,MUS 231 0,20919,Elementary Composition,PA,Performing Arts Center,Performing Arts Center,047,Mon,16:30,17:50,2,48.737911088267616,-122.48719381874768,main_campus,matched,
202620,Spring 2026,MUS 231 0,22285,Elementary Composition,PA,Performing Arts Center,Performing Arts Center,047,Mon,16:30,17:50,4,48.737911088267616,-122.48719381874768,main_campus,matched,
202620,Spring 2026,MUS 331 0,20857,Composition,PA,Performing Arts Center,Performing Arts Center,047,Mon,16:30,17:50,1,48.737911088267616,-122.48719381874768,main_campus,matched,
202620,Spring 2026,MUS 331 0,21667,Composition,PA,Performing Arts Center,Performing Arts Center,047,Mon,16:30,17:50,3,48.737911088267616,-122.48719381874768,main_campus,matched,
202620,Spring 2026,MUS 431 0,20854,Composition,PA,Performing Arts Center,Performing Arts Center,047,Mon,16:30,17:50,2,48.737911088267616,-122.48719381874768,main_campus,matched,
202620,Spring 2026,MUS 431 0,20920,Composition,PA,Performing Arts Center,Performing Arts Center,047,Mon,16:30,17:50,0,48.737911088267616,-122.48719381874768,main_campus,matched,
202620,Spring 2026,MUS 534 0,20858,Composition,PA,Performing Arts Center,Performing Arts Center,047,Mon,16:30,17:50,1,48.737911088267616,-122.48719381874768,main_campus,matched,
202620,Spring 2026,MUS 534 04,21551,Composition,PA,Performing Arts Center,Performing Arts Center,047,Mon,16:30,17:50,0,48.737911088267616,-122.48719381874768,main_campus,matched,
202620,Spring 2026,MUS 473 0,20352,University Symphony Orchestra,PA,Performing Arts Center,Performing Arts Center,155,MonFri,12:00,13:20,62,48.737911088267616,-122.48719381874768,main_campus,matched,
202620,Spring 2026,MUS 573 0,20862,University Symphony Orchestra,PA,Performing Arts Center,Performing Arts Center,155,MonFri,12:00,13:20,4,48.737911088267616,-122.48719381874768,main_campus,matched,
202620,Spring 2026,MUS 281 0,22373,Percussion Ensemble,PA,Performing Arts Center,Performing Arts Center,024,MonFri,16:00,17:20,20,48.737911088267616,-122.48719381874768,main_campus,matched,
202620,Spring 2026,MUS 471 511,20079,Concert Choir,PA,Performing Arts Center,Performing Arts Center,016,MonTueWedThuFri,12:00,12:50,45,48.737911088267616,-122.48719381874768,main_campus,matched,
202620,Spring 2026,MUS 571 539,20083,Concert Choir,PA,Performing Arts Center,Performing Arts Center,016,MonTueWedThuFri,12:00,12:50,1,48.737911088267616,-122.48719381874768,main_campus,matched,
202620,Spring 2026,THTR 160 02,20386,Introduction to Acting,PA,Performing Arts Center,Performing Arts Center,399,MonWed,08:30,09:50,24,48.737911088267616,-122.48719381874768,main_campus,matched,
202620,Spring 2026,THTR 264 01,22356,Movement Studio I: Grotowski,PA,Performing Arts Center,Performing Arts Center,399,MonWed,10:00,11:50,19,48.737911088267616,-122.48719381874768,main_campus,matched,
202620,Spring 2026,THTR 364 01,20381,Movement Studio II: Suzuki/Viewpoints,PA,Performing Arts Center,Performing Arts Center,399,MonWed,13:00,14:50,9,48.737911088267616,-122.48719381874768,main_campus,matched,
202620,Spring 2026,MUS 366C 0,22011,Vocal Diction: French,PA,Performing Arts Center,Performing Arts Center,016,MonWed,15:00,15:50,12,48.737911088267616,-122.48719381874768,main_campus,matched,
202620,Spring 2026,MUS 105 0,20921,Survey of Popular and Rock Music,PA,Performing Arts Center,Performing Arts Center,016,MonWedFri,08:00,08:50,86,48.737911088267616,-122.48719381874768,main_campus,matched,
202620,Spring 2026,MUS 126 0,22286,Theoretical and Analytical Skills III,PA,Performing Arts Center,Performing Arts Center,047,MonWedFri,08:00,08:50,16,48.737911088267616,-122.48719381874768,main_campus,matched,
202620,Spring 2026,MUS 205 0,21642,Survey of World Musical Cultures,PA,Performing Arts Center,Performing Arts Center,155,MonWedFri,08:00,08:50,121,48.737911088267616,-122.48719381874768,main_campus,matched,
202620,Spring 2026,MUS 126 01,21297,Theoretical and Analytical Skills III,PA,Performing Arts Center,Performing Arts Center,047,MonWedFri,09:00,09:50,33,48.737911088267616,-122.48719381874768,main_campus,matched,
202620,Spring 2026,MUS 126 02,21298,Theoretical and Analytical Skills III,PA,Performing Arts Center,Performing Arts Center,168,MonWedFri,09:00,09:50,19,48.737911088267616,-122.48719381874768,main_campus,matched,
202620,Spring 2026,MUS 347 0,22787,Case Studies in Musicology II,PA,Performing Arts Center,Performing Arts Center,027,MonWedFri,09:00,09:50,10,48.737911088267616,-122.48719381874768,main_campus,matched,
202620,Spring 2026,MUS 226 01,21299,Theoretical and Analytical Skills VI,PA,Performing Arts Center,Performing Arts Center,168,MonWedFri,10:00,10:50,16,48.737911088267616,-122.48719381874768,main_campus,matched,
202620,Spring 2026,MUS 347 0,22767,Case Studies in Musicology II,PA,Performing Arts Center,Performing Arts Center,047,MonWedFri,10:00,10:50,30,48.737911088267616,-122.48719381874768,main_campus,matched,
202620,Spring 2026,MUS 226 02,21300,Theoretical and Analytical Skills VI,PA,Performing Arts Center,Performing Arts Center,047,MonWedFri,11:00,11:50,24,48.737911088267616,-122.48719381874768,main_campus,matched,
202620,Spring 2026,MUS 424 0,21668,Free Counterpoint,PA,Performing Arts Center,Performing Arts Center,027,MonWedFri,11:00,11:50,6,48.737911088267616,-122.48719381874768,main_campus,matched,
202620,Spring 2026,MUS 434 0,24005,Jazz Arranging and Composition I,PA,Performing Arts Center,Performing Arts Center,047,MonWedFri,13:00,13:50,14,48.737911088267616,-122.48719381874768,main_campus,matched,
202620,Spring 2026,MUS 273 01,21409,String Sinfonia,PA,Performing Arts Center,Performing Arts Center,155,MonWedFri,13:30,14:50,21,48.737911088267616,-122.48719381874768,main_campus,matched,
202620,Spring 2026,MUS 271 1,20348,University Choir,PA,Performing Arts Center,Performing Arts Center,016,MonWedFri,14:00,14:50,121,48.737911088267616,-122.48719381874768,main_campus,matched,
202620,Spring 2026,MUS 274 438,20077,Jazz Ensem: Big Band II,PA,Performing Arts Center,Performing Arts Center,024,MonWedFri,14:00,14:50,13,48.737911088267616,-122.48719381874768,main_campus,matched,
202620,Spring 2026,MUS 474 0,21094,Jazz Ensem: Big Band I,PA,Performing Arts Center,Performing Arts Center,024,MonWedFri,15:00,15:50,15,48.737911088267616,-122.48719381874768,main_campus,matched,
202620,Spring 2026,MUS 574 0,22052,Jazz Ensembles,PA,Performing Arts Center,Performing Arts Center,024,MonWedFri,15:00,15:50,0,48.737911088267616,-122.48719381874768,main_campus,matched,
202620,Spring 2026,MUS 371 0,21602,Advanced Treble Chorale,PA,Performing Arts Center,Performing Arts Center,016,MonWedThuFri,13:00,13:50,40,48.737911088267616,-122.48719381874768,main_campus,matched,
202620,Spring 2026,MUS 125B 04,21220,Keyboard Skills III,PA,Performing Arts Center,Performing Arts Center,170,Thu,08:00,08:50,12,48.737911088267616,-122.48719381874768,main_campus,matched,
202620,Spring 2026,MUS 225C 0,22046,Advanced Keyboard Skills III,PA,Performing Arts Center,Performing Arts Center,170,Thu,09:00,09:50,7,48.737911088267616,-122.48719381874768,main_campus,matched,
202620,Spring 2026,MUS 212 0,20735,Applied Instruction: Piano,PA,Performing Arts Center,Performing Arts Center,155,Thu,12:00,12:50,8,48.737911088267616,-122.48719381874768,main_campus,matched,
202620,Spring 2026,MUS 212 0,20736,Applied Instruction: Piano,PA,Performing Arts Center,Performing Arts Center,155,Thu,12:00,12:50,0,48.737911088267616,-122.48719381874768,main_campus,matched,
202620,Spring 2026,MUS 312 0,20788,Applied Instruction: Piano,PA,Performing Arts Center,Performing Arts Center,155,Thu,12:00,12:50,0,48.737911088267616,-122.48719381874768,main_campus,matched,
202620,Spring 2026,MUS 412 0,20813,Applied Instruction: Piano,PA,Performing Arts Center,Performing Arts Center,155,Thu,12:00,12:50,0,48.737911088267616,-122.48719381874768,main_campus,matched,
202620,Spring 2026,MUS 466E 0,23304,Applied Music Pedagogy/Professional Practices,PA,Performing Arts Center,Performing Arts Center,027,Thu,12:00,13:50,9,48.737911088267616,-122.48719381874768,main_campus,matched,
202620,Spring 2026,MUS 212 0,20737,Applied Instruction: Piano,PA,Performing Arts Center,Performing Arts Center,155,Thu,13:00,13:50,7,48.737911088267616,-122.48719381874768,main_campus,matched,
202620,Spring 2026,MUS 212 0,20738,Applied Instruction: Piano,PA,Performing Arts Center,Performing Arts Center,155,Thu,13:00,13:50,0,48.737911088267616,-122.48719381874768,main_campus,matched,
202620,Spring 2026,MUS 213B 0,20741,Applied Instruction: Viola,PA,Performing Arts Center,Performing Arts Center,024,Thu,13:00,13:50,3,48.737911088267616,-122.48719381874768,main_campus,matched,
202620,Spring 2026,MUS 213B 0,20742,Applied Instruction: Viola,PA,Performing Arts Center,Performing Arts Center,024,Thu,13:00,13:50,3,48.737911088267616,-122.48719381874768,main_campus,matched,
202620,Spring 2026,MUS 312 0,20789,Applied Instruction: Piano,PA,Performing Arts Center,Performing Arts Center,155,Thu,13:00,13:50,1,48.737911088267616,-122.48719381874768,main_campus,matched,
202620,Spring 2026,MUS 313B 0,20791,Applied Instruction: Viola,PA,Performing Arts Center,Performing Arts Center,024,Thu,13:00,13:50,2,48.737911088267616,-122.48719381874768,main_campus,matched,
202620,Spring 2026,MUS 412 0,20814,Applied Instruction: Piano,PA,Performing Arts Center,Performing Arts Center,155,Thu,13:00,13:50,0,48.737911088267616,-122.48719381874768,main_campus,matched,
202620,Spring 2026,MUS 413B 0,20816,Applied Instruction: Viola,PA,Performing Arts Center,Performing Arts Center,024,Thu,13:00,13:50,0,48.737911088267616,-122.48719381874768,main_campus,matched,
202620,Spring 2026,MUS 197L 0,23696,Sightreading on Guitar,PA,Performing Arts Center,Performing Arts Center,047,Thu,14:00,14:50,8,48.737911088267616,-122.48719381874768,main_campus,matched,
202620,Spring 2026,MUS 472 0,20351,Wind Symphony,PA,Performing Arts Center,Performing Arts Center,155,Thu,14:00,15:50,47,48.737911088267616,-122.48719381874768,main_campus,matched,
202620,Spring 2026,MUS 572 0,20354,Wind Symphony,PA,Performing Arts Center,Performing Arts Center,024,Thu,14:00,15:50,4,48.737911088267616,-122.48719381874768,main_campus,matched,
202620,Spring 2026,MUS 372 0,22792,Symphonic Winds,PA,Performing Arts Center,Performing Arts Center,155,Thu,16:00,17:50,54,48.737911088267616,-122.48719381874768,main_campus,matched,
202620,Spring 2026,MUS 314E 0,20798,Applied Instruction: Saxophone,PA,Performing Arts Center,Performing Arts Center,024,Thu,18:30,19:20,6,48.737911088267616,-122.48719381874768,main_campus,matched,
202620,Spring 2026,MUS 414E 0,20821,Applied Instruction: Saxophone,PA,Performing Arts Center,Performing Arts Center,168,Thu,18:30,19:20,1,48.737911088267616,-122.48719381874768,main_campus,matched,
202620,Spring 2026,MUS 125B 0,21195,Keyboard Skills III,PA,Performing Arts Center,Performing Arts Center,170,Tue,08:00,08:50,13,48.737911088267616,-122.48719381874768,main_campus,matched,
202620,Spring 2026,MUS 125B 0,21196,Keyboard Skills III,PA,Performing Arts Center,Performing Arts Center,170,Tue,09:00,09:50,4,48.737911088267616,-122.48719381874768,main_campus,matched,
202620,Spring 2026,MUS 264O 0,20907,Low Brass Pedagogy: Trombone,PA,Performing Arts Center,Performing Arts Center,168,Tue,11:00,11:50,11,48.737911088267616,-122.48719381874768,main_campus,matched,
202620,Spring 2026,MUS 214F 0,20759,Applied Instruction: French Horn,PA,Performing Arts Center,Performing Arts Center,047,Tue,12:00,12:50,4,48.737911088267616,-122.48719381874768,main_campus,matched,
202620,Spring 2026,MUS 214F 0,20760,Applied Instruction: French Horn,PA,Performing Arts Center,Performing Arts Center,047,Tue,12:00,12:50,1,48.737911088267616,-122.48719381874768,main_campus,matched,
202620,Spring 2026,MUS 214G 0,20761,Applied Instruction: Trumpet,PA,Performing Arts Center,Performing Arts Center,155,Tue,12:00,12:50,6,48.737911088267616,-122.48719381874768,main_campus,matched,
202620,Spring 2026,MUS 214G 0,20762,Applied Instruction: Trumpet,PA,Performing Arts Center,Performing Arts Center,155,Tue,12:00,12:50,1,48.737911088267616,-122.48719381874768,main_campus,matched,
202620,Spring 2026,MUS 214H 0,20763,Applied Instruction: Trombone,PA,Performing Arts Center,Performing Arts Center,047,Tue,12:00,12:50,3,48.737911088267616,-122.48719381874768,main_campus,matched,
202620,Spring 2026,MUS 214H 0,20764,Applied Instruction: Trombone,PA,Performing Arts Center,Performing Arts Center,047,Tue,12:00,12:50,2,48.737911088267616,-122.48719381874768,main_campus,matched,
202620,Spring 2026,MUS 314F 0,20799,Applied Instruction: French Horn,PA,Performing Arts Center,Performing Arts Center,047,Tue,12:00,12:50,3,48.737911088267616,-122.48719381874768,main_campus,matched,
202620,Spring 2026,MUS 314G 0,20800,Applied Instruction: Trumpet,PA,Performing Arts Center,Performing Arts Center,155,Tue,12:00,12:50,6,48.737911088267616,-122.48719381874768,main_campus,matched,
202620,Spring 2026,MUS 314H 0,20801,Applied Instruction: Trombone,PA,Performing Arts Center,Performing Arts Center,047,Tue,12:00,12:50,4,48.737911088267616,-122.48719381874768,main_campus,matched,
202620,Spring 2026,MUS 414F 0,20822,Applied Instruction: French Horn,PA,Performing Arts Center,Performing Arts Center,047,Tue,12:00,12:50,1,48.737911088267616,-122.48719381874768,main_campus,matched,
202620,Spring 2026,MUS 414G 0,20823,Applied Instruction: Trumpet,PA,Performing Arts Center,Performing Arts Center,155,Tue,12:00,12:50,1,48.737911088267616,-122.48719381874768,main_campus,matched,
202620,Spring 2026,MUS 414H 0,20824,Applied Instruction: Trombone,PA,Performing Arts Center,Performing Arts Center,047,Tue,12:00,12:50,1,48.737911088267616,-122.48719381874768,main_campus,matched,
202620,Spring 2026,MUS 281 0,22369,Chamber Music: Brass,PA,Performing Arts Center,Performing Arts Center,047,Tue,13:00,13:50,3,48.737911088267616,-122.48719381874768,main_campus,matched,
202620,Spring 2026,MUS 213A 0,20739,Applied Instruction: Violin,PA,Performing Arts Center,Performing Arts Center,155,Tue,14:00,15:50,4,48.737911088267616,-122.48719381874768,main_campus,matched,
202620,Spring 2026,MUS 213A 0,20740,Applied Instruction: Violin,PA,Performing Arts Center,Performing Arts Center,155,Tue,14:00,15:50,4,48.737911088267616,-122.48719381874768,main_campus,matched,
202620,Spring 2026,MUS 213A 0,21206,Applied Instruction: Violin,PA,Performing Arts Center,Performing Arts Center,155,Tue,14:00,15:50,4,48.737911088267616,-122.48719381874768,main_campus,matched,
202620,Spring 2026,MUS 213A 0,21207,Applied Instruction: Violin,PA,Performing Arts Center,Performing Arts Center,155,Tue,14:00,15:50,1,48.737911088267616,-122.48719381874768,main_campus,matched,
202620,Spring 2026,MUS 216 0,20785,Applied Instruction: Classical Guitar,PA,Performing Arts Center,Performing Arts Center,047,Tue,14:00,14:50,13,48.737911088267616,-122.48719381874768,main_campus,matched,
202620,Spring 2026,MUS 216 0,20786,Applied Instruction: Classical Guitar,PA,Performing Arts Center,Performing Arts Center,047,Tue,14:00,14:50,0,48.737911088267616,-122.48719381874768,main_campus,matched,
202620,Spring 2026,MUS 313A 0,20790,Applied Instruction: Violin,PA,Performing Arts Center,Performing Arts Center,155,Tue,14:00,15:50,0,48.737911088267616,-122.48719381874768,main_campus,matched,
202620,Spring 2026,MUS 313A 01,21224,Applied Instruction: Violin,PA,Performing Arts Center,Performing Arts Center,155,Tue,14:00,15:50,1,48.737911088267616,-122.48719381874768,main_campus,matched,
202620,Spring 2026,MUS 316 0,20810,Applied Instruction: Classical Guitar,PA,Performing Arts Center,Performing Arts Center,047,Tue,14:00,14:50,1,48.737911088267616,-122.48719381874768,main_campus,matched,
202620,Spring 2026,MUS 413A 0,20815,Applied Instruction: Violin,PA,Performing Arts Center,Performing Arts Center,155,Tue,14:00,15:50,1,48.737911088267616,-122.48719381874768,main_campus,matched,
202620,Spring 2026,MUS 413A 0,21604,Applied Instruction: Violin,PA,Performing Arts Center,Performing Arts Center,155,Tue,14:00,15:50,3,48.737911088267616,-122.48719381874768,main_campus,matched,
202620,Spring 2026,MUS 416 0,20833,Applied Instruction: Classical Guitar,PA,Performing Arts Center,Performing Arts Center,047,Tue,14:00,14:50,1,48.737911088267616,-122.48719381874768,main_campus,matched,
202620,Spring 2026,MUS 472 0,20351,Wind Symphony,PA,Performing Arts Center,Performing Arts Center,024,Tue,14:00,15:50,47,48.737911088267616,-122.48719381874768,main_campus,matched,
202620,Spring 2026,MUS 572 0,20354,Wind Symphony,PA,Performing Arts Center,Performing Arts Center,155,Tue,14:00,15:50,4,48.737911088267616,-122.48719381874768,main_campus,matched,
202620,Spring 2026,THTR 255 0,21027,Mainstage Season: Crew,PA,Performing Arts Center,Performing Arts Center,399,Tue,15:00,15:50,40,48.737911088267616,-122.48719381874768,main_campus,matched,
202620,Spring 2026,MUS 212 0,20733,Applied Instruction: Piano,PA,Performing Arts Center,Performing Arts Center,155,Tue,16:00,17:50,6,48.737911088267616,-122.48719381874768,main_campus,matched,
202620,Spring 2026,MUS 212 0,20734,Applied Instruction: Piano,PA,Performing Arts Center,Performing Arts Center,155,Tue,16:00,17:50,0,48.737911088267616,-122.48719381874768,main_campus,matched,
202620,Spring 2026,MUS 212 0,20735,Applied Instruction: Piano,PA,Performing Arts Center,Performing Arts Center,155,Tue,16:00,17:50,8,48.737911088267616,-122.48719381874768,main_campus,matched,
202620,Spring 2026,MUS 212 0,20736,Applied Instruction: Piano,PA,Performing Arts Center,Performing Arts Center,155,Tue,16:00,17:50,0,48.737911088267616,-122.48719381874768,main_campus,matched,
202620,Spring 2026,MUS 212 0,20737,Applied Instruction: Piano,PA,Performing Arts Center,Performing Arts Center,155,Tue,16:00,17:50,7,48.737911088267616,-122.48719381874768,main_campus,matched,
202620,Spring 2026,MUS 212 0,20738,Applied Instruction: Piano,PA,Performing Arts Center,Performing Arts Center,155,Tue,16:00,17:50,0,48.737911088267616,-122.48719381874768,main_campus,matched,
202620,Spring 2026,MUS 212 0,21794,Applied Instruction: Piano,PA,Performing Arts Center,Performing Arts Center,155,Tue,16:00,17:50,5,48.737911088267616,-122.48719381874768,main_campus,matched,
202620,Spring 2026,MUS 212 0,21795,Applied Instruction: Piano,PA,Performing Arts Center,Performing Arts Center,155,Tue,16:00,17:50,0,48.737911088267616,-122.48719381874768,main_campus,matched,
202620,Spring 2026,MUS 312 0,20787,Applied Instruction: Piano,PA,Performing Arts Center,Performing Arts Center,155,Tue,16:00,17:50,1,48.737911088267616,-122.48719381874768,main_campus,matched,
202620,Spring 2026,MUS 312 0,20788,Applied Instruction: Piano,PA,Performing Arts Center,Performing Arts Center,155,Tue,16:00,17:50,0,48.737911088267616,-122.48719381874768,main_campus,matched,
202620,Spring 2026,MUS 312 0,20789,Applied Instruction: Piano,PA,Performing Arts Center,Performing Arts Center,155,Tue,16:00,17:50,1,48.737911088267616,-122.48719381874768,main_campus,matched,
202620,Spring 2026,MUS 312 0,21792,Applied Instruction: Piano,PA,Performing Arts Center,Performing Arts Center,155,Tue,16:00,17:50,1,48.737911088267616,-122.48719381874768,main_campus,matched,
202620,Spring 2026,MUS 372 0,22792,Symphonic Winds,PA,Performing Arts Center,Performing Arts Center,024,Tue,16:00,17:50,54,48.737911088267616,-122.48719381874768,main_campus,matched,
202620,Spring 2026,MUS 412 0,20812,Applied Instruction: Piano,PA,Performing Arts Center,Performing Arts Center,155,Tue,16:00,17:50,0,48.737911088267616,-122.48719381874768,main_campus,matched,
202620,Spring 2026,MUS 412 0,20813,Applied Instruction: Piano,PA,Performing Arts Center,Performing Arts Center,155,Tue,16:00,17:50,0,48.737911088267616,-122.48719381874768,main_campus,matched,
202620,Spring 2026,MUS 412 0,20814,Applied Instruction: Piano,PA,Performing Arts Center,Performing Arts Center,155,Tue,16:00,17:50,0,48.737911088267616,-122.48719381874768,main_campus,matched,
202620,Spring 2026,MUS 412 0,21793,Applied Instruction: Piano,PA,Performing Arts Center,Performing Arts Center,155,Tue,16:00,17:50,0,48.737911088267616,-122.48719381874768,main_campus,matched,
202620,Spring 2026,MUS 125A 0,21193,Aural Skills III,PA,Performing Arts Center,Performing Arts Center,047,TueThu,08:00,08:50,16,48.737911088267616,-122.48719381874768,main_campus,matched,
202620,Spring 2026,MUS 104 0,21650,The Art of Listening to Music,PA,Performing Arts Center,Performing Arts Center,155,TueThu,09:00,10:20,99,48.737911088267616,-122.48719381874768,main_campus,matched,
202620,Spring 2026,MUS 125A 0,21194,Aural Skills III,PA,Performing Arts Center,Performing Arts Center,168,TueThu,09:00,09:50,24,48.737911088267616,-122.48719381874768,main_campus,matched,
202620,Spring 2026,MUS 125A 0,22278,Aural Skills III,PA,Performing Arts Center,Performing Arts Center,047,TueThu,09:00,09:50,25,48.737911088267616,-122.48719381874768,main_campus,matched,
202620,Spring 2026,MUS 354A 0,20361,Advanced Choral Conducting,PA,Performing Arts Center,Performing Arts Center,016,TueThu,09:00,10:20,4,48.737911088267616,-122.48719381874768,main_campus,matched,
202620,Spring 2026,MUS 354B 501,20233,Advanced Instrumental Conducting,PA,Performing Arts Center,Performing Arts Center,024,TueThu,09:00,10:20,19,48.737911088267616,-122.48719381874768,main_campus,matched,
202620,Spring 2026,MUS 502 01,21412,Choral Conducting and Literature,PA,Performing Arts Center,Performing Arts Center,016,TueThu,09:00,10:20,0,48.737911088267616,-122.48719381874768,main_campus,matched,
202620,Spring 2026,MUS 225A 0,21197,Aural Skills VI,PA,Performing Arts Center,Performing Arts Center,047,TueThu,10:00,10:50,27,48.737911088267616,-122.48719381874768,main_campus,matched,
202620,Spring 2026,MUS 225B 0,21199,Keyboard Skills VI,PA,Performing Arts Center,Performing Arts Center,170,TueThu,10:00,10:50,17,48.737911088267616,-122.48719381874768,main_campus,matched,
202620,Spring 2026,MUS 442 0,20567,Sem Mus: Music &amp; Global Sport,PA,Performing Arts Center,Performing Arts Center,376B,TueThu,10:00,11:50,5,48.737911088267616,-122.48719381874768,main_campus,matched,
202620,Spring 2026,MUS 550 0,23998,Seminar in Musicology,PA,Performing Arts Center,Performing Arts Center,376B,TueThu,10:00,11:50,6,48.737911088267616,-122.48719381874768,main_campus,matched,
202620,Spring 2026,THTR 264 02,22357,Movement Studio I: Grotowski,PA,Performing Arts Center,Performing Arts Center,399,TueThu,10:00,11:50,15,48.737911088267616,-122.48719381874768,main_campus,matched,
202620,Spring 2026,MUS 463 0,21724,Secondary Choral Music Education,PA,Performing Arts Center,Performing Arts Center,016,TueThu,10:30,11:50,6,48.737911088267616,-122.48719381874768,main_campus,matched,
202620,Spring 2026,MUS 465 0,21725,Secondary Instrumental Music Education,PA,Performing Arts Center,Performing Arts Center,024,TueThu,10:30,11:50,18,48.737911088267616,-122.48719381874768,main_campus,matched,
202620,Spring 2026,MUS 225A 0,21198,Aural Skills VI,PA,Performing Arts Center,Performing Arts Center,047,TueThu,11:00,11:50,20,48.737911088267616,-122.48719381874768,main_campus,matched,
202620,Spring 2026,MUS 225B 0,21200,Keyboard Skills VI,PA,Performing Arts Center,Performing Arts Center,170,TueThu,11:00,11:50,22,48.737911088267616,-122.48719381874768,main_campus,matched,
202620,Spring 2026,MUS 275 0,20564,Jazz Combo III,PA,Performing Arts Center,Performing Arts Center,110,TueThu,11:00,11:50,6,48.737911088267616,-122.48719381874768,main_campus,matched,
202620,Spring 2026,MUS 475 515,20080,Jazz Combo I,PA,Performing Arts Center,Performing Arts Center,110,TueThu,12:00,12:50,4,48.737911088267616,-122.48719381874768,main_campus,matched,
202620,Spring 2026,MUS 575 543,20084,Chamber Jazz Ensembles,PA,Performing Arts Center,Performing Arts Center,110,TueThu,12:00,12:50,1,48.737911088267616,-122.48719381874768,main_campus,matched,
202620,Spring 2026,MUS 281 0,22371,Chamber Music: Winds,PA,Performing Arts Center,Performing Arts Center,047,TueThu,13:00,13:50,11,48.737911088267616,-122.48719381874768,main_campus,matched,
202620,Spring 2026,MUS 481 0,21191,Adv. Chamber Mus: Winds,PA,Performing Arts Center,Performing Arts Center,OFC,TueThu,13:00,13:50,1,48.737911088267616,-122.48719381874768,main_campus,matched,
202620,Spring 2026,MUS 481 07,21219,Adv. Chamber Mus: Brass,PA,Performing Arts Center,Performing Arts Center,OFC,TueThu,13:00,13:50,0,48.737911088267616,-122.48719381874768,main_campus,matched,
202620,Spring 2026,THTR 364 02,20416,Movement Studio II: Suzuki/Viewpoints,PA,Performing Arts Center,Performing Arts Center,399,TueThu,13:00,14:50,12,48.737911088267616,-122.48719381874768,main_campus,matched,
202620,Spring 2026,MUS 466D 0,22080,Applied Music Pedagogy: Voice II,PA,Performing Arts Center,Performing Arts Center,016,TueThu,15:00,15:50,13,48.737911088267616,-122.48719381874768,main_campus,matched,
202620,Spring 2026,MUS 284 01,21545,Vocal Jazz Ensemble,PA,Performing Arts Center,Performing Arts Center,016,TueThu,16:00,17:20,17,48.737911088267616,-122.48719381874768,main_campus,matched,
202620,Spring 2026,MUS 398 0,21644,Integrated Arts for Elementary Educators,PA,Performing Arts Center,Performing Arts Center,047,TueThu,16:00,17:20,26,48.737911088267616,-122.48719381874768,main_campus,matched,
202620,Spring 2026,MUS 478 0,21005,Advanced Opera Production,PA,Performing Arts Center,Performing Arts Center,016,TueWedThuFri,18:30,21:20,6,48.737911088267616,-122.48719381874768,main_campus,matched,
202620,Spring 2026,MUS 264Q 0,21400,Pedagogy/Lab: Marching Percussion,PA,Performing Arts Center,Performing Arts Center,024,Wed,08:00,08:50,0,48.737911088267616,-122.48719381874768,main_campus,matched,
202620,Spring 2026,MUS 264L 0,22009,Single Reed Pedagogy,PA,Performing Arts Center,Performing Arts Center,024,Wed,09:00,09:50,10,48.737911088267616,-122.48719381874768,main_campus,matched,
202620,Spring 2026,MUS 265D 0,22008,Low String Pedagogy,PA,Performing Arts Center,Performing Arts Center,024,Wed,10:00,10:50,10,48.737911088267616,-122.48719381874768,main_campus,matched,
202620,Spring 2026,MUS 212 0,21794,Applied Instruction: Piano,PA,Performing Arts Center,Performing Arts Center,155,Wed,11:00,11:50,5,48.737911088267616,-122.48719381874768,main_campus,matched,
202620,Spring 2026,MUS 212 0,21795,Applied Instruction: Piano,PA,Performing Arts Center,Performing Arts Center,155,Wed,11:00,11:50,0,48.737911088267616,-122.48719381874768,main_campus,matched,
202620,Spring 2026,MUS 312 0,21792,Applied Instruction: Piano,PA,Performing Arts Center,Performing Arts Center,155,Wed,11:00,11:50,1,48.737911088267616,-122.48719381874768,main_campus,matched,
202620,Spring 2026,MUS 412 0,21793,Applied Instruction: Piano,PA,Performing Arts Center,Performing Arts Center,155,Wed,11:00,11:50,0,48.737911088267616,-122.48719381874768,main_campus,matched,
202620,Spring 2026,MUS 212 0,20733,Applied Instruction: Piano,PA,Performing Arts Center,Performing Arts Center,155,Wed,12:00,12:50,6,48.737911088267616,-122.48719381874768,main_campus,matched,
202620,Spring 2026,MUS 212 0,20734,Applied Instruction: Piano,PA,Performing Arts Center,Performing Arts Center,155,Wed,12:00,12:50,0,48.737911088267616,-122.48719381874768,main_campus,matched,
202620,Spring 2026,MUS 312 0,20787,Applied Instruction: Piano,PA,Performing Arts Center,Performing Arts Center,155,Wed,12:00,12:50,1,48.737911088267616,-122.48719381874768,main_campus,matched,
202620,Spring 2026,MUS 412 0,20812,Applied Instruction: Piano,PA,Performing Arts Center,Performing Arts Center,155,Wed,12:00,12:50,0,48.737911088267616,-122.48719381874768,main_campus,matched,
202620,Spring 2026,MUS 473 0,20352,University Symphony Orchestra,PA,Performing Arts Center,Performing Arts Center,024,Wed,12:00,13:20,62,48.737911088267616,-122.48719381874768,main_campus,matched,
202620,Spring 2026,MUS 573 0,20862,University Symphony Orchestra,PA,Performing Arts Center,Performing Arts Center,024,Wed,12:00,13:20,4,48.737911088267616,-122.48719381874768,main_campus,matched,
202620,Spring 2026,MUS 125B 05,21221,Keyboard Skills III,PA,Performing Arts Center,Performing Arts Center,170,Wed,14:00,14:50,8,48.737911088267616,-122.48719381874768,main_campus,matched,
202620,Spring 2026,MUS 485 0,22410,New Music Ensemble,PA,Performing Arts Center,Performing Arts Center,123,Wed,14:00,15:50,6,48.737911088267616,-122.48719381874768,main_campus,matched,
202620,Spring 2026,MUS 585 0,22409,New Music Ensemble,PA,Performing Arts Center,Performing Arts Center,123,Wed,14:00,15:50,0,48.737911088267616,-122.48719381874768,main_campus,matched,
202620,Spring 2026,MUS 125B 0,21734,Keyboard Skills III,PA,Performing Arts Center,Performing Arts Center,170,Wed,15:00,15:50,15,48.737911088267616,-122.48719381874768,main_campus,matched,
202620,Spring 2026,MUS 214A 0,20750,Applied Instruction: Flute,PA,Performing Arts Center,Performing Arts Center,155,Wed,15:00,15:50,8,48.737911088267616,-122.48719381874768,main_campus,matched,
202620,Spring 2026,MUS 214A 0,20751,Applied Instruction: Flute,PA,Performing Arts Center,Performing Arts Center,155,Wed,15:00,15:50,0,48.737911088267616,-122.48719381874768,main_campus,matched,
202620,Spring 2026,MUS 314A 0,20795,Applied Instruction: Flute,PA,Performing Arts Center,Performing Arts Center,155,Wed,15:00,15:50,2,48.737911088267616,-122.48719381874768,main_campus,matched,
202620,Spring 2026,MUS 414A 0,20844,Applied Instruction: Flute,PA,Performing Arts Center,Performing Arts Center,155,Wed,15:00,15:50,1,48.737911088267616,-122.48719381874768,main_campus,matched,
202620,Spring 2026,MUS 514 0,24098,Individual Instruction: Advanced  Winds and Percussion,PA,Performing Arts Center,Performing Arts Center,OFC,Wed,15:00,15:50,1,48.737911088267616,-122.48719381874768,main_campus,matched,
202620,Spring 2026,MUS 214C 0,20752,Applied Instruction: Clarinet,PA,Performing Arts Center,Performing Arts Center,168,Wed,16:00,16:50,6,48.737911088267616,-122.48719381874768,main_campus,matched,
202620,Spring 2026,MUS 214C 0,20753,Applied Instruction: Clarinet,PA,Performing Arts Center,Performing Arts Center,168,Wed,16:00,16:50,1,48.737911088267616,-122.48719381874768,main_campus,matched,
202620,Spring 2026,MUS 276 0,20915,Piano Accompanying,PA,Performing Arts Center,Performing Arts Center,155,Wed,16:00,17:50,6,48.737911088267616,-122.48719381874768,main_campus,matched,
202620,Spring 2026,MUS 281 0,22373,Percussion Ensemble,PA,Performing Arts Center,Performing Arts Center,024,Wed,16:00,16:50,20,48.737911088267616,-122.48719381874768,main_campus,matched,
202620,Spring 2026,MUS 314C 0,20797,Applied Instruction: Clarinet,PA,Performing Arts Center,Performing Arts Center,168,Wed,16:00,16:50,3,48.737911088267616,-122.48719381874768,main_campus,matched,
202620,Spring 2026,MUS 414C 0,21120,Applied Instruction: Clarinet,PA,Performing Arts Center,Performing Arts Center,168,Wed,16:00,16:50,1,48.737911088267616,-122.48719381874768,main_campus,matched,
202620,Spring 2026,MUS 476 0,20916,Advanced Piano Accompanying,PA,Performing Arts Center,Performing Arts Center,155,Wed,16:00,17:50,4,48.737911088267616,-122.48719381874768,main_campus,matched,
202620,Spring 2026,MUS 576 0,22291,Accompanying,PA,Performing Arts Center,Performing Arts Center,155,Wed,16:00,17:50,1,48.737911088267616,-122.48719381874768,main_campus,matched,
202620,Spring 2026,MUS 214K 0,20769,Applied Instruction: Percussion,PA,Performing Arts Center,Performing Arts Center,024,Wed,17:00,17:50,9,48.737911088267616,-122.48719381874768,main_campus,matched,
202620,Spring 2026,MUS 214K 0,20770,Applied Instruction: Percussion,PA,Performing Arts Center,Performing Arts Center,024,Wed,17:00,17:50,2,48.737911088267616,-122.48719381874768,main_campus,matched,
202620,Spring 2026,MUS 314K 0,20803,Applied Instruction: Percussion,PA,Performing Arts Center,Performing Arts Center,024,Wed,17:00,17:50,1,48.737911088267616,-122.48719381874768,main_campus,matched,
202620,Spring 2026,MUS 414K 0,20827,Applied Instruction: Percussion,PA,Performing Arts Center,Performing Arts Center,024,Wed,17:00,17:50,1,48.737911088267616,-122.48719381874768,main_campus,matched,
202620,Spring 2026,MUS 514 0,22051,Individual Instruction: Advanced  Winds and Percussion,PA,Performing Arts Center,Performing Arts Center,OFC,Wed,17:00,17:50,0,48.737911088267616,-122.48719381874768,main_campus,matched,
202620,Spring 2026,MUS 214E 0,20757,Applied Instruction: Saxophone,PA,Performing Arts Center,Performing Arts Center,168,Wed,18:00,18:50,3,48.737911088267616,-122.48719381874768,main_campus,matched,
202620,Spring 2026,MUS 214E 0,20758,Applied Instruction: Saxophone,PA,Performing Arts Center,Performing Arts Center,168,Wed,18:00,18:50,2,48.737911088267616,-122.48719381874768,main_campus,matched,
202620,Spring 2026,MUS 272 0,20379,Symphonic Band,PA,Performing Arts Center,Performing Arts Center,155,Wed,18:00,19:50,76,48.737911088267616,-122.48719381874768,main_campus,matched,
202620,Spring 2026,MUS 272 0,20379,Symphonic Band,PA,Performing Arts Center,Performing Arts Center,024,Wed,18:00,19:50,76,48.737911088267616,-122.48719381874768,main_campus,matched,
202620,Spring 2026,MUS 262 0,21909,K-12 Classroom Accomp. Ped.,PA,Performing Arts Center,Performing Arts Center,016,WedFri,09:00,09:50,13,48.737911088267616,-122.48719381874768,main_campus,matched,
202620,Spring 2026,MUS 282 0,21119,Guitar Ensemble,PA,Performing Arts Center,Performing Arts Center,047,WedFri,16:00,16:50,8,48.737911088267616,-122.48719381874768,main_campus,matched,
202620,Spring 2026,DSCI 205 0,23591,Business Statistics,PH,Parks Hall,Parks Hall,146,Fri,08:30,09:50,30,48.733502762484584,-122.48672417412726,main_campus,matched,
202620,Spring 2026,BUS 410 0,23903,Professional &amp; Career Readiness as a College Graduate,PH,Parks Hall,Parks Hall,104,Fri,09:00,09:50,52,48.733502762484584,-122.48672417412726,main_campus,matched,
202620,Spring 2026,MIS 320 0,20124,Principles of Management Information Systems,PH,Parks Hall,Parks Hall,210B,Fri,12:00,13:20,22,48.733502762484584,-122.48672417412726,main_campus,matched,
202620,Spring 2026,MIS 320 0,20124,Principles of Management Information Systems,PH,Parks Hall,Parks Hall,210,Fri,12:00,13:20,22,48.733502762484584,-122.48672417412726,main_campus,matched,
202620,Spring 2026,MIS 401 0,22974,Leadership in Information Systems,PH,Parks Hall,Parks Hall,244,Fri,13:00,13:50,9,48.733502762484584,-122.48672417412726,main_campus,matched,
202620,Spring 2026,ACCT 422 0,22418,Enterprise Systems for Accountants,PH,Parks Hall,Parks Hall,210B,MonWed,08:00,09:50,27,48.733502762484584,-122.48672417412726,main_campus,matched,
202620,Spring 2026,MPAC 522 0,22423,Seminar in Enterprise Systems for Accountants,PH,Parks Hall,Parks Hall,210B,MonWed,08:00,09:50,0,48.733502762484584,-122.48672417412726,main_campus,matched,
202620,Spring 2026,DSCI 205 0,23591,Business Statistics,PH,Parks Hall,Parks Hall,146,MonWed,08:30,09:50,30,48.733502762484584,-122.48672417412726,main_campus,matched,
202620,Spring 2026,ACCT 240 S20,20282,Financial Accounting,PH,Parks Hall,Parks Hall,146,MonWed,10:00,11:50,57,48.733502762484584,-122.48672417412726,main_campus,matched,
202620,Spring 2026,ACCT 321 0,21606,Accounting Information Systems I,PH,Parks Hall,Parks Hall,210,MonWed,10:00,11:50,30,48.733502762484584,-122.48672417412726,main_campus,matched,
202620,Spring 2026,ACCT 321 0,21606,Accounting Information Systems I,PH,Parks Hall,Parks Hall,210B,MonWed,10:00,11:50,30,48.733502762484584,-122.48672417412726,main_campus,matched,
202620,Spring 2026,ECON 311 0,20534,Money and Banking,PH,Parks Hall,Parks Hall,244,MonWed,10:00,11:50,13,48.733502762484584,-122.48672417412726,main_campus,matched,
202620,Spring 2026,ENTR 474 0,23896,Leadership &amp; Skills: Age of AI,PH,Parks Hall,Parks Hall,108,MonWed,10:00,11:50,4,48.733502762484584,-122.48672417412726,main_campus,matched,
202620,Spring 2026,MGMT 474 0,23897,Leadership &amp; Skills: Age of AI,PH,Parks Hall,Parks Hall,108,MonWed,10:00,11:50,4,48.733502762484584,-122.48672417412726,main_campus,matched,
202620,Spring 2026,MKTG 476 S25,22191,Digital Marketing,PH,Parks Hall,Parks Hall,228,MonWed,10:00,11:50,35,48.733502762484584,-122.48672417412726,main_campus,matched,
202620,Spring 2026,DSCI 407 0,21215,Predictive Analytics for Business,PH,Parks Hall,Parks Hall,244,MonWed,12:00,13:50,30,48.733502762484584,-122.48672417412726,main_campus,matched,
202620,Spring 2026,ECON 207 0,20522,Introduction to Macroeconomics,PH,Parks Hall,Parks Hall,228,MonWed,12:00,13:50,50,48.733502762484584,-122.48672417412726,main_campus,matched,
202620,Spring 2026,FIN 215 S25,21829,Personal Finance,PH,Parks Hall,Parks Hall,146,MonWed,12:00,13:50,74,48.733502762484584,-122.48672417412726,main_campus,matched,
202620,Spring 2026,IBUS 473 0,23464,Exporting and International Export Operations,PH,Parks Hall,Parks Hall,108,MonWed,12:00,13:50,11,48.733502762484584,-122.48672417412726,main_campus,matched,
202620,Spring 2026,MBA 503 0,23196,Macroeconomics,PH,Parks Hall,Parks Hall,015,MonWed,12:00,13:50,13,48.733502762484584,-122.48672417412726,main_campus,matched,
202620,Spring 2026,MIS 432 0,22381,Artificial Intelligence in Business,PH,Parks Hall,Parks Hall,047,MonWed,12:00,13:50,25,48.733502762484584,-122.48672417412726,main_campus,matched,
202620,Spring 2026,ESCI 340 01,20628,Biostatistical Analysis,PH,Parks Hall,Parks Hall,104,MonWed,13:00,14:20,29,48.733502762484584,-122.48672417412726,main_campus,matched,
202620,Spring 2026,ACCT 341 S16,20005,Intermediate Accounting Theory and Practice I,PH,Parks Hall,Parks Hall,244,MonWed,14:00,15:50,34,48.733502762484584,-122.48672417412726,main_campus,matched,
202620,Spring 2026,ECON 197D 0,23890,Capitalism: Its Origins and Its Future,PH,Parks Hall,Parks Hall,146,MonWed,14:00,15:50,36,48.733502762484584,-122.48672417412726,main_campus,matched,
202620,Spring 2026,ENTR 446 0,22982,Advanced Entrepreneurship and Innovation Experience,PH,Parks Hall,Parks Hall,108,MonWed,14:00,15:50,10,48.733502762484584,-122.48672417412726,main_campus,matched,
202620,Spring 2026,MGMT 492 0,22904,Entrepreneurial Problems,PH,Parks Hall,Parks Hall,108,MonWed,14:00,15:50,12,48.733502762484584,-122.48672417412726,main_campus,matched,
202620,Spring 2026,MBA 532 0,21694,Marketing Strategy,PH,Parks Hall,Parks Hall,015,MonWed,15:00,16:50,16,48.733502762484584,-122.48672417412726,main_campus,matched,
202620,Spring 2026,ECON 207 0,20105,Introduction to Macroeconomics,PH,Parks Hall,Parks Hall,104,MonWed,16:00,17:50,28,48.733502762484584,-122.48672417412726,main_campus,matched,
202620,Spring 2026,FIN 455 0,23459,Equity Analysis,PH,Parks Hall,Parks Hall,109,MonWed,16:00,17:50,10,48.733502762484584,-122.48672417412726,main_campus,matched,
202620,Spring 2026,OPS 468 0,20702,Global Supply Chain Strategy,PH,Parks Hall,Parks Hall,244,MonWed,16:00,17:50,26,48.733502762484584,-122.48672417412726,main_campus,matched,
202620,Spring 2026,MGMT 271 0,20036,Law and the Business Environment,PH,Parks Hall,Parks Hall,146,MonWed,17:00,18:50,28,48.733502762484584,-122.48672417412726,main_campus,matched,
202620,Spring 2026,ECON 375 0,21088,Introduction to Econometrics,PH,Parks Hall,Parks Hall,104,MonWedFri,10:00,11:20,20,48.733502762484584,-122.48672417412726,main_campus,matched,
202620,Spring 2026,ECON 206 0,20836,Introduction to Microeconomics,PH,Parks Hall,Parks Hall,104,MonWedFri,11:30,12:50,55,48.733502762484584,-122.48672417412726,main_campus,matched,
202620,Spring 2026,ECON 206 0,20133,Introduction to Microeconomics,PH,Parks Hall,Parks Hall,104,MonWedFri,14:30,15:50,47,48.733502762484584,-122.48672417412726,main_campus,matched,
202620,Spring 2026,ECON 207 0,22319,Introduction to Macroeconomics,PH,Parks Hall,Parks Hall,228,MonWedFri,14:30,15:50,51,48.733502762484584,-122.48672417412726,main_campus,matched,
202620,Spring 2026,ECON 206 0,20044,Introduction to Microeconomics,PH,Parks Hall,Parks Hall,228,MonWedFri,16:00,17:20,15,48.733502762484584,-122.48672417412726,main_campus,matched,
202620,Spring 2026,MIS 320 0,20103,Principles of Management Information Systems,PH,Parks Hall,Parks Hall,210B,Thu,12:00,13:20,9,48.733502762484584,-122.48672417412726,main_campus,matched,
202620,Spring 2026,MIS 320 0,20103,Principles of Management Information Systems,PH,Parks Hall,Parks Hall,210,Thu,12:00,13:20,9,48.733502762484584,-122.48672417412726,main_campus,matched,
202620,Spring 2026,MBA 598 0,23198,Business Consulting Capstone 1,PH,Parks Hall,Parks Hall,104,Thu,18:00,19:50,20,48.733502762484584,-122.48672417412726,main_campus,matched,
202620,Spring 2026,MBA 595 0,23197,Competing in a Global Environment,PH,Parks Hall,Parks Hall,104,Thu,20:00,21:50,22,48.733502762484584,-122.48672417412726,main_campus,matched,
202620,Spring 2026,BUS 410 0,22190,Professional &amp; Career Readiness as a College Graduate,PH,Parks Hall,Parks Hall,104,Tue,08:00,08:50,58,48.733502762484584,-122.48672417412726,main_campus,matched,
202620,Spring 2026,BUS 310 0,22153,Introduction to Professional &amp; Career Readiness,PH,Parks Hall,Parks Hall,104,Tue,09:00,09:50,43,48.733502762484584,-122.48672417412726,main_campus,matched,
202620,Spring 2026,BUS 310 0,22154,Introduction to Professional &amp; Career Readiness,PH,Parks Hall,Parks Hall,146,Tue,13:00,13:50,58,48.733502762484584,-122.48672417412726,main_campus,matched,
202620,Spring 2026,MBA 595 0,23197,Competing in a Global Environment,PH,Parks Hall,Parks Hall,104,Tue,18:00,19:50,22,48.733502762484584,-122.48672417412726,main_campus,matched,
202620,Spring 2026,MBA 598 0,23198,Business Consulting Capstone 1,PH,Parks Hall,Parks Hall,104,Tue,20:00,21:50,20,48.733502762484584,-122.48672417412726,main_campus,matched,
202620,Spring 2026,HRM 322 0,20502,Human Resource Management,PH,Parks Hall,Parks Hall,108,TueThu,08:00,09:50,23,48.733502762484584,-122.48672417412726,main_campus,matched,
202620,Spring 2026,ACCT 342 S17,20006,Intermediate Accounting Theory and Practice II,PH,Parks Hall,Parks Hall,244,TueThu,10:00,11:50,27,48.733502762484584,-122.48672417412726,main_campus,matched,
202620,Spring 2026,ECON 101 0,22885,Markets and Society,PH,Parks Hall,Parks Hall,146,TueThu,10:00,11:50,103,48.733502762484584,-122.48672417412726,main_campus,matched,
202620,Spring 2026,ECON 207 0,20049,Introduction to Macroeconomics,PH,Parks Hall,Parks Hall,104,TueThu,10:00,11:50,35,48.733502762484584,-122.48672417412726,main_campus,matched,
202620,Spring 2026,MBA 541 0,21695,Managerial Finance,PH,Parks Hall,Parks Hall,015,TueThu,10:00,11:50,15,48.733502762484584,-122.48672417412726,main_campus,matched,
202620,Spring 2026,MGMT 319 0,21821,Communication Skills for Managers,PH,Parks Hall,Parks Hall,108,TueThu,10:00,11:50,25,48.733502762484584,-122.48672417412726,main_campus,matched,
202620,Spring 2026,MIS 421 0,22973,Business Database Development,PH,Parks Hall,Parks Hall,047,TueThu,10:00,11:50,15,48.733502762484584,-122.48672417412726,main_campus,matched,
202620,Spring 2026,OPS 463 0,23950,Enterprise Resource Planning Systems,PH,Parks Hall,Parks Hall,228,TueThu,10:00,11:50,13,48.733502762484584,-122.48672417412726,main_campus,matched,
202620,Spring 2026,ECON 206 0,20837,Introduction to Microeconomics,PH,Parks Hall,Parks Hall,104,TueThu,12:00,13:50,49,48.733502762484584,-122.48672417412726,main_campus,matched,
202620,Spring 2026,ECON 442 0,22325,Industrial Organization and Public Policy,PH,Parks Hall,Parks Hall,228,TueThu,12:00,13:50,3,48.733502762484584,-122.48672417412726,main_campus,matched,
202620,Spring 2026,MGMT 413 0,20886,Management Consulting Skills,PH,Parks Hall,Parks Hall,108,TueThu,12:00,13:50,19,48.733502762484584,-122.48672417412726,main_campus,matched,
202620,Spring 2026,OPS 467 0,21721,Logistics Modeling and Analysis,PH,Parks Hall,Parks Hall,244,TueThu,12:00,13:50,18,48.733502762484584,-122.48672417412726,main_campus,matched,
202620,Spring 2026,MBA 595 0,21696,Competing in a Global Environment,PH,Parks Hall,Parks Hall,015,TueThu,13:00,14:50,13,48.733502762484584,-122.48672417412726,main_campus,matched,
202620,Spring 2026,ACCT 240 S05,20126,Financial Accounting,PH,Parks Hall,Parks Hall,146,TueThu,14:00,15:50,32,48.733502762484584,-122.48672417412726,main_campus,matched,
202620,Spring 2026,ACCT 331 S14,20128,Cost Management,PH,Parks Hall,Parks Hall,228,TueThu,14:00,15:50,32,48.733502762484584,-122.48672417412726,main_campus,matched,
202620,Spring 2026,ECON 206 0,20196,Introduction to Microeconomics,PH,Parks Hall,Parks Hall,104,TueThu,14:00,15:50,25,48.733502762484584,-122.48672417412726,main_campus,matched,
202620,Spring 2026,MGMT 313 0,20283,Teamwork Basics,PH,Parks Hall,Parks Hall,108,TueThu,14:00,15:50,26,48.733502762484584,-122.48672417412726,main_campus,matched,
202620,Spring 2026,MIS 322 0,22972,Business Applications Development,PH,Parks Hall,Parks Hall,210,TueThu,14:00,15:50,12,48.733502762484584,-122.48672417412726,main_campus,matched,
202620,Spring 2026,PSY 586 0,20969,Scholarship &amp; Communication 2: Writing Research,PH,Parks Hall,Parks Hall,244,TueThu,14:00,15:20,5,48.733502762484584,-122.48672417412726,main_campus,matched,
202620,Spring 2026,ACCT 470 S25,20129,Law of Commercial Transactions,PH,Parks Hall,Parks Hall,244,TueThu,16:00,17:50,20,48.733502762484584,-122.48672417412726,main_campus,matched,
202620,Spring 2026,MGMT 271 0,20263,Law and the Business Environment,PH,Parks Hall,Parks Hall,146,TueThu,17:00,18:50,12,48.733502762484584,-122.48672417412726,main_campus,matched,
202620,Spring 2026,CHEM 354 0,23251,Organic Chemistry Laboratory I,SL,SMATE (Science Lecture),Science Lecture Building,130,Fri,14:00,14:50,23,48.735314656153456,-122.48725235656487,main_campus,matched,
202620,Spring 2026,CHEM 354 C50,22645,Organic Chemistry Laboratory I,SL,SMATE (Science Lecture),Science Lecture Building,130,Fri,14:00,14:50,23,48.735314656153456,-122.48725235656487,main_campus,matched,
202620,Spring 2026,CHEM 354 C51,22646,Organic Chemistry Laboratory I,SL,SMATE (Science Lecture),Science Lecture Building,130,Fri,14:00,14:50,23,48.735314656153456,-122.48725235656487,main_campus,matched,
202620,Spring 2026,CHEM 402 0,23538,Seminar in Chemistry &amp; Biochemistry,SL,SMATE (Science Lecture),Science Lecture Building,130,Fri,15:00,16:20,12,48.735314656153456,-122.48725235656487,main_campus,matched,
202620,Spring 2026,CHEM 596 C86,20295,Seminar in Current Chemistry and Biochemistry,SL,SMATE (Science Lecture),Science Lecture Building,130,Fri,15:00,16:20,12,48.735314656153456,-122.48725235656487,main_campus,matched,
202620,Spring 2026,MACS 399 0,22095,Intro to Marine and Coastal Science: Speaker Series,SL,SMATE (Science Lecture),Science Lecture Building,140,Mon,14:00,14:50,34,48.735314656153456,-122.48725235656487,main_campus,matched,
202620,Spring 2026,MATH 304 0,20876,Linear Algebra,SL,SMATE (Science Lecture),Science Lecture Building,140,MonTueThuFri,12:00,12:50,29,48.735314656153456,-122.48725235656487,main_campus,matched,
202620,Spring 2026,MATH 341 0,20034,Probability and Statistical Inference,SL,SMATE (Science Lecture),Science Lecture Building,140,MonTueThuFri,13:00,13:50,22,48.735314656153456,-122.48725235656487,main_campus,matched,
202620,Spring 2026,CHEM 163 C29,21346,General Chemistry III,SL,SMATE (Science Lecture),Science Lecture Building,120,MonTueWedFri,08:00,08:50,30,48.735314656153456,-122.48725235656487,main_campus,matched,
202620,Spring 2026,CHEM 163 C30,21347,General Chemistry III,SL,SMATE (Science Lecture),Science Lecture Building,120,MonTueWedFri,08:00,08:50,32,48.735314656153456,-122.48725235656487,main_campus,matched,
202620,Spring 2026,CHEM 163 C31,21348,General Chemistry III,SL,SMATE (Science Lecture),Science Lecture Building,120,MonTueWedFri,08:00,08:50,31,48.735314656153456,-122.48725235656487,main_campus,matched,
202620,Spring 2026,CHEM 351 C45,20970,Organic Chemistry,SL,SMATE (Science Lecture),Science Lecture Building,150,MonTueWedFri,09:00,09:50,57,48.735314656153456,-122.48725235656487,main_campus,matched,
202620,Spring 2026,CHEM 352 C46,20435,Organic Chemistry,SL,SMATE (Science Lecture),Science Lecture Building,110,MonTueWedFri,09:00,09:50,45,48.735314656153456,-122.48725235656487,main_campus,matched,
202620,Spring 2026,CHEM 353 C48,20055,Organic Chemistry,SL,SMATE (Science Lecture),Science Lecture Building,130,MonTueWedFri,09:00,09:50,37,48.735314656153456,-122.48725235656487,main_campus,matched,
202620,Spring 2026,CHEM 162 C21,21338,General Chemistry II,SL,SMATE (Science Lecture),Science Lecture Building,120,MonTueWedFri,10:00,10:50,24,48.735314656153456,-122.48725235656487,main_campus,matched,
202620,Spring 2026,CHEM 162 C22,21339,General Chemistry II,SL,SMATE (Science Lecture),Science Lecture Building,120,MonTueWedFri,10:00,10:50,21,48.735314656153456,-122.48725235656487,main_campus,matched,
202620,Spring 2026,CHEM 162 C23,21340,General Chemistry II,SL,SMATE (Science Lecture),Science Lecture Building,120,MonTueWedFri,10:00,10:50,23,48.735314656153456,-122.48725235656487,main_campus,matched,
202620,Spring 2026,CHEM 162 C24,21341,General Chemistry II,SL,SMATE (Science Lecture),Science Lecture Building,120,MonTueWedFri,10:00,10:50,10,48.735314656153456,-122.48725235656487,main_campus,matched,
202620,Spring 2026,CHEM 441 0,22021,Advanced Inorganic Chemistry,SL,SMATE (Science Lecture),Science Lecture Building,110,MonTueWedFri,10:00,10:50,13,48.735314656153456,-122.48725235656487,main_campus,matched,
202620,Spring 2026,CSCI 330 0,21915,Database Systems,SL,SMATE (Science Lecture),Science Lecture Building,140,MonTueWedFri,10:00,10:50,27,48.735314656153456,-122.48725235656487,main_campus,matched,
202620,Spring 2026,CHEM 161 C13,21334,General Chemistry I,SL,SMATE (Science Lecture),Science Lecture Building,150,MonTueWedFri,11:00,11:50,18,48.735314656153456,-122.48725235656487,main_campus,matched,
202620,Spring 2026,CHEM 161 C14,21335,General Chemistry I,SL,SMATE (Science Lecture),Science Lecture Building,150,MonTueWedFri,11:00,11:50,5,48.735314656153456,-122.48725235656487,main_campus,matched,
202620,Spring 2026,CHEM 161 C15,21336,General Chemistry I,SL,SMATE (Science Lecture),Science Lecture Building,150,MonTueWedFri,11:00,11:50,12,48.735314656153456,-122.48725235656487,main_campus,matched,
202620,Spring 2026,CHEM 161 C16,21337,General Chemistry I,SL,SMATE (Science Lecture),Science Lecture Building,150,MonTueWedFri,11:00,11:50,2,48.735314656153456,-122.48725235656487,main_campus,matched,
202620,Spring 2026,CHEM 352 C47,21226,Organic Chemistry,SL,SMATE (Science Lecture),Science Lecture Building,140,MonTueWedFri,11:00,11:50,30,48.735314656153456,-122.48725235656487,main_campus,matched,
202620,Spring 2026,CHEM 353 C49,20134,Organic Chemistry,SL,SMATE (Science Lecture),Science Lecture Building,130,MonTueWedFri,11:00,11:50,47,48.735314656153456,-122.48725235656487,main_campus,matched,
202620,Spring 2026,CHEM 161 C09,21330,General Chemistry I,SL,SMATE (Science Lecture),Science Lecture Building,120,MonTueWedFri,12:00,12:50,23,48.735314656153456,-122.48725235656487,main_campus,matched,
202620,Spring 2026,CHEM 161 C10,21331,General Chemistry I,SL,SMATE (Science Lecture),Science Lecture Building,120,MonTueWedFri,12:00,12:50,24,48.735314656153456,-122.48725235656487,main_campus,matched,
202620,Spring 2026,CHEM 161 C11,21332,General Chemistry I,SL,SMATE (Science Lecture),Science Lecture Building,120,MonTueWedFri,12:00,12:50,24,48.735314656153456,-122.48725235656487,main_campus,matched,
202620,Spring 2026,CHEM 161 C12,21333,General Chemistry I,SL,SMATE (Science Lecture),Science Lecture Building,120,MonTueWedFri,12:00,12:50,17,48.735314656153456,-122.48725235656487,main_campus,matched,
202620,Spring 2026,CHEM 162 C25,21342,General Chemistry II,SL,SMATE (Science Lecture),Science Lecture Building,120,MonTueWedFri,13:00,13:50,23,48.735314656153456,-122.48725235656487,main_campus,matched,
202620,Spring 2026,CHEM 162 C26,21343,General Chemistry II,SL,SMATE (Science Lecture),Science Lecture Building,120,MonTueWedFri,13:00,13:50,23,48.735314656153456,-122.48725235656487,main_campus,matched,
202620,Spring 2026,CHEM 162 C27,21344,General Chemistry II,SL,SMATE (Science Lecture),Science Lecture Building,120,MonTueWedFri,13:00,13:50,22,48.735314656153456,-122.48725235656487,main_campus,matched,
202620,Spring 2026,CHEM 162 C28,21345,General Chemistry II,SL,SMATE (Science Lecture),Science Lecture Building,120,MonTueWedFri,13:00,13:50,23,48.735314656153456,-122.48725235656487,main_campus,matched,
202620,Spring 2026,CHEM 163 C38,21355,General Chemistry III,SL,SMATE (Science Lecture),Science Lecture Building,150,MonTueWedFri,13:00,13:50,31,48.735314656153456,-122.48725235656487,main_campus,matched,
202620,Spring 2026,CHEM 163 C39,21356,General Chemistry III,SL,SMATE (Science Lecture),Science Lecture Building,150,MonTueWedFri,13:00,13:50,32,48.735314656153456,-122.48725235656487,main_campus,matched,
202620,Spring 2026,CHEM 163 C40,21357,General Chemistry III,SL,SMATE (Science Lecture),Science Lecture Building,150,MonTueWedFri,13:00,13:50,31,48.735314656153456,-122.48725235656487,main_campus,matched,
202620,Spring 2026,MATH 224 0,20323,Multivariable Calculus and Geometry I,SL,SMATE (Science Lecture),Science Lecture Building,110,MonTueWedThuFri,12:00,12:50,20,48.735314656153456,-122.48725235656487,main_campus,matched,
202620,Spring 2026,MATH 099 0,22470,Introductory Algebra,SL,SMATE (Science Lecture),Science Lecture Building,110,MonTueWedThuFri,14:00,14:50,42,48.735314656153456,-122.48725235656487,main_campus,matched,
202620,Spring 2026,BIOL 340 0,23616,Biostatistics,SL,SMATE (Science Lecture),Science Lecture Building,130,MonWed,13:00,14:20,20,48.735314656153456,-122.48725235656487,main_campus,matched,
202620,Spring 2026,BIOL 340 0,23617,Biostatistics,SL,SMATE (Science Lecture),Science Lecture Building,130,MonWed,13:00,14:20,18,48.735314656153456,-122.48725235656487,main_campus,matched,
202620,Spring 2026,DSCI 305 0,20261,Applied Business Statistics and Analytics,SL,SMATE (Science Lecture),Science Lecture Building,120,MonWed,14:30,15:50,56,48.735314656153456,-122.48725235656487,main_campus,matched,
202620,Spring 2026,DSCI 305 0,22960,Applied Business Statistics and Analytics,SL,SMATE (Science Lecture),Science Lecture Building,120,MonWed,14:30,15:50,51,48.735314656153456,-122.48725235656487,main_campus,matched,
202620,Spring 2026,SCED 491 0,20535,Methods in Secondary Education for Science Teachers,SL,SMATE (Science Lecture),Science Lecture Building,240,MonWedFri,08:00,09:50,8,48.735314656153456,-122.48725235656487,main_campus,matched,
202620,Spring 2026,CHEM 468 C69,20222,Biophysical Chemistry,SL,SMATE (Science Lecture),Science Lecture Building,140,MonWedFri,08:30,09:50,32,48.735314656153456,-122.48725235656487,main_campus,matched,
202620,Spring 2026,CSCI 102 0,20864,Computer-Mediated Communications,SL,SMATE (Science Lecture),Science Lecture Building,120,MonWedFri,09:00,09:50,15,48.735314656153456,-122.48725235656487,main_campus,matched,
202620,Spring 2026,CSCI 102 0,20865,Computer-Mediated Communications,SL,SMATE (Science Lecture),Science Lecture Building,120,MonWedFri,09:00,09:50,15,48.735314656153456,-122.48725235656487,main_campus,matched,
202620,Spring 2026,CSCI 102 0,20866,Computer-Mediated Communications,SL,SMATE (Science Lecture),Science Lecture Building,120,MonWedFri,09:00,09:50,10,48.735314656153456,-122.48725235656487,main_campus,matched,
202620,Spring 2026,CSCI 102 0,22554,Computer-Mediated Communications,SL,SMATE (Science Lecture),Science Lecture Building,120,MonWedFri,09:00,09:50,18,48.735314656153456,-122.48725235656487,main_campus,matched,
202620,Spring 2026,SCED 204 0,23235,Matter and Energy in Chemical Systems,SL,SMATE (Science Lecture),Science Lecture Building,210,MonWedFri,10:00,11:50,23,48.735314656153456,-122.48725235656487,main_campus,matched,
202620,Spring 2026,SCED 480 0,20445,Science Methods and Curriculum for the Elementary School,SL,SMATE (Science Lecture),Science Lecture Building,230,MonWedFri,10:00,11:50,24,48.735314656153456,-122.48725235656487,main_campus,matched,
202620,Spring 2026,BIOL 348 0,23620,Human Anatomy and Physiology w/lab,SL,SMATE (Science Lecture),Science Lecture Building,150,MonWedFri,12:00,12:50,18,48.735314656153456,-122.48725235656487,main_campus,matched,
202620,Spring 2026,BIOL 348 0,23621,Human Anatomy and Physiology w/lab,SL,SMATE (Science Lecture),Science Lecture Building,150,MonWedFri,12:00,12:50,18,48.735314656153456,-122.48725235656487,main_campus,matched,
202620,Spring 2026,BIOL 348 0,23622,Human Anatomy and Physiology w/lab,SL,SMATE (Science Lecture),Science Lecture Building,150,MonWedFri,12:00,12:50,20,48.735314656153456,-122.48725235656487,main_campus,matched,
202620,Spring 2026,BIOL 348 0,23623,Human Anatomy and Physiology w/lab,SL,SMATE (Science Lecture),Science Lecture Building,150,MonWedFri,12:00,12:50,20,48.735314656153456,-122.48725235656487,main_campus,matched,
202620,Spring 2026,CHEM 308 C44,20703,Introduction to Polymer Chemistry,SL,SMATE (Science Lecture),Science Lecture Building,130,MonWedFri,12:00,12:50,18,48.735314656153456,-122.48725235656487,main_campus,matched,
202620,Spring 2026,SCED 201 0,20875,Matter and Energy in Physical Systems,SL,SMATE (Science Lecture),Science Lecture Building,240S,MonWedFri,12:00,13:50,24,48.735314656153456,-122.48725235656487,main_campus,matched,
202620,Spring 2026,SCED 490 0,20325,Laboratory/Field Experience in Elementary Science,SL,SMATE (Science Lecture),Science Lecture Building,230,MonWedFri,12:30,14:20,21,48.735314656153456,-122.48725235656487,main_campus,matched,
202620,Spring 2026,GEOL 101 5,20570,Introduction to Geology,SL,SMATE (Science Lecture),Science Lecture Building,150,MonWedFri,14:00,14:50,5,48.735314656153456,-122.48725235656487,main_campus,matched,
202620,Spring 2026,GEOL 101 6,20571,Introduction to Geology,SL,SMATE (Science Lecture),Science Lecture Building,150,MonWedFri,14:00,14:50,7,48.735314656153456,-122.48725235656487,main_campus,matched,
202620,Spring 2026,GEOL 101 7,20572,Introduction to Geology,SL,SMATE (Science Lecture),Science Lecture Building,150,MonWedFri,14:00,14:50,5,48.735314656153456,-122.48725235656487,main_campus,matched,
202620,Spring 2026,GEOL 101 8,20573,Introduction to Geology,SL,SMATE (Science Lecture),Science Lecture Building,150,MonWedFri,14:00,14:50,13,48.735314656153456,-122.48725235656487,main_campus,matched,
202620,Spring 2026,SCED 201 0,20581,Matter and Energy in Physical Systems,SL,SMATE (Science Lecture),Science Lecture Building,240S,MonWedFri,14:00,15:50,24,48.735314656153456,-122.48725235656487,main_campus,matched,
202620,Spring 2026,MACS 492 0,22119,Marine Research Participation,SL,SMATE (Science Lecture),Science Lecture Building,230,MonWedFri,15:00,15:50,0,48.735314656153456,-122.48725235656487,main_campus,matched,
202620,Spring 2026,SCED 425 01,22199,Computing Education Method I,SL,SMATE (Science Lecture),Science Lecture Building,230,MonWedFri,15:00,15:50,3,48.735314656153456,-122.48725235656487,main_campus,matched,
202620,Spring 2026,CHEM 161 C05,21326,General Chemistry I,SL,SMATE (Science Lecture),Science Lecture Building,150,MonWedThuFri,10:00,10:50,24,48.735314656153456,-122.48725235656487,main_campus,matched,
202620,Spring 2026,CHEM 161 C06,21327,General Chemistry I,SL,SMATE (Science Lecture),Science Lecture Building,150,MonWedThuFri,10:00,10:50,17,48.735314656153456,-122.48725235656487,main_campus,matched,
202620,Spring 2026,CHEM 161 C07,21328,General Chemistry I,SL,SMATE (Science Lecture),Science Lecture Building,150,MonWedThuFri,10:00,10:50,21,48.735314656153456,-122.48725235656487,main_campus,matched,
202620,Spring 2026,CHEM 161 C08,21329,General Chemistry I,SL,SMATE (Science Lecture),Science Lecture Building,150,MonWedThuFri,10:00,10:50,19,48.735314656153456,-122.48725235656487,main_campus,matched,
202620,Spring 2026,CHEM 163 C32,21349,General Chemistry III,SL,SMATE (Science Lecture),Science Lecture Building,120,MonWedThuFri,11:00,11:50,32,48.735314656153456,-122.48725235656487,main_campus,matched,
202620,Spring 2026,CHEM 163 C33,21350,General Chemistry III,SL,SMATE (Science Lecture),Science Lecture Building,120,MonWedThuFri,11:00,11:50,32,48.735314656153456,-122.48725235656487,main_campus,matched,
202620,Spring 2026,CHEM 163 C34,21351,General Chemistry III,SL,SMATE (Science Lecture),Science Lecture Building,120,MonWedThuFri,11:00,11:50,30,48.735314656153456,-122.48725235656487,main_campus,matched,
202620,Spring 2026,CHEM 375 C56,20973,Elements of Biochemistry,SL,SMATE (Science Lecture),Science Lecture Building,110,MonWedThuFri,11:00,11:50,54,48.735314656153456,-122.48725235656487,main_campus,matched,
202620,Spring 2026,CHEM 356 C54,20562,Organic Chemistry Laboratory II for Life Sciences,SL,SMATE (Science Lecture),Science Lecture Building,120,Thu,10:00,10:50,24,48.735314656153456,-122.48725235656487,main_campus,matched,
202620,Spring 2026,SCED 435 0,23236, Secondary Computing Education Practicum I,SL,SMATE (Science Lecture),Science Lecture Building,OFC,Thu,12:00,13:50,2,48.735314656153456,-122.48725235656487,main_campus,matched,
202620,Spring 2026,CHEM 355 C53,22648,Organic Chemistry Laboratory II,SL,SMATE (Science Lecture),Science Lecture Building,110,Tue,13:00,13:50,19,48.735314656153456,-122.48725235656487,main_campus,matched,
202620,Spring 2026,SCED 297B 0,23349,Teaching and Learning about the Salish Sea,SL,SMATE (Science Lecture),Science Lecture Building,230,Tue,14:30,15:30,12,48.735314656153456,-122.48725235656487,main_campus,matched,
202620,Spring 2026,ENRG 391 0,23012,Energy Speaker Series,SL,SMATE (Science Lecture),Science Lecture Building,150,Tue,16:00,17:30,23,48.735314656153456,-122.48725235656487,main_campus,matched,
202620,Spring 2026,SEC 432 S08,20071,"Secondary School Methods III - Management, Motivation and Discipline",SL,SMATE (Science Lecture),Science Lecture Building,240,TueThu,10:00,11:50,16,48.735314656153456,-122.48725235656487,main_campus,matched,
202620,Spring 2026,CHEM 497M 0,23260,Structural Bioinformatics,SL,SMATE (Science Lecture),Science Lecture Building,130,TueThu,13:00,14:20,9,48.735314656153456,-122.48725235656487,main_campus,matched,
202620,Spring 2026,CHEM 597M 0,23261,Structural Bioinformatics,SL,SMATE (Science Lecture),Science Lecture Building,130,TueThu,13:00,14:20,3,48.735314656153456,-122.48725235656487,main_campus,matched,
202620,Spring 2026,ACCT 375 S20,20007,Taxation and Business Decisions,SL,SMATE (Science Lecture),Science Lecture Building,150,TueThu,14:00,15:50,35,48.735314656153456,-122.48725235656487,main_campus,matched,
202620,Spring 2026,ELED 471 0,23057,Documenting Teaching,SL,SMATE (Science Lecture),Science Lecture Building,230,TueThu,18:00,19:50,15,48.735314656153456,-122.48725235656487,main_campus,matched,
202620,Spring 2026,SCED 480 0,20450,Science Methods and Curriculum for the Elementary School,SL,SMATE (Science Lecture),Science Lecture Building,230,TueThuFri,10:00,11:50,20,48.735314656153456,-122.48725235656487,main_campus,matched,
202620,Spring 2026,SCED 490 0,20326,Laboratory/Field Experience in Elementary Science,SL,SMATE (Science Lecture),Science Lecture Building,230,TueThuFri,12:30,14:20,23,48.735314656153456,-122.48725235656487,main_campus,matched,
202620,Spring 2026,PA 110 0,23926,Yoga for Restoration,SV,Wade King Recreation Center,Wade King Student Recreation Center,201,Fri,08:00,09:50,9,48.73130130139795,-122.48879654796185,main_campus,matched,
202620,Spring 2026,PA 125 0,21634,Zumba,SV,Wade King Recreation Center,Wade King Student Recreation Center,201,MonWed,09:00,09:50,6,48.73130130139795,-122.48879654796185,main_campus,matched,
202620,Spring 2026,PA 104 0,21632,Beginning Yoga,SV,Wade King Recreation Center,Wade King Student Recreation Center,201,MonWed,10:00,10:50,14,48.73130130139795,-122.48879654796185,main_campus,matched,
202620,Spring 2026,PA 111 0,23927,Beginning Pilates,SV,Wade King Recreation Center,Wade King Student Recreation Center,222,MonWed,10:00,10:50,11,48.73130130139795,-122.48879654796185,main_campus,matched,
202620,Spring 2026,PA 104 0,23923,Beginning Yoga,SV,Wade King Recreation Center,Wade King Student Recreation Center,201,MonWed,11:00,11:50,8,48.73130130139795,-122.48879654796185,main_campus,matched,
202620,Spring 2026,PA 104 0,23924,Beginning Yoga,SV,Wade King Recreation Center,Wade King Student Recreation Center,201,TueThu,11:00,11:50,8,48.73130130139795,-122.48879654796185,main_campus,matched,
202620,Spring 2026,FIN 446 0,23458,Derivatives Markets,VU,Viking Union,Viking Union,552,MonWed,10:00,11:50,34,48.738683229772036,-122.48604131078089,main_campus,matched,
202620,Spring 2026,FIN 449 S25,20421,Cases in Financial Management,VU,Viking Union,Viking Union,552,MonWed,12:00,13:50,24,48.738683229772036,-122.48604131078089,main_campus,matched,
202620,Spring 2026,LING 207 0,21775,Language and Brain,VU,Viking Union,Viking Union,552,TueThu,12:00,13:50,75,48.738683229772036,-122.48604131078089,main_campus,matched,
202620,Spring 2026,OPS 360 0,20262,Operations Management,VU,Viking Union,Viking Union,552,TueThu,14:00,15:50,61,48.738683229772036,-122.48604131078089,main_campus,matched,
202620,Spring 2026,BIOL 206 0,21051,Introduction to Organismal Biology w/lab,WL,Wilson Library,Wilson Library,164F,MonWedFri,11:30,12:50,18,48.73765510132805,-122.48568487993742,main_campus,matched,
202620,Spring 2026,BIOL 206 0,21052,Introduction to Organismal Biology w/lab,WL,Wilson Library,Wilson Library,164F,MonWedFri,11:30,12:50,22,48.73765510132805,-122.48568487993742,main_campus,matched,
202620,Spring 2026,BIOL 206 0,21283,Introduction to Organismal Biology w/lab,WL,Wilson Library,Wilson Library,164F,MonWedFri,11:30,12:50,23,48.73765510132805,-122.48568487993742,main_campus,matched,
202620,Spring 2026,PLSC 271 5,22704,Introduction to International Relations,WL,Wilson Library,Wilson Library,164F,MonWedFri,13:00,14:20,45,48.73765510132805,-122.48568487993742,main_campus,matched,
202620,Spring 2026,LING 204 303,20088,Language and Society,WL,Wilson Library,Wilson Library,164F,TueThu,10:00,11:50,38,48.73765510132805,-122.48568487993742,main_campus,matched,
202620,Spring 2026,HIST 111 0,22082,Introduction to Western Civilization: Prehistory to 476,WL,Wilson Library,Wilson Library,164F,TueThu,14:00,15:50,48,48.73765510132805,-122.48568487993742,main_campus,matched,
